text,intent
Premium & when i️ have it on shuffle it turns off when the song is done and just plays in order and the repeat lights up but doesn’t repeat,Playback_Issue
i’m pissed my shuffle and repeat button just don’t fucking work and i’m getting frustrated,Playback_Issue
Groove Music quits & redirect to Spotify. But the W10M App is a bugfest.. Any further Updates possible?,App_Technical
"Desktop app still not working, but I got to see the cool thing (Easter egg) so I’m ecstatic! 😊😊",App_Technical
"That stinks. Can you make it a feature, off by default, that I can enable?",Feature_Request
"add lyrics to all songs on ur app pls, apple music can do it u can too",Music_Content
I need help with my account I keep getting charged for an account that is on the free subscription but was once premium,Payment_Refund
put this on spotify please,Music_Content
"I tried to upgrade to premium for 6.99 and my card was charged twice, and i am not even upgraded..please advice!",Payment_Refund
"hi. can you pretty, pretty please put the band ""jank"" back on spotify?",Music_Content
your customer service is poor.... today I was advised to change the password on my hacked account ... might be a challenge don’t you think ?!,Account_Security
Feature Request: Spotify playlists separated from personally made ones. Like does.,Feature_Request
"hi,can i shuffle all download music in one touch?",Playback_Issue
"Dear , why can I not listen to an Audiobook normal on the android app? Why does it only work on shuffle for non premium accounts? Sort of useless having the books available to those who don't subscribe.",Playback_Issue
Student discount via bdo card not working,Family_Student_Plan
I’m being charged for premium but my account is saying I’m not premium and won’t give me premium features?,Payment_Refund
Hey my premium family is gonna expire soon and until now none of my family members can even use it. fix it please,Family_Student_Plan
Put Gfriend’s song “Me Gustas Tu” back on Spotify before I cry myself to sleep,Music_Content
any idea why Spotify premium keeps saying ‘cannot play song’ on multiple tracks and artists?,Playback_Issue
can you please add a feature to only view from releases from artist you follow.,Feature_Request
can you please add a feature to only view releases from artist you follow.,Feature_Request
"hi i think im being charged twice, can you help??",Payment_Refund
Some idiot hacked my Spotify account and changed my email. Best believe I'm getting it back,Account_Security
Why don't you offer the same student discount to the teachers that teach the students? I'm sure would help.,Family_Student_Plan
Got back in to find mobile downloaded playlist deleted and download setting switched off.,Downloads_Offline
"Also: App sometimes suddenly just stops playing music altogether, related to that issues w/ Bluetooth devices (music also stops)",Playback_Issue
what's up with removing the browse/discover? It is the major reason I pay a premium family subscription!,Family_Student_Plan
i invited a new family member to enjoy premium and it said invite came from a person with a different name. Help!,Family_Student_Plan
There are no error messages. Ill try to play it and it just wont and this isnt the first time. Im just wondering why I cant play it,Playback_Issue
I tweeted you earlier today and have not heard back. Someone else is using my account again. This is the second time in a week.,Account_Security
"Ah, wonderful. A random person is listening to my Premium account in France. No idea how I've been hacked, but suppose it can happen on any service.",Account_Security
"why i cant play my playlist folder on iphone app? You are SPOTIFY,guys do it please!",Playback_Issue
can y’all add a feature where I can watch/ listen to adds for more skips? I’m too poor for premium,Feature_Request
"Yo , please add the album ""Guaranteed"" by Morris Day to your library!!",Feature_Request
please can someone tell me how to get shuffle working properly? 😂🙈 what's happened to the app?!,Playback_Issue
Same person) or a song followed by the remix of the same song. So frustrating I want random shuffle! It's the most recent app update on iOS,Playback_Issue
"Obviously they don't work. found workaround: Sort albums/artists by ""name"" then go back to ""songs"" & shuffle again. THIS IS NOT IMPROVEMENT!",Playback_Issue
Shuffling my entire library isn't giving me truly random shuffle. Fix it. smdh. 🤦‍♂️ about to go to pandora. Using Windows 8.1,Playback_Issue
Hey! I was kicked out of my family plan. How can I go back to Premium with that same plan?,Family_Student_Plan
"Nah, I have most my songs offline on my phone and it works perfectly perfect. And also nah, even Adobe Photoshop doesn't crash my laptop.",Downloads_Offline
how do i change my premium account to a student premium one?,Family_Student_Plan
Tried that but none of it works. Album is Modal Soul by Nujabes in mp3 format. I can see the files in spotify but they just wont play.,Playback_Issue
No longer getting the student discount from even though I'm still a student... Lame :(,Family_Student_Plan
"Bring back your NUS partnership, my education doesn't support UniDays and I'm not paying full price when it should be half price 😆",Family_Student_Plan
"feature request with more than 3000 votes, fully ignored",Feature_Request
please help! I just realized I’ve been getting double charged for my account since March!,Payment_Refund
why have you charged me £14.99 on the 18th of November as I upgraded my subscription and why have you then charged me £9.99 on the 26th of November for a standard premium spotify account. SORT OUT A REFUND ASAP!!!!,Payment_Refund
"Another glib reply to a basic feature request that's been out there for years. In the mean time my kids can hear the f, c and n words blaring out on the sonos. If apple music can do it so can you. In fact f it, I'm leaving spotify for Apple.",Feature_Request
"I think my account has been hacked, someone keeps playing music using Spotiamb 0.2.1 as a device - what do I do to resolve?",Account_Security
Help me fam. I already paid for premium acct. For but its still in free trial?,Premium_Subscription
been getting this error for the last couple hours and cannot login without my Facebook account. Any help?,Login_Issue
"music stream stops playing (on mac) says that another device is playing.. would like to know which one… (I have sonos, ipad, iphone etc etc) so I can disconnect the other source",Playback_Issue
"trying to add a family member to my subscription, but after logging in & entering correct address details, I get the ""oops try again"" error. Tried multiple invites & browsers",Family_Student_Plan
offline download limit. WHAAT. WHAAT. WHAAAAAT.,Downloads_Offline
I think my account has been hacked. Can you help. I've never used Firefox before and this kept popping up while I was listening on the go. Plus for a sketchy email,Account_Security
I just tried renewing my subscription and it charged me twice and hasn’t renewed it 🤔 sos,Payment_Refund
why doesn’t your shuffle function completely randomise playlists? It will just shuffle about 20 songs in a playlist of 3000 songs...,Playback_Issue
I had Spotify family but when I went to pay it just charged for a single plan. I don’t want to pay twice. What to do?,Payment_Refund
"Hi, Spotify. I applied for the student discount premium, got approved via email, and was already charged on my credit card but my account's subscription is still ""free"". I tried logging out everywhere/ sign in again but still it doesnt work. What else can I do?🙂",Family_Student_Plan
#feature request for As a user I want to see MY playlists that contain a song when I search for it in the search bar,Feature_Request
iPhone 6s with the most current operating system and Spotify version with a premium family account,Family_Student_Plan
see screenshot below - 'premium for family' page not working in internet explorer. Please can you fix so I can add a family member? Thanks,Family_Student_Plan
"Hi, I registered for Spotify's student discount a couple of weeks ago and sent in my details. They were verified by SheerID on the 13th Nov, however at that moment I forgot to click the link in the email to finalize the process. Now it's not working, is it too late?",Family_Student_Plan
"- Some lovely human hacked my account and changed my login credentials. Luckily this morning I had an antiquated circle called a cd, but I won’t last long without infinite variety. Help! #hacked #spotify #help",Account_Security
why did the app take €15 off me for premium (both regular premium and student premium) when my college is not on the list so I am not eligible for the student one?????? If I’ve paid for a student one I want my money back for the regular one then.,Family_Student_Plan
I think my account got hacked. But I can't contact you. Advise.,Account_Security
Why have I been charged twice for my subscription this month?,Payment_Refund
"All of my downloads disappeared overnight, from both authorized devices. The Spotify support page on this subject suggests a few possibilities, none apply to me. That is a huge user experience problem.",Downloads_Offline
I use Firefox Quantum on Mac OS Sierra version 10.12.6 on a late 2009 iMac desktop. Fairly often Spotify just won't let me play any music. I have to totally close Spotify and re-login for it to work again. Sometimes a browser reset is also necessary. Thanks for looking into this.,Playback_Issue
"Hey so this is the third time this happens, out of nowhere all my downloads disappear. ☹️ I went to listen to music offline today and found that I couldn't because they were all gone.",Downloads_Offline
have been charged twice $9.99 for a personal account when I want a family account for $14.99. Can you fix this...acct Cervelott,Payment_Refund
"Yo when will the shuffle finally get fixed. I'm so done with this like other thousands of people and after 2,5 years there is still no fix. Is there a fix coming in the short term or do we really need to start using other services, cause tbh i like sportify way more",Playback_Issue
"Yes, I'm still having this issue, I can't log in with my spotify account but I can log in with my Facebook account.",Login_Issue
Can you please update us on how long these problems will take to fix? I still can't log in due to them :/,Login_Issue
"My Spotify computer app has legit said ""offline"" for 4 months and every attempt that customer service has attempted has failed miserably.",Downloads_Offline
"I keep getting the message ""cannot play ... the connection to Spotify was lost"", what's going on?",Playback_Issue
"Looks like you're down again today, won't play on my desktop in Chrome or Firefox.",Playback_Issue
is there an issue with linking to Sonos? It won't play via Sonos or let me reauthorise!!!,Playback_Issue
someone hacked my account. Any help on how to change my e-mail address back?,Account_Security
You Just Cheated Me Out Of A $10 Spotify Card And Now I Want My Refund Back Right Now.,Payment_Refund
this is getting a bit ridiculous now tbh every morning i go onto my account ALL of my previous downloaded albums aren't downloaded anymore meaning i can't listen offline. why am i paying for this shit? does spotify really care?,Downloads_Offline
"Dear , my family member got kicked out from my family account. Can I look for my address on my account? is there any history to look what I write on my form? Thank you.",Family_Student_Plan
"spotify at first said no internet connection even though I have one. I cleared cache, uninstalled, reinstalled. Now I can't log in. Changed Facebook password, nothing works. Help!",Login_Issue
"hey y'all! I saw that reputation by Taylor Swift is in your library, but I can't play any of the songs besides the ones that were in your system prior to today. Can you tell me when the blacked-out songs will be available to stream?",Playback_Issue
"heeeeelp! Someone has changed my email and hacked my Spotify, now I can’t get back in 😕",Account_Security
"I need help resetting my password. I think someone hacked my account and changed it, but I was still able to log in through Facebook",Account_Security
"my wife is trying to accept my new Spotify Family plan and she's getting the error ""undefined - Oops something went wrong, please try again."" Please advise.",Family_Student_Plan
"Hi! My app is showing as offline. I originally thought it was an issue with my ISP, however everything else seems to be working.",Downloads_Offline
Is offline for anyone else?,Downloads_Offline
"Explain why Spotify has 1,600+ employees and can't play music without skipping, but Winamp was written by two people and does not skip.",Playback_Issue
I'm pretty close to unsubscribing to If my app doesn't stop crashing👿👿👿,App_Technical
"can you please add a ""mix-button""? So you can mix the songs on you're playlist?",Feature_Request
"I'm trying to get the Spotify Premium deal that is 3 months for $0.99 but when I try to buy it, it says ""This form has expired. Please reload the page and try again.""",Premium_Subscription
my mom is being charged every month for premium service but her account doesn't have premium features. She doesn't want spotify at all and she can't figure out how to quit being charged. Any help?,Payment_Refund
"Why have I had an email welcoming me to ""Premium for Family""? Is this marketing, or is my account compromised? I was on the old Unlimited plan.",Account_Security
"I just bought the premium account but on the app it still says that I have a free account so I am not getting the premium status, what should I do?",Premium_Subscription
why do you have to live at same address for a family plan?,Family_Student_Plan
Can you please help me? My account got hacked!,Account_Security
"Hello, recently I moved from Canada to the US for School, and wanted to sign up for the student discount. However, when I try to input my US Card, it gives me a ""the selected card is not available in this country"". And I am unable to change the country as well",Family_Student_Plan
Could you try adding more an error message when a file wont play? Could you try building in a way to resymcing specific files?,Playback_Issue
I am tryi g to invite a family member to spotify premium but error 600 shows up.,Family_Student_Plan
I think someone’s hacked my account and changed the email address registered so I can’t reset password. What do I need to do?,Account_Security
Electronic 80's (Ministry Of Sound) by Various Artists any reason why I can find this typing it in the Google browser but cannot find it in the Android app search . How many other albums are missing via the search?,Music_Content
SPOTIFY WONT LET ME PLAY THE NEW IONNALEE SONG GOD DAMMIT,Playback_Issue
what is a phone number I can reach you guys I need you to refund me my money you guys are charging me even though I’m part of a family plan,Payment_Refund
"So you kick me off my families Family Plan then your website isn't allowing me to accept the invitation while trying to get back on the plan, why?",Family_Student_Plan
I was just disconnected in a live chat right after my account was shut down to verify my payment. Someone was using my Spotify account. Now I can't log in to reconnect to live chat and verify my first receipt. What should I do?,Login_Issue
hi can you help? I can't log in my acc,Login_Issue
y’all charging me for an account I don’t have I want a refund now,Payment_Refund
it's 2017 why do I have a 3333 offline song limit on my spotify? Do you really want to get that 9.99 a month off me? Ps pls emulate their local files synching.,Downloads_Offline
"I can't log in to my account cos my account was set to offline, I click to go online while trying to log in and it just stays on a black screen?",Downloads_Offline
"Who should I send recommendations like these to?: Starred Playlists Search bar when adding a song An even more accurate “Discover Weekly” Boom, Equalify— companies for computers👌🏻, but phones? Incorporate #SpotEQ into your own app, etc.",Music_Content
"i found out that ive been getting charged with a premium in my itunes “subscription” but i have been unsubscribed since september and i’m just on my free account, i can’t find any help feature to reach out to your app CS",Premium_Subscription
"Hello there, I just upgraded my Spotify account into premium but whenever i open my Spotify it's not playing offline.",Downloads_Offline
your app sucks. I want a refund.,Payment_Refund
🚨🚨SEND HELP🚨🚨 my friends songs wont play not all but an exceptional few and they’re absolute bops we tweet this to you with high concerns but with high hopes of an answer 😁👍🏽,Playback_Issue
"when are you planning to sort out the #bug where it takes a good 60 seconds to add a track to a playlist when you are offline? It's been like this since ca mid-2014 (wasn't the case before). Still happening on iOS, even on beta 8.4.29. Driving me #mad.",Downloads_Offline
"A member of my family plan has an issue she cant join to the plan, it says""try again"" cause theres a problem, í send the inv like 4 times this week",Family_Student_Plan
"3rd time in less than a month. This time it wasn't just the albums that were deleted, but also the multiple playlists I had. No update, no offline mode. Why am I even paying for ""premium"" if the service is anything but that?",Downloads_Offline
"The one thing I'd really, really, really like is the ability to drop a song from the mix. That way I can enjoy the rest on repeat shuffle. Would be a nice feature",Playback_Issue
I don’t make any offline playlists so it’s just happening to my downloaded albums. Happens every week or so.,Downloads_Offline
"I purchase the 3 months for 9 pesos spotify premium , its not working",Premium_Subscription
Hi there! I lost my NUS discount since the change to UNIDAYS - they don't recognise my institution; is there anything you can do?,Family_Student_Plan
I had premium via family plan. It was canceled. Got it again. My account info was erased from families account. Don't know my email or password I used. I only know my username. Please help me!,Family_Student_Plan
I have signed up for premium and the money has come out of my account. I have logged out then in but still not working. It is the right account and right email so it couldn’t of gone to the wrong account and I still haven’t received the emailed receipt. Help please,Premium_Subscription
hi. My account was hacked and I've sent a mail to your support team on Wednesday. No response yet and locked out of account still. Any update?,Account_Security
Sweet. I e-mailed The swedish support two weeks ago but they haven't answered. I keep getting logged out from my account and can't log in without reinstalling the app. This deletes all my downloaded playlists. What can I do?,Login_Issue
I can't log in from Poland in Linux app.,Login_Issue
hey why can i play any music even on shuffle without having premium?,Playback_Issue
why do i have a 3333 offline song limit on my spotify?,Downloads_Offline
this is the second time this has happened. I got charged twice and I wanna cancel and get my money back,Payment_Refund
"My student premium account is due to expire, but I can’t verify on the Unidays website... any chance you could PM me please?",Family_Student_Plan
"Yep, hacked. Your anti fraud systems are shit. A couple of accounts added to my family account. Can you please check what else has been done to my account?",Account_Security
I went to add student premium to my account but the sign in through university didn’t go through but I still got charged $4.99 but I don’t have premium.. I want to cancel but it shows no subscriptions,Payment_Refund
I just paid for Premium service via your webpage with Facebook login yet my account is still showing only free service.,Premium_Subscription
", I'm having issues with my student premium with hulu...any help?",Family_Student_Plan
I wanted to apply but the link doesn't work do you have any email from the Berlin offices? Thx,App_Technical
I am trying to sign up for the invite for the premium family subscription but after I sign in all the information it states there is error try again,Family_Student_Plan
I’ve noticed that shuffle hasn’t been working for me lately. It will start on a random song but then just continue through the playlist normally. Any reason?,Playback_Issue
"my spofity plan was originally the student discount membership, however now i see you've been charging me 10 pounds a month...why? im still a student...",Family_Student_Plan
the ios beta update screws with spotify. my music stops any time i get a notification and wont play unless i reopen the app. please look into this,Playback_Issue
- ads are playing on my premium sub and I can’t play any of my music - clicking a song from within a playlist causes the green ‘shuffle play’ button at the top to pulse but then nothing happens... 🧐,Playback_Issue
1 day has almost passed and #RIDE is still not available on spotify in germany I WILL SUE,Music_Content
me and my wife have separate spotify accounts but we want to get the family plan. Do one of us have cancel an account and get invited to the family plan? what about the payment plan? do the single accounts automatically switch to the family account?,Family_Student_Plan
I joined a Family plan and updated my address to reflect my current home address but it does not update my home zip code in my account.,Family_Student_Plan
"the ""Time Capsule"" playlist you made for me is great but it's ALL songs on my main playlist that just never come up on shuffle. Why do the same 20-25 songs ALWAYS play?",Playback_Issue
"Thanks for getting back to me. My question is - when you ""shuffle"" a playlist is it truly random? For at least the past year it feels like the same songs keep coming up even though there are over 2k on the playlist.",Playback_Issue
Hey feature request. A button that stops Christmas songs playing before 1st December. Thanks.,Feature_Request
I need help with my family account. My wife can't login with the email invite I sent.,Login_Issue
"why is my desktop player always going ""can't play the current song"" after 6 seconds on ANY track. Annoying.",Playback_Issue
"cant play music, only lets me start a radio station based on songs",Playback_Issue
"hey just a quick request, someone I don't know keeps accessing my account & adding random trashy music thru connecting devices & I'd really like it to stop thanks!",Music_Content
"Hi, i paid and it was already charged to my card, but my account is not premium",Payment_Refund
Cant play anything! Is it just me or..?,Playback_Issue
"if I have premium family account with Spotify, and I'm a student, can I still get the Hulu bundle?",Family_Student_Plan
I have a student premium acct. and for the past 2 months ive been charged full price and have not had access to hulu nor could i find a solution on the community forums/pages,Family_Student_Plan
just got super buggy after the last update. Can't play any songs from album-only view #PleaseFixItQuickly 💚💚💚 #ITurnedItOffAndOnAlready,Playback_Issue
"I wish there was a way to put multiple artists in a radio station. Like, if I only wanted to listen to 3 bands and shuffle between their songs.",Playback_Issue
can't play any music in album page on Windows 7 64-bit version 1.0.68.407.g6864aaaf. all other music plays fine. attached image to show what it looks like when i try to play a song from album page. if i play the exact same album in my files it works fine.,Playback_Issue
I can't play albums/singles on the desktop. I can only play them from the artist page.,Playback_Issue
"please help. I constantly get ""Error 500"" while trying to verify my student premium account. (The problem is that I can't finish my purchase). Can I do something? Or not?",Family_Student_Plan
it would be great if when I purchased a gift it got sent when you took the money for it. Still waiting and haven't received a emailed receipt either.,Feature_Request
"Hey. Can't download anything from the Android app. Offline mode is off, Download using cell data is on, I'm on premium, got fast and reliable data connectivity. What's wrong? Help me. ASAP",Downloads_Offline
Hi . I'm a student but I can't get the student discount offered as UNiDAYS don't cover my course. Got my NUS card to hand if you need proof,Family_Student_Plan
Well don't you think you should re-evaluate your advertising campaign to 'UNiDAYS members' rather than 'students'?,Family_Student_Plan
"Having some playback issues. Web player and app both won't play ""in album"" on my laptop. Clicking same song on artist front page works, but not in album itself. Any suggestions?",Playback_Issue
hubby and I trying to combine our Spotify and work off that turkey. Can't do w/o music! Can't add him to the plan - clicking to add family member & blank screen. On Mac OS over web.,Family_Student_Plan
make a better app. Won't even load the page so I can update payment method 👌 real quality app here crashing every time I try..,App_Technical
I installed the app and trying to signing up with Facebook and mail also but it's not working 😥,App_Technical
Why this app doesn't work in India ??,App_Technical
Seems Spotify desktop client doesn't like VPN. While connected to VPN Spotify 1.0.63.617 claims it's offline (error code 4).,Downloads_Offline
let me sign up for the student discount damnit i'm trying to be a good person here,Family_Student_Plan
"biked 26 mintues and got 3 commercial blocks, for 30min addfree music. Also keeps saying I should watch a clip but I'm on mobile, listening",Music_Content
"I don't like latest changes. Controls fade away and album art zoomed in too much, missing sides. Please revert. #thinktwice",Music_Content
Microsoft is promoting their Music Pass Costumers to Spotify but you're Mobile App is Crashing after 10Minutes of use and is not up-to-date.,App_Technical
yas you should add their solo' single to that playlist!! it would be nice and makes a lot of fans very happy!! thxx,Feature_Request
"whenever I try to connect my student premium to my Hulu, I get this. Please help",Family_Student_Plan
I was charged for a premium for family account despite never signing up for it- why did this happen and can I get a refund?,Payment_Refund
having issues with the shuffle when connected through bluetooth on my car. i have iOS11.0.1 and a Mazda vehicle.,Playback_Issue
need some help figuring out the family plan. Setting up one for my mom but the account isnt working.,Family_Student_Plan
"Issue w/Spotify on WinMobile 10. Keeps saying can't connect audio, restart. Either that or just wont play. TIA #windows10",Playback_Issue
wait so if I already have Spotify Premium at a student discount does that mean I still have to pay again for Hulu? I’m confused please help?,Family_Student_Plan
"whenever I try and share a playlist or so on my Android phone the app crashes. Android 8.0, Spotify version 8.4.21.508",App_Technical
I was just informed that I was upgraded to the Family plan (not by choice). I did not do this. Why would this happen?,Family_Student_Plan
"hi, I just want to double check that I put my address in correctly for the family plan. Is there some way to check that?",Family_Student_Plan
seems to be a problem with a specific playlist that has a lot of offline content. i switched to my daily mix and i can connect to devices. but i can’t go back to the content i wanted; i get this:,Downloads_Offline
"Just to inform everyone, I got the Spotify/Hulu student discount. So no one will probably see me these next few days.",Family_Student_Plan
Hi - all my offline tracks (everything in my 'songs') keep greying out. Happening like 2/3 times a month. Is there a fix?,Downloads_Offline
"I am unable to use Unidays as I am studying the ACCA qualification. I have a validated NUS, is there nothing I can do? Thanks",Family_Student_Plan
please add Nujabes to the library,Feature_Request
That big green shuffle button should be Play not shuffle,Playback_Issue
How do I disable shuffle?,Playback_Issue
premium acc. Searching for album. Want to listen in full. Green button is shuffle play. How do I play all tracks & clear que?,Playback_Issue
can I download albums to hear offline at the computer or this is available only to playlists?,Downloads_Offline
"what does shuffle even mean? I've had the same 3 artists for the last 20 songs now. Thousands of songs, and this still happens?",Playback_Issue
#newfeature add song to multiple playlists at one time please!,Music_Content
trying to add family member,Family_Student_Plan
"Yo, Everytime I shuffle my playlist it keeps on playing them in the same order. It's like the shuffle isn't random. pls fix :(",Playback_Issue
Now seems I can use storage device to save. Bt the song I've been downloaded can't play offline. I hv to re-download. Where's all my songs?,Downloads_Offline
"please add the ability to have a ""Stop"" button, that can be right clicked and ""Stop playback after current song"" be an option?",Music_Content
Manuelly do the arrangement. So I can I have the right order of like 10 songs without putting it on shuffle. And it being out of order,Playback_Issue
having issues connecting to the internet on a desktop. Says I'm offline when I have full internet connection,Downloads_Offline
hi! I’m already on premium and want to upgrade to family. Do i get charged twice for it once I do the upgrade?,Payment_Refund
I have to pay if I want to not shuffle through my own personal music that I own from CDs? Are you serious?,Playback_Issue
So that's a yes? I have to pay to not shuffle my personal music?,Playback_Issue
my account got hacked and i need the email to get back into the account but the email used isnt mine so can you guys please,Account_Security
"Hey! I was charged twice for october since i signed up for the student rate, can i have a refund please!",Payment_Refund
Still can’t access my account as someone has hacked it. If my playlists have gone I’ll be devastated 😢,Account_Security
"Unfortunately not, I’ve also tried uninstalling and reinstalling the app but that’s not working either",App_Technical
any big fixes yet for iOS 11? Not been able to use shuffle/repeat when connecting to my car (Mazda 6) since the latest update,Playback_Issue
"Hi ,my brothers and I,have problems to log in the Premium Family Plan. Can you help us asap?Is not a free service,thanks",Family_Student_Plan
"Hey , I'm getting real tired of not being able to listen to music and have the app crash all the time. Please fix it.",App_Technical
: Dear Mr. Spotify your shuffle feature is not random.,Playback_Issue
Every other day my account logs out & can't log back in as I get an offline error? What's the point in having offline music?,Downloads_Offline
Hello! Why is Invisible Man by 98 degrees not available on Spotify? Not the acoustic one. Can it be made available?,Music_Content
please add Code Red songs..🙂,Feature_Request
"why am I limited to 3,333 songs offline? I just feel like if I'm paying it should be a lot higher than that :/",Downloads_Offline
"login button on the app doesn't work, help!!",App_Technical
"I have a problem with Shuffle, it doesn't work in my car (Mazda 6 2014).. when I connect, the shuffle sign turns off..",Playback_Issue
Can you help me with my student premium account?,Family_Student_Plan
hi! I've had a problem with my Spotify for over a month now. The app for my phone keeps telling me I'm offline. Please help me,Downloads_Offline
"Hey and , could we consider implementing a stateful shuffle? Need Help? I'm looking for a new Software Dev role in NYC",Playback_Issue
"My account shows Premium Family at work where I listen to spotify, but my iphone subscription shows FREE & I can't dload etc",Family_Student_Plan
No it's a downloaded playlist. It stops playing half way through the song. You can't skip forward or back then the app crashes,Playback_Issue
um i just went to put together a little xtina playlist for my shower only to find back to basics isn’t on spotify anymore???,Music_Content
I am a student and just realized I've been getting charged $10 instead of $5 the last 3 months without any notification.. I would like a refund.,Payment_Refund
I left because I can't get my free trial to work offline and there is no one to talk to to help. And I really really wanted this 😢😢,Downloads_Offline
is this a CarPlay bug in iOS11 or a Spotify app specific bug for CarPlay? 🤔🤔🤔,App_Technical
How? I've been using the Spotify student premium but how do I use it for Hulu??,Family_Student_Plan
I’ve been overcharged for my premium subscription,Payment_Refund
fix your shuffle button,Playback_Issue
"So, almost half of Chris Knight songs are missing. Especially the most popular.",Music_Content
"2/2 I realize the application is in maintenance mode which means no new features, but it should mean bug fixes for paying customers.",App_Technical
what’s wrong with your app.. songs keep crashing and skipping #spotify,App_Technical
When will Harry’s cover of The Chain be put on Spotify I’m tired of waiting,Music_Content
"help, I can’t add my sister in to my family plan, error 3 appears",Family_Student_Plan
I have been charged a third time today! That's a total of £17 for one months membership. Please refund this back with compensation,Payment_Refund
i need help with my family plan,Family_Student_Plan
any way i can get access to hulu even if I have a family plan? Still a college student & I pay for the family account,Family_Student_Plan
"for some reason, i cannot play any Beck songs on my desktop app. I have no problems playing anything else. ""this song is not avail""",Playback_Issue
"I love you, , but can we get an ACTUAL shuffle instead of just one alternate order? Am I making sense? Hello, are you there? I c",Playback_Issue
Does student discount only last for so long? I was getting the student discount then suddenly started getting charged the 10$ instead,Family_Student_Plan
Just canceled my premium subscription and not interested in using the rest of the month. Any way I can get a refund?,Payment_Refund
I can't login to my Spotify acct thru the Groove app to move my music over. Checked the credentials on my phone too,Login_Issue
"The app crashes everytime I try to share a song, then it restarts playing the previous song.",App_Technical
"Hi, i'im ima, seems like my premium account has been hacked & i can't login via username/email, what to do?",Account_Security
For YEARS I've been paying for Spotify. I don't USE Spotify...EVER. Please cancel my scrip and refund the $ you just took . Thanks. Rich Briere 01040,Payment_Refund
Invoice ID P039C2031A 10/2 Thanks. Refund as many months as you'd like to my PayPal account.. :),Payment_Refund
Hey I signed up for the student discount Hulu/Spotify Bundle but I can only log into Hulu and not Spotify?,Family_Student_Plan
can someone help me get a refund. I cancelled my supscription but still got charged.,Payment_Refund
"I have an account with Spotify, but since a few weeks I cannot login to Spotify on my Mobile. On PC OK",Login_Issue
hello. Just wondering with the family plan how you determine everyone resides at the same address. Can’t find it on the website?,Family_Student_Plan
"Still hasn't helped, won't play on bus wifi and won't play when I go off the app either..",Playback_Issue
Where the songs at tho? Pressing shuffle play does nothing btw,Playback_Issue
"got a bug report for you: whenever I hit the share button on a song Spotify crashes. Android user, Google pixel 😊",App_Technical
"I'm not a student again, how do I transfer my premium to student premium?",Family_Student_Plan
I've paid for the premium account but it's still not working can I know why pls?,Premium_Subscription
can you add some Got7 and Twice already....more than just one song each. Please and thank you 💕,Music_Content
"I got the student discount and it went through successfully, but it keeps going away and putting me at the normal rate",Family_Student_Plan
"Can't login as of this morning. Tries to let me log in for a few seconds, then kicks me out. Also won't let me change pass.",Login_Issue
my account was hacked and someone listened to a bunch of really offensive music on my account. now my discover weekly is f'ed. help,Account_Security
add a feature where we can see our most played songs and artists pleeeasseeeeee,Feature_Request
I'm locked out of my account and I'm thinking it must be hacked. I went to the help page but there are no options for my problem,Account_Security
I usually have my library saved. But the app randomly deleted it & streamed instead. Shouldn't HAVE 2 run offline mode if I can save songs,Downloads_Offline
please help I've been overcharged....,Payment_Refund
why do I ONLY have the option to shuffle play? I just want to hear ONE song. But won’t work 🤦🏽‍♀️🤷🏽‍♀️,Playback_Issue
hi. I've got a question. I tried to applied to Student Discount but it wasn't completed. I provided my card details and the transaction is pending. However it doesn't make sense if the subscription wasn't completed? What could I do?,Family_Student_Plan
Sorted. Had to delete my list of offline devices but it seems to have worked. Cheers.,Downloads_Offline
"always whatever the latest episode is - changes. click it, jumps to past ep but won't play. iPhone, OS 10.3.3. Spotify v 8.4.20.535",Playback_Issue
Hi are you working on a futur Windows Universal App? Can you add the feature allowing us to set Spotify as default music App?,Music_Content
"👋 Hi! I’ve signed up to a Family Plan and my wife is marked as `Active`, but her accounts keeps showing up as free. Help!",Family_Student_Plan
"Here it is! Can't play the ad, can't skip, and can't play any playlist or song. No ad-blocker turned on, either. Thx in advance!",Playback_Issue
"Hey, , my account is frozen on an ad and won't play in any browser. Can't play the ad OR my music. Pls help!",Playback_Issue
why was I charged twice and yet did not receive this deal? I’m still on Spotify free!!,Payment_Refund
"My guest can not join the family plan, I already sent him the invitation.",Family_Student_Plan
"I don’t really know, and when the problem happened I had one of my playlists not saved for offline. How can you check?",Downloads_Offline
"Hi, I can't login on android. App keeps telling me the device is offline. When I press""connect"", nothing happens. Please help",Downloads_Offline
So far not so good ... can't play my own music... :( trying to make a playlist... but no song is available in Spotify :( .... HAAA,Playback_Issue
but how about the fact that i literally cannot use the shuffle option? any way around that?,Playback_Issue
"loads of my spotify songs just un-downloaded, and i can’t shuffle any of my playlists? or any songs at all, what’s going on ?",Playback_Issue
"Hi, I signed up for Premium accidentally and have now unsubscribed. I have not used the service. How do I get a refund? Thx",Payment_Refund
My account email has been changed by someone else and I can't login or get a new login or send you an email or call you....,Login_Issue
just wondering how much longer until I can get Rammstein's album Liebe Ist Fur Alle Da and any other parts of their catalog back? Really missing Ich Tu Dir Weh right now! If it's gonna be awhile I may have to think about switching.,Music_Content
. feature request: when playing a playlist or album have a position indicator maybe dots or a bar under album art thx luv u,Feature_Request
can you please check your dms??? My account has been hacked and I’ve been trying to get help for over an hour now,Account_Security
it would be great if users could remove albums/bands from their discover tab. I'll probably never listen to Ministry Filth Pig.,Feature_Request
I'm on my laptop (a chromebook) and it won't let me play any songs but will on my phone.,Playback_Issue
"no messaged or anything it just won't play any songs,I've tried restarting computer logging out both off my phone and laptop.",Playback_Issue
Been trying to upgrade to family plan. Everyone else's Spotify is working in the plan but not me. I need to know why.,Family_Student_Plan
If I had a single account and am now part of a family plan will my single subscription billing get automatically cancelled?,Family_Student_Plan
Can you put cover of The Chain by Fleetwood Mac on spotify thanks,Music_Content
yes hi hello can you add the Lootera movie soundtrack !! And more Hindi and Tamil music onto your lovely streaming database :},Music_Content
Hello i was hacked and i cant get into my account anymore can you help,Account_Security
"Since upgrading to iOS11 Spotify won’t let me shuffle my songs on my playlists, please help",Playback_Issue
-gets priority and plays from there. I have to go into Airplane mode while it's connected to another device just to go Offline. Ridiculous.,Downloads_Offline
"Hey , very curious as to why the Spotify connect feature hasn't been resolved. I should not have to go offline to turn it off.",Downloads_Offline
"i know you’re not the ones to do it but make them add this song by Fergie and Nicki Minaj, it could be a hit 😭",Music_Content
Hey you been charging me twice for over 19 months and I just noticed. I need a refund....,Payment_Refund
in 4 months I've had my offline downloads cleared three times for no reason #whatamipayingfor,Downloads_Offline
if you care please add Expensive Girl by Kim Namjoon onto Spotify,Feature_Request
"Hello, I’m having issues upgrading to Premium with the Student Discount plan; the system’s unable to verify my student status",Family_Student_Plan
I paid for a student discount and it went through in my bank account. Theres no indication that theres a pending status,Family_Student_Plan
". needs a “You’ve skipped over this song literally every time it’s come on shuffle, would you like to remove it from your library” feature",Playback_Issue
What if I already have Spotify premium with the student discount? Help me out please,Family_Student_Plan
could you add a music video section would be great to add to my trips,Music_Content
"Why cant I post to tumblr anymore, has the permission but wont log in",Login_Issue
I don't use because when I try to share a playlist in the Android app on the latest version it crashes the app...pathetic...,App_Technical
"Please please please add Seo Taiji's Album ""Ultramania"" on spotify!!! did I say please?",Feature_Request
Why do your webpage skip me to Spotify Premium Family when I fucking click on ordinary Premium? I don't have a family. Stop it.,Family_Student_Plan
I am unable to log in on your website. Pretty much everything i click on throws an error saying to many redirects. I have tried multiple browsers and cleared the cookies on them still no luck.,Login_Issue
"offline mode slider won't show on macbook desktop, how to fix? I have premium with 1 other device connected. have reinstalled",Downloads_Offline
please please please please get rid of the 3k offline download limit my plants are dying,Downloads_Offline
"none of those answers are appropriate, its a bug ive seen many complain about. so i just have to reinstall & re save every 2 months? cool.",App_Technical
can you please put the song YuNg BrAtZ by XXXTentacion on Spotify please?,Music_Content
"You can see it says ""confirmation, about to join the family plan of...""",Family_Student_Plan
why am I not able to add a family member to Spotify family? Keep receiving this error.,Family_Student_Plan
when you wake up I'm going to need a refund,Payment_Refund
I just wish however hacked my Spotify account and is somehow changing what I’m playing in my home had better music tastes.,Account_Security
I paid for my subscription on the 5th. Is there any way I can stop service sooner than a month from now and get a refund?,Payment_Refund
"My student discount/hulu isn't working even after doing the steps in the FAQ, what's your email?",Family_Student_Plan
"please can you contact me concerning my daughters account being hacked, we are in a family premium",Account_Security
"Hey, I cant play certain artists for some reason. Frank ocean for ex. Could you pls help. Using the app on my Samsung A5 2017",Playback_Issue
"Thank you. Not sure how 2600 songs ended on shuffle, but I turned off Autoplay.",Playback_Issue
"I'm having issues where even though songs are downloaded and in my playlist, they won't play.",Playback_Issue
Premium. How do I upgrade to a Petty Premium that only plays Tom Petty? I don’t need any additional music (except maybe traveling Wilburys),Music_Content
whatever updates you made to the app make my phone crash when I try to share a song on a Google Pixel.,App_Technical
"Hi, i paid for my premium account but it still free, i paid yesterday at Oxxo",Premium_Subscription
"seems like my spotify account has been hacked, I cant login with facebook since yesterday. Can you help me retrieve it please?",Account_Security
Any ETA on the ongoing app crashing via sharing song issue? Approaching a week without a resolution. What am I paying for? Please credit me!,App_Technical
need help acct hacked,Account_Security
it says im offline on the desktop app but im connected to the wifi...and for the webplayer it’s stuck on an ad that wont play...,Downloads_Offline
"Hey, . Please add a sleep timer. Thanks 😘",Feature_Request
"I cant login to my account, and someone changed the email to reset the password. is there a phone # to contact you guys?",Login_Issue
pls I’m pretty sure this is not what u call a shuffle lol,Playback_Issue
make a setting where in Offline mode you only see downloaded albums. Saved albums are useless to me when im in offline mode!,Downloads_Offline
I connect via Bluetooth. Restarting makes no difference. I also have Bluetooth headphones that shuffle fine when connected.,Playback_Issue
having issues where shuffle won’t shuffle in car with iOS 11.,Playback_Issue
it actually got charged twice,Payment_Refund
"I'm having problems with my new family plan- When My family tries to join and enter our address, the error says ""4 - Oops something went wrong, please try again.""",Family_Student_Plan
"I can't play music on Windows 10 via native app, Store app nor Chrome: ""song not available"". It works on iOS/Android. Any clue?",Playback_Issue
"I'm trying to change my address on my family plan, it says I need to create a new account, can i use facebook again?",Family_Student_Plan
why does my shuffle keep turning off 😩 every time I skip a song it turns itself off and I can’t fix it,Playback_Issue
my student discount wasn’t applied to this months bill and I’m not paying £10? Please can you sort,Family_Student_Plan
"i've been charged student rate and full rate twice, whats the story? should only be student rate",Payment_Refund
. the Google Pixel version of the mobile App has a glitch . Every time I hit the share button it crashes. Please fix.,App_Technical
would I have to cancel my premium account in order to sign up for the student discount?,Family_Student_Plan
why does my Spotify stop playing while offline? It is songs I've downloaded and haven't had the issue until yesterday.,Downloads_Offline
has me all the way fucked up because I CANT PLAY HALF MY MUSIC.,Playback_Issue
What's going on with the Spotify Premium Family account? My wife and cousins got kicked off and are not able to sign up?,Family_Student_Plan
"i was listening to a song that was not previously greyed out, now i cant click on another song to play and it wont play the one i'm stuck on",Playback_Issue
"my premium sub is not working. Included in phone plan, provider says its u the prob. Help? Cant find a f-ing phone or chat # 4 U.",Premium_Subscription
why does my Spotify play one song and then just stop and when I go to press play it won’t let me ???,Playback_Issue
"Oh, I can't stream them from my cloud? I'm being forced off groove, and am looking for equal capability. Offline playlist for dual cloud.",Downloads_Offline
can I stream my cloud music and use subscription music offline both on the same playlist?,Downloads_Offline
you have a great shuffle going on here...,Playback_Issue
My premium account has been hacked! Email has changed. Can't log in to ABV73. PLEASE HELP,Account_Security
"I just received an email saying my account email has been changed, and now I can't log in. Hacked? Please help!",Account_Security
"Someone has hacked into my spotify account, changed the email address and password. I am unable to log in.",Account_Security
Says everyone plays ther own but is that in online mode aswell as offline,Downloads_Offline
just got an email from you that my email address was changed with you. I didn't change it + now I can't log in. Please advise,Login_Issue
put rbd discography on spotify pls:(,Music_Content
"I'll def send a screenshot if it happens again. There's no error message. Music stops, I check the page, it is the ""sign up"" or ""login"" page",Playback_Issue
hey since you're the biggest music streaming platform in the world can you make the shuffle feature actually shuffle thanks,Playback_Issue
put Tool on spotify ❤️,Music_Content
"I’m still having this issue. It seems others are too based on this forum thread. Are your app devs working on it? They need to fix it ASAP. I’m paying for premium, and It’s very annoying not to be able to shuffle!",Playback_Issue
"I have Spotify premium, version 8.4.24.506. I make sure to select shuffle, but it just deselects and goes to the next alphabetical artist.",Playback_Issue
"Since I updated my iPhone to iOS 11.0.3, shuffle doesn’t work when I’m Bluetooth connected in my 2015 Mazda 6. Is there a fix?",Playback_Issue
"Hey uhhhh I was attempting to set up Student Premium, I stopped midway through, and still got charged $5, without getting premium.",Family_Student_Plan
Hey thanks for replying so fast I don't get any message it just won't play.,Playback_Issue
Dear there're some problems with #ElDorado I cannot play some songs,Playback_Issue
"if I already have student premium, how do I add Hulu?",Family_Student_Plan
"is driving me mad. There are video ads by that won't play on my mobile so they cause the app to freeze and disrupt my music. This problem could be solved if I wasn't too cheap to pay for premium, but I'm poor... #pleasefix #FirstWorldProblems #studentlife",Playback_Issue
Spotify still won't play #DemiLovato. The problem effects all of her albums.,Playback_Issue
"I have someone who hacked my account and is now using it, anyway to stop this",Account_Security
"cannot log into my Spotify account, I’m not even receiving email to reset password so I’m assuming I’ve been hacked",Account_Security
"- my shuffle has gone all wonky again: Multi-thousand track playlist, shuffle only sees first half-dozen albums. Premium Sub.",Playback_Issue
Paid for Premium but my account is still set a free. Also I am being charged 12.99Eur when your website says 9.99Eur.,Premium_Subscription
needs to add jojo's music back. idk what's taking so long. 😡,Music_Content
sucks at shuffling. It will only shuffle the last 3 albums of a bands total albums. This is the case for Emmure anyway.,Playback_Issue
"I just got kicked off my family plan and can’t get back on it. Every time I put in the confirmation, “something went wrong”",Family_Student_Plan
"When I shuffle stand up comedy the last thing I want suggested is Katy Perry, Miley Cyrus, and DEFINITELY not Coldplay.",Playback_Issue
i can't play any song,Playback_Issue
"Hey, I'm having trouble using the desktop app. I've tried reinstalling & it's still not working. Help!",App_Technical
"I have a 2,000 song playlist on but I only hear about 30 of the same songs on shuffle.",Playback_Issue
When I click a song nothing happens and the “shuffle” button shakes... I’ve recorded my screen to you...,Playback_Issue
"My spotify won't play kesha, every other artist seems to work fine. Just trying to hear some praying",Playback_Issue
"I've done that, it hasn't been helping. I noticed it doesn't stay in offline mode either.",Downloads_Offline
Ggrrrrr.... i hate i already paid for premium but im still in free mode... shujada maskara... 😡😠,Premium_Subscription
here’s a suggestion - can you add a feature to allow shuffling of full albums in a playlist? (rather than shuffle songs only),Playback_Issue
Dearest what has happened to your app that has made my offline albums and playlists dumped? Confused and annoyed,Downloads_Offline
having issues with premium not working for my account on mobile device,Premium_Subscription
hi! why isn't there a spotify app for Windows Surface 2? the web player doesn't work :( very disappointing :((,App_Technical
"""You can get a family plan for cheaper."" ""Will kids lose current lists?"" ""Hmm good Q, maybe knows"" #overheardinnyc",Family_Student_Plan
Several Spotify customers were genuinely concerned that they had been hacked and your solution was to ignore their questions. Not very good is it?,Account_Security
Have you been hacked? Yes or No?,Account_Security
Why does the shuffle function in your iPhone app constantly NOT work properly?,Playback_Issue
"Hi, I am unable to login on the web player! I am on Chrome and I have mac os high sierra :(",Login_Issue
can you tell me why I've been charged £15 for my Spotify this month when I usually pay £4.99 for student premium?🤔,Family_Student_Plan
can't login with my Spotify account. Neither Android app not website. Known issue?,Login_Issue
My account was hacked/compromised. I’ve regained access and changed my password but I noticed there were members added to my family that I do not know. I deleted the members I do not know. Just want to make sure I do not have to do anything else.,Account_Security
why the fuck are there so many ads on ? like as if listening to albums on shuffle isnt disturbing enough smh,Playback_Issue
I can't login or change my credentials. The CSRF token is invalid. Please try to resubmit the form. Thats the error I see. HELP PLEASE!,Login_Issue
"is the system down, cannot login on any system",Login_Issue
all the members on my family plan got kicked off and it won’t let me add them back. I tried to add one of our housemates who is visiting family for a few months in Japan and I think that caused a verification issue. Can I get some support cause the squad is cheesed!,Family_Student_Plan
why is your shuffle so bad? I can’t even understand why in a playlist of 40 songs it plays 10 songs from the same album back to back.,Playback_Issue
"how do I get my favourite podcasts added so I can use you for music and podcasts, I need my and !",Music_Content
so my account is hacked into again. This is the 3rd time in the past 6 months and I've changed my password several times. Can you please help fix this. I don't want to keep paying for premium if someone else keeps hacking into my account,Account_Security
"I can't log in to my account and i'm a premium member. when I try to go to the password reset page, I get error: ""The CSRF token is invalid. Please try to resubmit the form."" - this has been going on for 3 days. HELP!!",Login_Issue
please please please can you add explicit filters so that I can allow my 7 year old daughter to listen to music without running the risk of hearing about f*cking and b*tches in songs. It is inexcusable that you don’t have this function.,Music_Content
Reputation still not available on spotify ph,Music_Content
I was charged for Premium even though I cancelled a day before ny pay was due. Please cancel my premium and refund me,Payment_Refund
"Hey, please add 'Is Your Love Enough?' by on Today's Top Hits! This song have so potential and deserves it!",Music_Content
"Why can't my brother start his spotify premium for 0.99? It keeps telling him "" This form has expired. Please reload the page and try again. "" for some odd reason.",Premium_Subscription
ill cant log in and when i try to chabge my password it says the code timed out,Login_Issue
id::93__credit_card__: My account was hacked/compromised. I’ve regained access and changed my password but I noticed there w,Account_Security
"Hi, So I recently bought premium, 3 months for a tenner.. Now when I check my account details, it only shows that I have a free account. So I can't the subscription at all. I cancelled the recurring payment trough paypal though, but want to be sure It's all good.",Premium_Subscription
"my Spotify account has been hacked, I am very unhappy and would like a reply please.",Account_Security
"The app on my Galaxy S8+ seems to be broken. When I attempt to launch it, I see nothing but a black screen. Also, it constantly switches to offline mode between listening sessions. HELP",Downloads_Offline
"A restart seems to have fixed the black screen issue. However it still switches to offline mode between sessions (on both wifi and data,).",Downloads_Offline
feature request for : Discovery Weekly with no explicit lyrics so I can play with my kids in the car. Thanks! Same for other playlists.,Feature_Request
"just a black screen nothing loads ,and secondly i can't log in but i found a mozilla app a few minutes and it is all black too",Login_Issue
".... seriously, when is an ""explicit lyric filter"" coming? I'd like to make full use of the Family Plan I'm paying for, but you're making it a little difficult. Is this really that hard to do?",Family_Student_Plan
"It just keep showing this ads and I need kill the app to remove it, the dismiss button is not working",App_Technical
hi just upgraded to premium family accidentally clicked upgrade twice worried I will be charged twice,Payment_Refund
"can we do s/t about how when i search my saved songs, it only plays the ONE song? aka the queue is empty? sometimes i wanna start my shuffle with a song and having to scroll through all of them for one song is a lot. i mean, im not dying but it's a lot. thanks gf!",Playback_Issue
I can't switch to online if I'm unable to log in. please fix this or do not charge my account.,Login_Issue
"i has been processed for subscription spotify student but i cancel before finished the transaction,and my debit has been paymented for that. Can i refund for my money?",Payment_Refund
"Have been trying to add a family member in my Family Premium list and kept being rejected. I can’t seem to check my address information to see if there’s any problems with typo/format. Help, please!",Family_Student_Plan
I cannot login nor reset my password. Keep seeing this message: The CSRF token is invalid. Please try to resubmit the form.,Login_Issue
can you please add a sleep timer !!,Feature_Request
how come the songs beggin’ and can’t take my eyes off of you are missing from jersey boys movie album and it says that theyres 25 song but they’re is only 18 seven are missing fix this plz and they used to be there,Music_Content
put on spotify already,Music_Content
My premium account has become inactive sadly. It won't let me do anything. Go to a free account update or anything,Premium_Subscription
"No, I was not using Hulu before. Whenever I opted for Hulu with my Spotify Premium (Student Discount), it began to charge me $9.99 (plus tax) instead of $4.99 (plus tax). I never have any luck with this stuff.",Family_Student_Plan
hi. I’ve just changed phones and now I can’t log in to Spotify. I can’t even get passed this screen. I’ve uninstalled & reinstalled the app. Still not working,App_Technical
"please sort your app out. Fed up of leaving the house to find the app has decided to switch storage and remove my downloads, I'm paying for a service that doesn't work.",App_Technical
"What is happening to ? The web player keeps freezing the browser, errors on search, can't play songs and refreshing doesn't help...",Playback_Issue
"Hi, my Spotify account's been stuck in offline mode for days even though my laptop's constantly connected to wifi, could you help me look through this issue? Thank you :-)",Downloads_Offline
The spotify app keeps crashing on launch on my oneplus 5??,App_Technical
please can you help - my premium account has stopped working today and your system doesn’t seem to recognise my user name or email address - I’ve tried your contact for but it appears you need to log in to use it. #missingmymusic 😞,Music_Content
Do you realize that users must touch those tiny dots on the right to add songs to a listening queue? Anywhere on the left plays the song immediately and destroys all your effort and you must start over. Test it. Why can’t the dots be bigger?,Music_Content
I'm having trouble with my premium account. I just signed up today and started the student discount. However seen that youse offer 3 months 0.99 so would rather do that first. I cancelled it same day and it's saying I've already had a trial. Help!,Family_Student_Plan
"The spotify web player isn't working for me, I can't play any music (I've tried on firefox and chrome, running on a windows 10 computer). Any idea what might be wrong?",Playback_Issue
Hey the App doesn't work since las update on November 29 on Adroid #OnePlus5T,App_Technical
". Guys, can you please stop deleting all my offline music. It’s really, really annoying. We’ve always been fine, now I just don’t know.",Downloads_Offline
Thanks for deleting my fucking offline library for the 6th time. It never ceases to be any less fun redownloading all my albums that i want on my phone!!!!!,Downloads_Offline
"fix ’add to queue’ please... if I queue a song from playlist, I don’t want it to play again later",Music_Content
"One reason: ""Your Spotify app needs updating."" App updates require deleting all offline files? So I should just never update your app?",Downloads_Offline
"Did y’all change something with the shuffle algorithm, ? It seems to be working much better now. I can’t put my finger on it, but I’ve definitely noticed a major improvement.",Playback_Issue
anybody else having an issue getting to connect to a at all? Won't play through the Spotify app or Sonos controller?!,Playback_Issue
"Hi team, I registered Spotify when I was in London. But now I have moved back to China, so I always need to use VPN with a US IP to use spotify. Whenever I try to log in, it tells me I can't log in abroad. And I don't want to buy premium account all the time...",Login_Issue
After the most recent update I get an error on Windows 7 about missing DLL: API-MS-WIN-CORE-PROCESSTHREADS-L1-1-2.DLL for the desktop app. Any status on when this will be fixed? This is a huge bug.,App_Technical
just got an email about $99 annual premium. Is there an option for a family plan with the same savings?,Family_Student_Plan
English is fine! I went from premium to premium family and I want to add my daughter. She got the invitationcode by mail. But hasn’t got a account yet. What to do?,Family_Student_Plan
I got the email about converting my Premium acct to $99/year instead of $9.99/month. Are you guys offering a similar annual payment for a family plan?,Family_Student_Plan
"Somebody changed my account's email address and password, so now I can't listen to music. I emailed, but that seems to be taking a while, so I figured I'd try twitter.",Music_Content
Just changed my plan from monthly payments to yearly. Want to make sure I won't be double charged for this month. Thanks,Payment_Refund
"hi, the app crashes everytime I try to create a new playlist in a folder (on the Android app). Will it be fixed?",App_Technical
you really need to up your security because my account has gotten hacked 2 times today now... this is not okay!!!,Account_Security
I cant log in. For some reason this morning I was logged off my phone and laptop. Cant log in. I get an error 404 on my phone and error 1003 on my laptop. I am a subscribed member as well.,Login_Issue
please put 's Royalty on Spotify. Please and thanks,Music_Content
"you should add a feature that allows you to cross fade between songs by tapping and holding the next song button. Sincerely, Person that never lets songs finish",Music_Content
put ‘s “Welcome to Forever” album on Spotify please and thanks(:,Music_Content
Now I've been charged for Student twice. I'm not a student. Please contact me. Thanks! 🌊🌊🌊,Payment_Refund
I've been paying $14.99 per month several months for what?? I can't access premium or downloads. I demand full refund since subscription commenced.,Payment_Refund
i'm trying to pay for the new $99 a year subscription deal with my card. Any reason why it's not working? Says there's an error.,Premium_Subscription
Been sent premium family code but when I try to redeem says invalid,Family_Student_Plan
"My chrome web player has been stuck on a USPS commercial for 2 days now and I can't play any music no matter how many times I refresh the page, quit, etc.. help?",Playback_Issue
"If I just upgraded to the $99 for the year deal but now want to switch to a famil account, will I get overcharged? How will that work?",Payment_Refund
"Sigh. And if I move those mp3s away, spotify won't play the song at all: ""This song is not available. If you have the file on your computer you can import it.""",Playback_Issue
why am i being charged twice. One payment of 9.99 and one of 4.99 (as im a student),Payment_Refund
help. I can’t link up my student premium with Hulu,Family_Student_Plan
tell me why I was charged $9.99 for my last 3 months when I’ve been on student discount all year and just checked last month and it’s still saying it’s going to charge 9.99 next month too??? it says i’m a student ??,Family_Student_Plan
"I have signed up for premium family account, but despite having invited my family members 3 times it does not work - (my log-in works, theirs does not) why? One frequent error is the error ""600"" on other occations a white screen appears. this is annoying.",Family_Student_Plan
your mac app keeps crashing my mac! HELP!!!!,App_Technical
my account was charged for Premium this month but it still says I have the free account.,Premium_Subscription
"I have the family plan and a hacker has hacked me twice this past month. I changed my password, but this time they changed my log in info. I cant do a thing. I NEED HELP for id proof",Account_Security
Why do you have a limit on songs you can have on offline mode? This is the only reason I am paying money for your service. 3333/device isn't even close to acceptable. Please let me know if you will remedy this otherwise I will be forced to switch to apple music,Downloads_Offline
"Spotify premium is not working! Huhu, why ? 😭😭😭",Premium_Subscription
I believe my account has been hacked. My email address has been changed to something French and I cannot log in.,Account_Security
"I got an email for a $99/year offer, but when I tried to sign up it tells me I'm not eligible, but that I can upgrade my account to premium (which it already is) at any time and redirects me to a family plan sign up page.",Family_Student_Plan
would be nice to have playlist specific shuffle settings.,Playback_Issue
can you add a feature to paid customers that eliminates the edited version of songs?,Feature_Request
Having a very hard time joining my brothers Premium Family Plan. It keeps kicking me out. Please advise how to solve this. Thanks!,Family_Student_Plan
"I'm having issues adding a family member, I'm paying for premium and can't get proper support?",Family_Student_Plan
how add my music to spotify?,Music_Content
"Hi guys, my downloaded songs keep getting unrecognized when I go offline. I have to keep selecting ""download"" and it is frustrating when I want to listen to music on a plane not having offline content. Why is this happening on my LGV10 Android?",Downloads_Offline
"hey, I just signed up for premium and there's still songs that the app and we app won't let me play. 🙁",Playback_Issue
Hey when I put my music on shuffle I don't mean just play the same 5 songs on repeat you pricks x,Playback_Issue
"hi! my housemate is trying to get into our family plan, but even though the address is correct she doesn't get it through. how can we fix that?",Family_Student_Plan
I take it back. helped me out. Turns out the student discount has to be renewed every 12 months. It just so happened that I subscribed to Hulu when my student subscription expired. Subscribing to Hulu will not add onto your student discount! Thank you!,Family_Student_Plan
"dear could you PLEASE PLEASE add ""Independent"" by Uppermost to Spotify itself, thank you so much if you do that.",Feature_Request
"Today, it was announced you could pay yearly for a subscription. Does this apply to the family plan also?",Family_Student_Plan
"Your account support is horrible. I cannot log in, and to post a request to help *I NEED TO LOG IN*. If I could log in, I wouldn't need support.",Login_Issue
how to troubleshoot why offline music won’t download. Left it for hours...,Downloads_Offline
Seriously annoyed off as my Spotify account has been hacked what do I do???,Account_Security
"Hi, I need help adding a family member to my family premium spotify account -- it keeps saying ""Oops something went wrong, please try again.""",Family_Student_Plan
how do I sign back in to Hulu if I have the student premium for Spotify?,Family_Student_Plan
"Hey, when i try to enroll in the student discount it says my detail on my profile are wrong, what does that mean?",Family_Student_Plan
Hey how can I know which adress is set up in my account? I have signed up in a family plan but some of the members can not sign in. Not sure if they are writing it incorrectly,Family_Student_Plan
"hi guys, I just d/l Spotify for my Mac, keep getting error 410 and can’t get out of offline mode. Help!",Downloads_Offline
"I'm having trouble linking hulu with my spotify account. Spotify community referred the best solution was to cancel and refund student premium reverting back to a free account, waiting an hour and then signing up again for student premium. Could we go about that?",Payment_Refund
do you guys have a email address? Having issue with student discount,Family_Student_Plan
"and BTW, you'll even benefit a lot if you'll put up GOT7's song on Spotify cause they have a bajillion of fans (called AHGASES) WORLDWIDE, so basically more ppl will tune in to Spotify cause of them. 💚 Just sayin' yknow 🤔😉 #GOT7onSpotify",Music_Content
"""can't play the current song"" every song",Playback_Issue
"What are the requirements for the student discount? Do I have to be at least half time in a degree seeking program, & what schools are eligible?",Family_Student_Plan
Please add this song to your app. I beg. 😣 love this soundtrack. From your loyal premium customer for over a year. Thank you.,Music_Content
. Woke up to an email that someone had changed my email address and now I can't login... How do I recover my account asap?,Account_Security
I like the new deal to pay up front for a year. But what if I want to switch to a family plan part way through the year? How would that be billed?,Family_Student_Plan
"Got the Spotify app on my phone but it won't let me play anything I select, just plays random stuff..?",Playback_Issue
"I've already been told you can't play what you want on the iOS app if you have a free membership. It sucks, makes it pointless. I deleted the app.",Playback_Issue
"Dear - I have Premium for Family, but when I try to invite my wife, her 'Confirmation' page says ""you are about to join the family plan of (her name)"" - when it should be mine... Can you help?",Family_Student_Plan
my account still hacked and I’m still locked out even though I sent a mail advising you it wasn’t me that changed my email,Account_Security
I made a student premium membership but it is not active even though it was charged.,Family_Student_Plan
"Online and offline is same, used WiFi and mobile data still no change",Downloads_Offline
"Hey , new feature request: allow users to set a target song tempo on radio or select to play songs of similar tempo to one they’re listening to!",Feature_Request
"Add a Metal Christmas playlist, where it is heavy metal instead of rock. August Burns Red has some great christmas music.",Music_Content
my account has recently been hacked by someone who changed the email address associated with the account to __email__. Can you help me get it back?,Account_Security
I wish Spotify had a ‘siri’ option. Spotify play Xtina Which Xtina album would you like to be played Stripped Now playing the bible. Too much to ask?? 😂,Feature_Request
"please help me, i have a trouble joining the premium for family member. i forgot the exact address used, what should i do?",Family_Student_Plan
"the album art is missing on the newest update, help!",Music_Content
"I missed student account renewal by one day, charged $10 instead of $5 but still a student. How would I go about getting a refund for the difference?",Payment_Refund
how to cancel Premium account to join Premium Family,Family_Student_Plan
I got an invitation to join a family plan via email. We all live in the same address and everything but I keep getting an error when trying Accept the invitation,Family_Student_Plan
Will Android ever get the swipe on the track ability to queue or add to saved music option? I would love it and so would a ton of others! Makes it easy to add in the car.,Music_Content
Can I purchase a family plan and pay for an entire year? I'd like to give this as a Christmas gift to my family... the gift of music all year long,Family_Student_Plan
I have the newest update installed and every time I get a Snapchat notifiction or get on Snapchat my music stops? How do I change this ?,Playback_Issue
"weird issue, I added a song to my saved songs playlist on my tablet but it doesn't appear on my phone? I found it on the release radar playlist, and I can see the song in the playlist on my tablet, but not my phone. Song is Fly Away - DJ Pauly Peach Remix.",Music_Content
someone has hacked my spotify account. I refuse to pay for someone else to listen to music. It is very unprofessional that you do not provide a contact number. I had to make a Twitter account just to complain. Please contact me immediately and fix the problem.,Account_Security
"Hi, for some reason we are unable to log in to our spotify account. I have the username and password which wouldn't work so I sent a reset request ,but from some reason it has not been sent to the account linked with spotify?",Login_Issue
your app constantly crashes or doesn't respond. Any known issues for this on android?,App_Technical
My account has been hacked - what to do?,Account_Security
we got premium and they tampered/hacked our info,Account_Security
"I opened up Spotify last night and a bunch of artists/albums I had saved to my Library are completely missing, including ones downloaded to my iPhone 8 Plus. Can someone help me out?",Music_Content
I have a free account w/ a long account name given by Spotify. On this account I have created multiple playlists. I want to purchase premium but am unable to access this free account (error mentions CRFA?). How do I get a new account and keep my playlists/history?,Premium_Subscription
Please add Siri integration to the app or I'm moving to .,Feature_Request
"setup premium, have been charged and no premium. My account still says free when I log in, but again I’ve been charged. Online forums didn’t help.",Premium_Subscription
I signed up for student premium with Hulu but now Hulu can't authorize my account with you. Please help.,Family_Student_Plan
"help! I've moved countries, can't login to Spotify as it thinks I am ""abroad"". Have tried old country and new country both on Facebook (I use fb auth to login) days apart but no dice...",Login_Issue
i was offered the promotion of 99$ all year and it won’t allow me to apply it. I want it especially considering I cant grt the student discount because of where I live,Family_Student_Plan
"Question, I have a Spotify account and I can't login anymore. I'm also don't get an email to reset my password could you help me out... Cause I'm still paying",Login_Issue
I find the policy of not allowing members to view family plan information they set up to be extremely frustrating. There is no mention when entering the information to set up the account that you will never be able to view this info again. Total lack of transparency,Family_Student_Plan
"Upgraded to premium via family plan. Clicked to invite family members and entered info. Realized after it was asking me to confirm MY details with no way to change it in my profile. Support can't change it. you should totally change this, not good.",Family_Student_Plan
you guys have overcharged me i bought the 3 months for 9kr but you guys charged me 99kr for 1 month!!,Payment_Refund
"Can you please put Pharoahe Monch - Internal Affairs on Spotify? Would be greatly appreciated, much love x",Music_Content
"Thanks, but that’s not exactly a solution. There’s still no way to sort downloads/offline music.",Downloads_Offline
Hey I think my account has been hacked and I need some help!,Account_Security
"I just signed up for your 1 year upfront payment plan, but now I want to switch to a family plan. How do I do that? Can I get a refund on the upfront payment?",Payment_Refund
How do i get a refund for my monthly Spotify payment?,Payment_Refund
please add more got7 music!,Music_Content
You have charged me without giving me the subscription. I tried to use the student discount and realised it was for college students so I went back on tabs and got charged and ended up with no subscription.,Family_Student_Plan
why did the student discount and Hulu get taken off my account and why did I get charged $9.99 for this month of Spotify?,Family_Student_Plan
"Hey , i just signed up for family plan and family members got weird characters for username. How do i change it?",Family_Student_Plan
sent a DM about my verification issue for student discount.,Family_Student_Plan
my Spotify keeps jumping to play Drill Beats. Has my account been hacked?,Account_Security
I cant log in ... __email__. I have a premium family acount. I am getting a CSRF invalid token... Yes I removed my log in from face book and cleared my case and rebooted and reloaded the app in multiple devices. The fact that I may have to..,Family_Student_Plan
Spotify to Chromecast randomly stops playing audio (on iPad/IOS and Android phone). Time bar still moving. Does not happen on other apps that can cast to Chromecast. Known problem? Real showstopper.,Playback_Issue
"And when i enter my login & password in the welcome screen I get ""You are currently set to offline, please go online to connect to Spotify."" Which breandead programmer builti this into an inlog screen????",Downloads_Offline
changing account settings and adding someone to a family plan has not been working! Very disappointed.,Family_Student_Plan
"""You are currently set to offline"" while trying to login, traveling internationally have thousand of songs downloaded, this is devestating, please advise if there is a fix ASAP",Downloads_Offline
"Figured it out! If you sign in with your email as the username it opens your account but not premium, only a free account. Is this a Glitch?",Premium_Subscription
"hi. can you help me? i cant login to my account. it says ""an occured error. please try again later""",Login_Issue
"my account has been hacked, what should I do? sent an email and also FB chat but no one is responding",Account_Security
"Hi, we're getting errors trying to add a family member to our newly puchased Premium membership. Don't see any actual place on the website to get help. :( See ""undefined - Ooops something went wrong.) Help? Thanks!",Family_Student_Plan
I already upgrade to Premium last month and about to expired soon. How can I get this promo?,Premium_Subscription
My music stops every time I open snapchat. I guess this is the end to my food snaps 😭,Playback_Issue
Still not sure why #DailyMixes won't play or ? You gotta help me out here .,Playback_Issue
Hello my account was hacked and got it suspended. Please help.,Account_Security
Will Spotify ever get two factor authentication. I had my account hacked today and I'd rather have something stronger than just changing the password.,Account_Security
I purchased the premium plan and. And it's not working on my spotify,Premium_Subscription
i cannot log in since last night. I Can't reset password. Csrf token invalid.,Login_Issue
I cannot login to New device because I have permanently deleted my Facebook account which i used to use to logon. Please help.,Login_Issue
hey I was charged today is there anyway that I can get a refund because the money that you cause took has made it so that I can't make the payment on my car and I really need that money back,Payment_Refund
im being charged for Spotify after canceling my Facebook. I want to cancel my subscription to Spotify but it won’t allow me to. I have another account. Could this premium payment I’ve been forced to make be used for that acct?,Payment_Refund
"im trying to activate my student discount on but every time I do it asked me to enter my card details... but I already have a Spotify account, is this correct?",Family_Student_Plan
Hello ! My account has been hacked. Got an email telling me my email has changed and I can't log in anymore. I already messaged you earlier. Please look into it and reply asap! I want my spotify!!! Tnx,Account_Security
"Hi, my family can't connect to our family plan... have to check the exact address I used, how can I do this? Help!!",Family_Student_Plan
"Hey, , why is it that on mobile, I can add the same song 10 times to one playlist, and then when I play the playlist I'm given freaking suggested songs and not the song I want to listen to? I multiplied the song count cus I want that song not suggested bs",Music_Content
I can't log into my account because I deleted my Facebook and I can't contact customer support bc I can't log in. Please help! Username : 1242508717,Login_Issue
ive been double charged for my subscription how do i get this money back ?,Payment_Refund
I am a student my Unidays currently doesn't recognise my college as a valid institution. I have a student card and access to student beans. Is there any other way to get student discount with Spotify? Otherwise switching to iTunes!,Family_Student_Plan
I can’t join my family plan until I have an email to send the invitation to!! Please help!,Family_Student_Plan
"Spotify stopped my student premium , charged me full amount AND does not let me renew my student premium by saying ‘we couldnt verify...’ even after i entered my details and university’s name. Help",Family_Student_Plan
"Dear please add genre to the list for iPhone app. Like: songs, artists, albums etc. thank you!",Feature_Request
hey I paid for the £99 for a year subscription however when I go to my account settings it still says I am going to be charged £9.99 each month whats going on..? I don't want to pay twice!,Payment_Refund
"hi there, I'm using google assistant to play my spotify. when I ask it to shuffle a playlist, google finds the correct playlist and acknowledges the command to shuffle, but spotify then plays the list unshuffled. Any fix for this?",Playback_Issue
"So I can play Spotify from within the Sonos app, but can't play from the Spotify app (Android) to Sonos. Can see Sonos in _devices available_ but just won't connect. Any solution to this yet?",Playback_Issue
Why does Quebec have restrictions? It is unfair that I can't access the Student Discount!,Family_Student_Plan
is there an issue with your android app? Showing but wont connect to my Sonos speakers and playing up with the Sonos app. Keeps crashing... just want some music on :-(,App_Technical
"hello! i am trying to make Alexa (echo dot) play music through spotify (i have premium family account). I get a response ""Your spotify account doesn't support streaming on this device"". any help? Thank you.",Family_Student_Plan
Having lots of issues with today - website being very slow and timing out repeatedly. Can't login to my account. Any known issues?,Login_Issue
"My premium account, suddenly turn in to a free account, I have paid but I just can't go back to premium! I think it is cause of my address",Premium_Subscription
"""suggested songs"" feature is incredibly annoying - I make my playlists exactly how I want them. Please add option to turn off!",Feature_Request
"I tried to get the premium student discount before realizing I'm not eligible, the payment went through & I dont have premium",Family_Student_Plan
". migration process is not perfect. I have some extra albums I have never seen, not sure what is missing. #Groove #BringBackZune",Music_Content
"My issue is that i have over 130 songs on this playlist and when i shuffle, only the same 3 albums play, like it doesn't shuffle all",Playback_Issue
Can only do this on PC. Not on mobile unfortunately Hey please add this to mobile! I love this feature,Feature_Request
"I recently updated my account details to claim student discount, however I’m now being charged for Premium and the student price! Please can you help me! 😞",Family_Student_Plan
"My account 'rapalax' is no longer accessible. I cannot login, and resetting the password never sends me a mail.",Login_Issue
"when i try to subsc premium family account i got this error ""seems your card or payment provider is having a bad day"".",Family_Student_Plan
"Hi can anyone help me out. I've been trying so many times to get family premium invitation code to work but it's not working. I get this message ""Unfortunately this Premium code does not seem to be valid. Try again or contact customer service."" Thanks",Premium_Subscription
can you please add Andra & Mara - Sweet Dreams (Radio Killer Remix) I think the people will like it,Feature_Request
"my android app keeps crashing since i updated last night, is this a known issue ??",App_Technical
my account is being hacked - please help!,Account_Security
my account is being hacked. I want to delete this asap. Someone is creating playlists. Please help!,Account_Security
"can yall like put pentagon demo_02 on spotify already, i know it came out like an hour ago but I JUST WANT TO SUPPORT MY BOYS",Music_Content
i bought premium on my ps4.... and its not working on my Iphone so would you know what todo.,Premium_Subscription
"why does offline mode (android, app v8.4.28.876) keep deleting tracks and losing album art randomly? :(",Downloads_Offline
u know it would be great if you linked the payment with iTunes account,Feature_Request
I have a premium family account. All of a sudden my playlist song titles and artists are overlapping and it’s driving me crazy. Any ideas?,Family_Student_Plan
I just went to pay for premium using PayPal and the page bugged out. Don't wanna attempt again in case I get charged twice. Any help?,Payment_Refund
can you put a shuffle option on your “saved albums” so I can shuffle through ? Ty,Playback_Issue
"App freezes and crashes on open before I can even check version number. Downloaded from the Win10 Store, latest release 10/24.",App_Technical
"Hi the Windows 10 app freezes and crashes consistently on my PC. Resetting, uninstall/reinstall has not helped. Known issue?",App_Technical
can you help me resolve error code 4 occurring while trying to make a family member join,Family_Student_Plan
can secondary level students avail of student discount?,Family_Student_Plan
"What if I'm gonna delete my spotify and then install it again, what will happen to my offline songs?",Downloads_Offline
"Been charged £15.00 per month for the last two months for Spotify, even though I have student discount? 😣😤",Family_Student_Plan
I got charged twice in September. Can you please help refund this money back. Thanks,Payment_Refund
I ONLY download to my phone. What happened here? Is my account hacked? How I can manage my devices to check if someone else is downloading?,Account_Security
is there a way to reapply for the student discount without canceling your premium account and starting over?,Family_Student_Plan
is there a reason why you only accept Unidays and not for your student discount?,Family_Student_Plan
i got charged this month but i cancelled my premium a while ago.. who can i contact to get a refund?,Payment_Refund
hey someone hacked my account. Can I have some assistance please ASAP,Account_Security
Paying for Spotify family and have been hacked by users!!My family has been kicked off and other users taking over,Account_Security
Looks like someone has hacked my account.,Account_Security
"Hello, Someone else is using my Account, every time i wanna listen music he does not let me.",Account_Security
I can't log in in my account. It's says that I'm offline but I'm certainly not aince i can tweet you and do other stuffs that requires wlan!!,Downloads_Offline
"Just installed the app, it doesn't work. The ""Get Started"" button does nothing.",App_Technical
not sure if my student discount is being renewed. Can we verify?,Family_Student_Plan
Sure thing. Basically the ad just never plays and music won't play as a result. Happens across browsers and devices too.,Playback_Issue
Why doesn't have a 'shuffle from here' option?,Playback_Issue
I’m paying for a premium account but cannot log in how can I cancel payments,Login_Issue
can I keep my student discount for a little longer I'm poor :(,Family_Student_Plan
I’ve got 2 sep prem accs in same household & would like to merge the 2 in the family plan to be more cost effective.,Family_Student_Plan
"Hi, my account has been hacked and my email address changed. I now can't access my account at all. Help!",Account_Security
I was overcharged again,Payment_Refund
my spotify wont play anything it just keeps freezing help!,Playback_Issue
"I think you have accidentally charged my card, please advise on refund.",Payment_Refund
I just attempted to join my wife's family plan. How can I tell that my old account will no longer be charged?,Family_Student_Plan
"my Spotify app will not play an album through cover to cover, but instead goes to shuffle just a few songs in. How can I stop?",Playback_Issue
Any deals for customers already on Premium? Maybe a student discount?,Family_Student_Plan
How can i get a refund?,Payment_Refund
my premium family account paused and when I started it back the family members are all gone and I cant re-invite? #2angrykids #help,Family_Student_Plan
you really need to fix your shuffle algorithm,Playback_Issue
can you put tere mere by amaal maalik on spotify,Music_Content
mobile and desktop are offline? Mobile is logging in then instantly bringing me backt o the log in screen,Downloads_Offline
"okkk, so you guys charged me last night but never made my account premium again. What gives?",Payment_Refund
i have recently changed my from paying for premium account to getting as a part phone contract deal but i can seem to add an account of my family member to my devices and has locked out another account? please help!,Family_Student_Plan
", when I hit shuffle artist, it only plays the 2 newest albums. Know how to fix this or is this a bug?",Playback_Issue
"hi, I'm on the previous iOS to the latest. Just updated Spotify and now it won't open. Have restarted the phone and app with no luck. Is this a bug? Best to update to latest iOS?",App_Technical
I'm being charged monthly but no premium. Only one account. Your support page useless. Pls help.,Payment_Refund
"What has happened to your shuffle algorithm lately? This playlist has 5300 songs, sorted by title and is shuffling the top of it.",Playback_Issue
This is happening on desktop. And on mobile it seems to be picking the same few artists again and again. Every time I press shuffle it's the same few artists.,Playback_Issue
I have a premium that is part of a family subscription but mine changed to a free account. Please tell me why,Premium_Subscription
unable to log into spotify android app normal login or facebook - says I'm offline but am not did the app update break something,Downloads_Offline
Partnership: and should up their relationship with a $15 #AdFree Family Plan in addition to their popular $5 Student Plan. #SaveSomeGreen,Family_Student_Plan
AND SHOUTOUT TO 's Fast response and Customer Service for helping me with me hacked account!,Account_Security
Are college students the only ones applicable to the student discount? how about us High School students? 😢,Family_Student_Plan
y’all should add an alarm feature,Feature_Request
"Shuffle doesnt work, I got 1700+ songs, it only plays 20 of them. Fix pls.",Playback_Issue
I queued a song and shuffle played something else. Why?,Playback_Issue
your new offline mode sucks. i pay for premium so i can type in an artist's name and listen to all of his/her songs i've downloaded. now i can't do that w/o curating playlists. the offline UX is significantly hindered in your latest update. please resolve this.,Downloads_Offline
"my old Facebook account was hacked and I got locked out of it, that Spotify premium was linked to. Is there a way to transfer the membership to my new account?",Account_Security
I want my money back. You have double charged me and I never got my premium membership.,Payment_Refund
"Please add ""Preferred language"" to the user profile. I'm based in Costa Rica, and I prefer an English interface.",Feature_Request
my wife is getting kicked out of the family plan for the second time and she is struggling to join back. looking forward to your help,Family_Student_Plan
"Is there anyway to make your shuffle algorithm actually work better? When I play my entire library, it only plays newer additions.",Playback_Issue
"Help! I am unable to login and I receive no email with a password reset. Have had an account for... 5+ years?! On autopay, no emails about changes, no info.",Login_Issue
I need help. Im getting charged for premium but cannot log in. This has been going on a couple billing cycles now and its resiculous. 9.99,Login_Issue
wondering why taylor didn't put rePUTAtion on spotify yet,Music_Content
hey y'all can you please add tracks from blind guardian's nightfall on middle earth album to the might and myth: power metal playlist.,Feature_Request
Yo why the heck is the student discount only for 12 months??,Family_Student_Plan
Why does the spotify app keep logging me out and says im set to offline. I have to keep reinstalling,Downloads_Offline
I am not able to login (Settings are set to Offline mode) even that I am online (3g or WIFI).,Downloads_Offline
"Hey It would be great if the user could undo the 'thumbs up""/""thumbs down"" choice on a Radio Station item.",Feature_Request
"i've been invited to join premium for family account, but cannot log in. never asks me for my code, just the first info page, then tells me there has been an error ??",Login_Issue
can you add a feature so I can block certain artists from my music feed? Like I never wanna hear the craptastic or ever again and ive been thumbing them down since signing up. #stopshittymusic,Music_Content
"I'm locked out of my app. Everytime I try to login I get an Error Message - 'You are current set to offline, please go online to login' if I can't get in I can't change the settings",Downloads_Offline
hey is tax included to the $14.99 for the family plan?,Family_Student_Plan
put the new wdw ep on spotify come on,Music_Content
"hi, please fix the glitch on the app where swiping right to add a song to the queue doesn’t work, and I have to go and manually add it instead. Sometimes it works, sometimes it doesn’t. It’s such a useful feature I’d love to just be able to swipe all the time.",Music_Content
"Hey , when I get out of the app, sometimes the music stops and I have to go back to the app in order for it to play and it does the same thing when I turn off my phone. How can I fix this and if I can't, can I please?",Playback_Issue
Can you fix the issue where my music stops playing when I open Twitter or Snapchat... 🙃,Playback_Issue
"7+, iOS 11.1.1. Spotify 8.4.28. And yes, I didn’t have any videos playing or anything on Twitter or Snap, but the music stops playing.",Playback_Issue
"hi! I’m trying to add a family member to my spotify family plan but I keep getting this error message (600), can you help?",Family_Student_Plan
Wait why do you need my email address? I just asked if you could release a certain song. I'm confused 😕,Music_Content
help already storage location keeps changing and downloaded music is gone. No offline for me. Re-download every day?,Downloads_Offline
Dear Kindly check my account since i cant log in since the first time using my registered emailed and now my card is being charged...the email addres is __email__,Login_Issue
"Hey , my account got hacked, email address changed. I wrote you an email and haven't heard from you yet. Will you reply before Christmas?",Account_Security
My family member is having trouble joining Family Sharing. I have resent and cancelled the invitation multiple times with no success. We live in the same address / postal code.,Family_Student_Plan
my son lives with us but currently studying abroad. Can he be included in my family plan?,Family_Student_Plan
Hello Spotify ur new family plan is giving me a headache... so many issues with it.. would love to hear from you... cuz I just canceled it after being a diligent customer of 3 years and talking all my family into the service... we need to talk asap,Family_Student_Plan
PUT PENCEY PREP THE FUCK BACK ON SPOTIFY,Music_Content
"Unable to log in, unable to reset password and unable to contact anybody. Pls get back to me asap or i will cancel account",Login_Issue
please add Rise and Fall - Into Oblivion,Feature_Request
"When casting to my Google Home on shuffle, Spotify only shuffles a few songs near the first song instead of my whole library. :(",Playback_Issue
hello when will 's new album be put on Spotify? I'm poor,Music_Content
"i think i put wrong address when i joined my family plan and now the buyer of the family plan reinvited me and i tried writing right and wrong addresses and still i get this error ""Oops something went wrong.... "" what should i do?",Family_Student_Plan
Who’s fault is that?! BRING BACK THE PREVIEWS! iTunes have a preview. All music apps should have it. I don’t ever want to add the wrong song,Music_Content
"I've purchased premium from you guys and it's not working, I want cancel my subscription and get my money returned to my card, how do I do this",Premium_Subscription
i was charged twice when i tried to buy the student discount premium. i want a refund. i dont have premium it says,Payment_Refund
WHY do my offline playlists and albums suddenly need re-downloading every other day? It's wiping my data and costing a bomb. Not happy at all. I'm not the only one -,Downloads_Offline
I already have the family plan fkr Spotify and we Love it but can we also get HULU with the student rate?,Family_Student_Plan
why is my account flagged as 'User is flagged as abuser' and i can't join my cohousing friends family plan on spotify!?,Family_Student_Plan
"Hey guys, it appears my account was hacked. My email address was changed. What do I do?",Account_Security
"Just had my account hacked AGAIN...went through live chat, had everything reset...now I can't log in. Username iandrayner565...what's going on!?",Account_Security
Why can't play by google? I can't make the payment without it.,Playback_Issue
. hi my premium account has been hacked. How may I proceed from here? Thanks.,Account_Security
"i paid using paymaya in student discount, yet my account is still in spotify free..",Family_Student_Plan
I just extended my Student Discount. Is there a way to see if it extended?,Family_Student_Plan
"I have been paying $10.00 for a premium membership since July, and since then, I can't log in to my account. You don't have a phone number or email to reach. I will be contacting my bank to terminate payment if I don't get a response. Please get back to me ASAP!",Login_Issue
"Hi, I currently have a premium account with student discount, but I want to switch to a Family account. Would I be able to keep all my playlists and downloaded songs?",Family_Student_Plan
where is your Apple Watch app. I really don't want to cancel and subscribe to Apple Music but need offline playlists on the watch.,Downloads_Offline
".When I link my Spotify account to my Echo to play on Sonos, I can't play Spotify on my phone or desktop app",Playback_Issue
Not at the same time. I linked my Spotify account (part of the Family plan) to my Echo and linked my Sonos to my Echo.,Family_Student_Plan
When listening to my downloads offline. But the songs still skip whether I'm on Wi-Fi or not.,Downloads_Offline
"Dear , sort your fucking shuffle out.",Playback_Issue
I'm kinda angry that I'm not able to listen to Distant Relatives by Nas and Damian Marley. It's not available on Spotify. 😒😒,Music_Content
why have you been taking £9.99 out of my account when i signed up with the student discount????,Family_Student_Plan
why have I been charged on my latest phone bill for your premium service when my account says I'm on a basic account??? I'd like a refund please 👍,Payment_Refund
"your shuffle algorithm is severely flawed, there are lots of posts about it on your community message board, any idea if you’ll fix it cause it’s making me consider leaving",Playback_Issue
please fix Shuffle. I have enough music for Shuffle to not be this picky,Playback_Issue
"Hey I submitted a subscription for your 3 months for $9.99 and the form said it didn't go through, but my bank says otherwise! I open spotify and still HAVE NO PREMIUM! What gives?!?",Premium_Subscription
problem with adding my father to spotify premium family. Help me!!,Family_Student_Plan
I just found about the spotify discount for students and validated my account to be charged properly. Can I get back credited for the last months that I could have applied the student discount?,Family_Student_Plan
"Thanks for adding a pay to remove feature where they suggest songs in the middle of your playlist. Glad to hear a song very clearly saying the word ""bitch"" in the middle of my CHRISTMAS playlist. My kid heard it. You're not for a reason.",Music_Content
"How can you offer a ""family plan"" but not have an option to block or skip explicit songs. I'd love to shuffle some playlists for Thanksgiving dinner but can't run the risk with all the kids over. Please get with the times and add this often-requested feature.",Family_Student_Plan
"A lot of accounts hacked, my account too. Its possible revert all my config's to two days before?",Account_Security
"Just an idea. On their birthday, your premium users can legally downloaded songs from one of their playlist. Not offline download",Downloads_Offline
why can’t we pay the premium student discount with paypal???,Family_Student_Plan
"if you could add the ‘hold a song to hear a snippet’ on mobile back that’d be great 👍🏽. Either way, ily",Music_Content
"I do love on Android Auto but the interface is crying out for a shuffle button for playlists, especially on long journeys!",Playback_Issue
"No error messages. Just stops playing and the play button freezes. Tried refreshing page or playing something different, nothing works.",Playback_Issue
"why is the web player not working?? Keeps stopping randomly and won't play, driving me crazy 😤😤",Playback_Issue
"Hey gang, running Spotify 8.4.21.508 on Pixel running Oreo. Sharing a track crashes the app and dumps me at the home screen. Help!",App_Technical
"where should I send my details about my student status, I would like to apply for student discount but I am from Czech. Thx!:)",Family_Student_Plan
I’m still waiting on my student discount to be applied I am still paying regular price.,Family_Student_Plan
Nothing irritates me more than buffering songs on playlist's of mine downloaded for offline listening 🙄 esp. when I pay monthly.,Downloads_Offline
I'm trying to bang out giggs new mixtape but your shuffle deaded it. Not cool it's why I dead you guys n move to,Playback_Issue
hi can u remove me to my family plan as a member? thank you.,Family_Student_Plan
my account seems to have been hacked. someone else is using it and all my playlists have disappeared. Have changed pw pls help,Account_Security
"Okay if I shuffle my playlist don't play me only ""suggested songs,"" I want my songs. Thanks",Playback_Issue
"UniDays doesn't support my education provider, which is why I bought an NUS card. As I already have spotify student, can I just renew?",Family_Student_Plan
how do I get a refund on an accidental purchase of premium?,Payment_Refund
"(Android 8.0, Pixel) App crashes when trying to share playlist.",App_Technical
Starting a petition to put It's So Easy by GNR back on Spotify because this sucks,Music_Content
Yes. I tried registering for unidays found the institute but it said they weren't supported.,Family_Student_Plan
I'm a student with an NUS card but can't register for your student premium? Unsupported by Wtf? Poor form.,Family_Student_Plan
hey!got your email about student premium discounts and i was wondering as to why high schools werent eligible? &only unis are?,Family_Student_Plan
Hey after I updated the apps why it always go offline and then the music stop playing? How to fix the bug?,Downloads_Offline
Help I keep getting charged twice for premium. I've had this problem before. FIX IT,Payment_Refund
Spotify keeps stopping and starting. Songs won’t play through the home screen. Can I have a refund for premium? #veryfrustrated !,Payment_Refund
"is so buggy for me atm :( Sometimes it won't play tracks in browser, desktop app stops loading searches & freezes :(",Playback_Issue
why can't I listen to Almost Like Praying (feat. Artists for Puerto Rico) like I can see it but I can't play it???,Playback_Issue
Turns out my account got hacked and upgraded to family... and 5 random accounts were using it for free 🤦‍♂️,Account_Security
"None of the criteria matches my situation, I had 2 offline devices only. This the second time in 2 weeks.",Downloads_Offline
I only download albums. I removed all offline devices and will download again,Downloads_Offline
Hey why do you keep deleting my offline songs from my phone? Stop!,Downloads_Offline
why is turning off shuffle on a playlist a premium subscription feature? i’m just trying to listen to an album in proper order,Playback_Issue
"Hi, I can't play music with my Spotify desktop, can u help me ?",Playback_Issue
"since I installed macOS High Sierra, the Spotify app often uses 100% or even 150% of my CPU. Bug?",App_Technical
"your web player won't work on my laptop, the play button is grayed out and music won't play. Refreshing does nothing.",Playback_Issue
"I want to be able to block an artist on so that even if their music is on a public playlist I follow, it automatically won't play.",Playback_Issue
"I have a problem to add to family plan, can you help me?",Family_Student_Plan
My premium account just expired and I only realized this when I got hit with an advertisement. I didn't get any warnings either - maybe because I'm not the administrator of my family account?? That should likely be fixed.,Premium_Subscription
how do I change my artist picture? My music put on Spotify through a label I no longer work with and no artist picture was included,Music_Content
"Hello,cancelling my premium subscription as you've cancelled my student discount because Unidays doesn't recognise my institution",Family_Student_Plan
And I can't log in to the desktop app when using my chosen username. Error Code 3 (I refuse to log in with the gibberish name),Login_Issue
I DEMAND a refund for the last 2 months I haven't been able to use Spotify & a fix for this issue!,Payment_Refund
It just said to browse for music as if i never added a song before.,Music_Content
Someone has hacked my Spotify NICE ONE,Account_Security
help Spotify someone’s hacked my account and changed my registered email address 😭😭,Account_Security
Can i get a refund if i cancelled my subscription and still got charged,Payment_Refund
"your web player won't work on my laptop, the play button is grayed out and music won't play. Logging out/back in does nothing.",Playback_Issue
I cannot log in at all. Won't even let me access it online.,Login_Issue
the app won't let me share links to songs? The app just crashes when I use the share option,App_Technical
I moved to egypt and 2 weeks later i can't play my songs on spotify. What happen? Is spotify not available in egypt??,Playback_Issue
I payed for Spotify and it charged twice. And now my account is not working.,Payment_Refund
i had the spotify family plan w my irls and it was getting charged to me so they pay me and its been a year and 2 of them havent paid at all,Family_Student_Plan
"hi guys,when/will u make lossless music available? Would be a very welcome addition to Spotify users who enjoy music through hifi",Music_Content
"make a ""i fucked up the queue by clicking a song i was trying to add to the queue go back to last song"" button PLEASE",Music_Content
Everytime I want to share what I'm listening too the app crashes or returns to the now playing screen. :/,App_Technical
iOS 11.0.2 and Spotify version 8.4.20 . Every time I try to shuffle my playlist it’ll shuffle for 2 songs and then play my playlist in order.,Playback_Issue
"Hello, I need some help with Premium, I got charged twice and I'm still on free. Pls halp",Payment_Refund
payment for student premium only via credit card or there will be another way?,Family_Student_Plan
I can't play our church's album on the spotify in my laptop but it does play on my phone. what should I do?,Playback_Issue
I am cancelling It never works when I'm at the gym & need it most. Won't connect on or offline anymore. It's been months. I'm done😠,Downloads_Offline
my Spotify premium got hacked — got a notification that email address was changed. Sent u guys an email and u didn’t reply. Please rectify - I don’t want to cancel my subscription,Account_Security
"having technical issues. Won't let my daughter accept the premium for family invite. She gets an ""oops, something went wrong"". The fact that you do NOT offer telephone support is an absolute joke.",Family_Student_Plan
"So keeps doing this thing where all my downloaded songs disappear and then when I go to listen to music offline I can't. Pretty awesome. any idea why? I've reinstalled, cleared out the offline devices list, redownloaded music numerous times.",Downloads_Offline
"hi, i am unable to Login to my account with the same credentials as ive always used, reset password isnt working, help?",Login_Issue
Account not allowing me to upgrade to Premium Family. Says no support available?,Family_Student_Plan
Hey can you put Ella Me Levanto by daddy yankee on spotify cool thanks,Music_Content
"Spotify isn't working on the pc app or on my phone. Can't access any online content, says it's in offline mode.",Downloads_Offline
Help! Unable to join this Family plan. Try again by clicking the ACCEPT INVITE button in your email.,Family_Student_Plan
"catalog songs...the local files are the only ones that remain available for offline listening, thanks.",Downloads_Offline
Hey my offline syncing of playlists is hideously slow even with gigabit internet. Is there anything you can recommend/ do?,Downloads_Offline
excuse I got charged $10 when I have the student discount,Family_Student_Plan
"Hey it’s cool that you added Hulu to my student plan, but if y’all don’t let me play my music I’m going to have to drop you.",Music_Content
Do you need to re-enter your credit card info to add Hulu? Already have a student premium membership.,Family_Student_Plan
My Spotify premium family name is Felipe. I'm not from the Felipe family. How do I change the name?,Family_Student_Plan
Happens pretty regularly when I shuffle play an artist who has normal and deluxe of same album,Playback_Issue
still can't play. certain songs on android is this being fixed? lots of posts on community forum about it,Playback_Issue
"- App is crashing on a Pixel XL when attempting 2 share. Running Android 8.0.0. I've cleared cache, app storage, and reinstalled.",App_Technical
"Fix your shit. Google ""Spotify shuffle problem"" and you will see that people aren't satisfied.",Playback_Issue
"(3) their playlists bc ur algorithm cant do it. Take care of ur customers. Fix ur shuffle, it isn't hard.",Playback_Issue
"Kicked out of family account for not confirming address on time. Cannot rejoin, cannot log in, cannot contact. What the hell?!",Login_Issue
"No I have no interest in sharing my music on facebook. Your app has a bug, please fix!",App_Technical
"Hi, ! I'm having trouble subscribing back to the Family plan. Need help. Thank you",Family_Student_Plan
PUT AGUST D BACK ON SPOTIFY!! YOU TOOK IT OFF FOR NO REASON!!!,Music_Content
My premium account reverted back to free although the family plan is payed for. What should I do?,Family_Student_Plan
my band has some jams you guys should add to some metal playlists! ❤️,Feature_Request
"just received an email regarding my student premium membership, could you please check DMs? ☺️",Family_Student_Plan
"Can’t start my SE student premium membership. I am German, but a student in Sweden. Credit card is not accepted (it‘s German)",Family_Student_Plan
I have a premium account but I cant play new album. How come ? Can you help on this query please.,Playback_Issue
my account was hacked and songs deleted. can you reset my account to a time before 3 days ago when the a-hole struck?,Account_Security
I deleted the app to try and solve a bug (can’t control songs from lock screen since IOS11) now I can’t log back in!!? #help,App_Technical
The fact that you can't add the currently playing song to a playlist on is kind of ridiculous.,Music_Content
y'all charged me twice and it's still not updating my account! Help! Check DM's!,Payment_Refund
my app wouldn’t let me play music offline. Was advised on ur forum to install/reinstall it 30 day trial ended after 3 days,Downloads_Offline
yo cunts i cant login my acc. fix this shit now before i disable my free acc. user: 423million,Login_Issue
"Hello, none of my songs are downloading for offline, it is saying ""go to settings to download using cellular"", yet I'm on WiFi",Downloads_Offline
Hello . Your desktop app always crashes. Can you do something about this?,App_Technical
someone hacked my account and added music I don't recognize. Should I do something besides changing my password?,Account_Security
"All songs synced offline, it's happened like three times now",Downloads_Offline
Yes! Every time I have my phone on shuffle I get about 30 songs in a row that is purely two artists! No matter how many times I reshuffle,Playback_Issue
"The news song from Little Mix , ""Is Your Love Enough?"" is doing very well , please add it to Today's Top Hits!!",Feature_Request
"That seems to have worked, thanks mate. Didn't know Spotify could get hacked ffs!",Account_Security
feature request: for iPod Classic,Feature_Request
why does the app crash everytime I try to share a song/playlist?,App_Technical
pls add this song here,Music_Content
doesnt allow student discount if you're using a discoung on another streaming service. I was wondering why my bill increased.,Family_Student_Plan
I was charged for a family rate last month - I'm a student! Refund please,Payment_Refund
hi! I have a concern about my Spotify account. I was charged for spotify premium but my account is still not premium.,Payment_Refund
Having trouble purchasing premium family. The website isn't working.,Family_Student_Plan
Update your app -- experiencing a crash bug every single time I load up the app and look up .,App_Technical
currently have premium and pay through Rogers but I am leaving Rogers. How do convert my account and add premium family,Family_Student_Plan
My spotify premium family plan has stopped working?,Family_Student_Plan
my account was hacked and the new user changed the email address and I can't live without music please help,Account_Security
you should make it so that we can download the daily mixes as playlists. They are so good. I want to listen offline,Downloads_Offline
.....got new phone... premium is not working even through I paid on 9/27/17... I need to know will I get charged again,Premium_Subscription
"hey guys I already have Spotify student premium, how can I get Hulu? For the new deal",Family_Student_Plan
"I cant login, im putting the right username and password but it will log me in only for a second then log me out, any help?",Login_Issue
"Everything else works, it's just that the music won't play.",Playback_Issue
Wait. There's a student discount for Premium? AND I HAVE BEEN PAYING FULL PRICE THIS ENTIRE TIME?!? 😭😭😭😭,Family_Student_Plan
"e.g. The latest Bowie compilation, Gorillaz' Humanz or Colors by Beck (I can't play them even if I download them)",Playback_Issue
My account is hacked on Friday.... I need my release rader now😭,Account_Security
why can’t I use my NUS student discount card to get Spotify Premium anymore?,Family_Student_Plan
What if you can’t get an UNIDays account?,Family_Student_Plan
forgot to switch offline before listening and in 3 hrs it ate up all my monthly data. Even though it was downloaded records. Wtf???,Downloads_Offline
. family member encounters error when registering my invite. What's going on,Family_Student_Plan
My account name is tcmchiu I would like to keep only family plan which is HK$ 88 per month.,Family_Student_Plan
"Student discount? 4.99! now, #Hulu? SIGN ME UP! but i feel that Student discount should be opened to high schoolers! #seniorStudent",Family_Student_Plan
Feature Idea: Add a 'Hash-Tag your song Button' => good for users & good for your ML recommenders & gives u more info $$,Music_Content
Why is my app not working on the new iPhone update ? What the hell am I paying for ?!!,App_Technical
question! I already have a Spotify premium acct but didn't know about the student discount. Any way to add that onto my acct?,Family_Student_Plan
please put aoa heart attack back on spotify,Music_Content
"hello, I had contracted the family plan, but I no longer have that plan and all my addresses are the same in all my devices",Family_Student_Plan
"I am unable to ""share"" anything. The app crashes when I try",App_Technical
No error message. The app crashes or just pauses,App_Technical
I'm trying to join Premium for Family but I get this error: Unable to join this Family plan. Can you help me?,Family_Student_Plan
Yo why is the go to version of shuffle songs the clean versions? If I wanted to hear clean music I'd listen to kids bop.,Playback_Issue
"Currently can't play many songs, ie: QOTSA - Villains album and many others. No reason appears for this, it just won't play",Playback_Issue
"morning, i am currently on a monthly premium plan, i would like to upgrade to the £15 family plan, how do i do this?",Family_Student_Plan
your app has currently been very buggy lately because after one song plays it stops playing the whole playlist.,Playback_Issue
Trying to redeem my premium gift card code and it's not working... Starting to get annoying now,Premium_Subscription
Trying to play Winnerbäck on either iPhone or iPad doesnt work. Nothing happens when I click song or shuffle.,Playback_Issue
yo what's up with Calvin Harris? I can't play him. You guys get in a Tiff?,Playback_Issue
I cant play certain songs on spotify that other users can play. What gives? Songs not grayed out so i should be able to play it,Playback_Issue
"It is happening with other artists, sometimes it says ""cant play song"" I think but mostly I just try to click it and nothing plays. I uninstalled the app and re-downloaded it but that didn't help.",Playback_Issue
"hey guys, I can't listen to Lana Del Rey.. that is a problem. I can't play half the songs in most of my playlist. What's wrong??",Playback_Issue
"With the latest update on Android, when I click Share on an album/song/playlist the app crashes.",App_Technical
"When update stuff on their system, wipe your profile wacking some randoms songs on there and all yer stuffs missing 😣 #nothelpful",Music_Content
can't login it suddenly says my account is offline after i restart(android). After login page>connect with facebook. Pls help,Downloads_Offline
"if the share function on android isn't fixed by Monday, Im gonna need a refund cause I'll be going back to Tidal 😌",Payment_Refund
"Love when I'm mobile, but the desktop app for my Mac continually crashes. It's horrible. Anyone have any suggestions?",App_Technical
I have a premium family account how do I go about adding family members,Family_Student_Plan
I currently am paying for the family plan but the 2 people I have on my account cannot sign in,Family_Student_Plan
I am still being charged on my visa card even after I have cancelled the subscription. Please give me refund.,Payment_Refund
"your web player doesn't PLAY. Chrome browser cleared cache, cookies, history, etc. It loads, but won't play =\",Playback_Issue
no customer service no? Convenient. Overcharged after cancelling my subscription and no way to talk to someone? Not the 1st time,Payment_Refund
"Hi, you have cancelled my family subscription; I cannot login for contact you. Please advise. Thanks, GD-H",Login_Issue
need to do student discount but link it to as well! So need to get premium!!,Family_Student_Plan
I hate that you search an artist on and put em on shuffle and it literally only plays like 6 songs when the artist has 100s of songs.,Playback_Issue
"Yes, airplane mode automatically turns WiFi off in the settings. So in airplane mode on phone, with WiFi off, and in offline mode through the app. I still get this prompt every time I go back into the app.",Downloads_Offline
Is there any way to preserve what offline songs and playlists I currently have downloaded on my phone? Not interested in losing 5+GB of songs I currently have synced.,Downloads_Offline
"The iOS app nags me about being offline every time I turn on the phone with Spotify open and I have the phone in airplane mode. Even when I have the app in offline mode. This makes using the app during flights a frustrating, annoying, painful, and slow experience.",Downloads_Offline
"when shuffle playing a 9,000+ song playlist, why do you only seem to play the same ~100 songs? 😒",Playback_Issue
"if it's helpful, i was able to get the songs to play on my amazon echo - but it still won't play through just the device though!",Playback_Issue
how do I get a refund or how do I get Spotify for students if it says I have Spotify free but was charged 5 dollars,Payment_Refund
Meant to add... I still can’t access Metallica music. Seems to be the only artist this is happening with for me.,Music_Content
"Hi! I want to ask a question about family plan. Currently, I subscribe it but it doesn't allow me to add new member. Why?",Family_Student_Plan
I would like a full refund!I was told my card wasn't charged yet before I tried to verify and it wouldn't let me,Payment_Refund
"I wish there was a way to ""bind"" songs together in so that when you're listening in shuffle, bound songs always play in order",Playback_Issue
I updated my app this week and now it won't play songs all the way through and sticks on ads. How do I fix it?,Playback_Issue
Please help me regain control of my hacked premium account.,Account_Security
changed to premium family but e-mails do not arrive with Family members?! #nottheonlyone #problem #spotify,Family_Student_Plan
Tried **. At least my student discount still works lol so I won't be leaving just yet 😂,Family_Student_Plan
I already paid for Spotify Premium. The question is why it is still Spotify free even though I have a proof of purchase.,Premium_Subscription
Spotify NL both the new Beck and st. Vincent albums won't play on Spotify desktop version. What's going on?,Playback_Issue
My email is associated with an FB account I don't have access to -- so I can't log in to that Spotify account to cancel. Help?,Login_Issue
I can't believe that the family plan does not have an admin feature to block explicit content on any/all users using the account?,Family_Student_Plan
"My account has been hacked?! Help me out, cmon",Account_Security
"I'm having trouble activating my student discount! Help? Currently a Spotify premium user, Hulu user, and student.",Family_Student_Plan
(I'm trying to activate the student discount that let's me merge my Spotify Premium and Hulu account for 4.99/month),Family_Student_Plan
I did that... And now I can't log back in. Says offline n I hit connect and it's just a black screen,Downloads_Offline
"I was charged twice this month, how do I go about getting a refund?",Payment_Refund
If possible would just like to cancel and get a refund.,Payment_Refund
why cant i join the premium family? I've accepted but it says unable to join,Family_Student_Plan
"hi I cant log in via the app, are you having issues?",Login_Issue
"can you please add 's music to your app, they helped shape the modern kpop industry so yeah. thank you 😊",Music_Content
"trying to add 2 family members to premium family keep getting 4 - Oops something went wrong, please try again. when accepting",Family_Student_Plan
"A limit on # of songs I merely ""save"" to intend to stream later? Despite paying for Premium? Bad response. Try again, with the word ""refund""",Payment_Refund
"Trying to add my family to Premium to Family plan but ""3 - oops there is a problem"" error message keeps popping up. pls help!",Family_Student_Plan
My account's hacked and I've e-mailed you back about the case. Mind taking a quick look? My work day will be bland without you :(,Account_Security
"ini kenapa ya padahal kemarin udah saya unduh, sekarang malah ga bisa diputar di offline mode?",Downloads_Offline
"When I turn on shuffle play for A$AP Rocky, only A$AP Ferg plays. There is a difference.",Playback_Issue
When I go to the A$AP Rocky Spotify page and click “shuffle play” it only plays A$AP Ferg songs on the mobile version,Playback_Issue
it will play about 2 songs and cut off wont let me press shuffle play again i swipe the app away get the same thing two songs then cuts off,Playback_Issue
"Hello. I want to cancel my premium subscription, but I deleted my Facebook a while ago and I am unable to log in. Please help!",Login_Issue
", please add ""Is That For Me"" on the Today Top Hits playlist! 🇧🇷🌎",Feature_Request
"Spotify premium saya sudah expired, mau subs lagi ngga ada duit😂, kapan ada promo lagi 5 rebu 3 bulan?",Premium_Subscription
"My student discount was terminated, but I am definitely still a student. Help",Family_Student_Plan
I love music. And no premium subscription. I don’t have enough money on my PayPal: what should I do?!,Premium_Subscription
Im not getting an error message. It just wont play. No matter how long i wait or tap the shuffle button,Playback_Issue
"I can play several albums, including this one in Chrome, but the application won't play it",Playback_Issue
please msg me as I got a issue with your family plan. Yes I sent the invites. It's not working. Please help! I paid extra !,Family_Student_Plan
Well the only time I use offline music is when I'm not in wifi and the only time I'm not in wifi is in my car so I can't really test it out,Downloads_Offline
"Hi, I was about to use the student discount but then decided to pay full price, it still charge me the $4.99.",Family_Student_Plan
I recently applied for student discount and was wondering if i could migrate student paid content to my non student email spotify account,Family_Student_Plan
"I paid for Spotify premium for the full year, I have the receipt in my emails. My premium is not working.",Premium_Subscription
why does this keep happening? I put it in for 4 days and lost my subscriptions and tried again it’s not working,Premium_Subscription
I can no longer change songs using my car controls as of last week. I did delete and re download the app. Still not working.,App_Technical
Feed 'Em to the Lions - Solo 45 put the song back on spotify,Music_Content
"Can't log into the app because I'm ""set to offline."" Clicked connect and then nothing happens.",Downloads_Offline
Here is the Screenshot. I pressed shuffle. It happens in all his songs.,Playback_Issue
"hey guys, why i cant play song that are not blacked out on the app? I had the same problem trying to play songs by Queen",Playback_Issue
"My premium isn't working. I just bought it, and its still saying im a free account. I tried looking up a solution online, but none worked.",Premium_Subscription
"I just signed up for student discount, I’m trying to activate Hulu and getting error “This field is required”",Family_Student_Plan
I'm having problems with my Premium Family account. Two of my family members have been unable to sign in.,Family_Student_Plan
"Logged out/in. Tried Chrome,Firefox - same issue, IE not supported. Installed desktop app for Win7 - everything as expected. Webplayer bug.",App_Technical
I can't play any repertoire on in the UK.,Playback_Issue
why can't I listen to downloaded music offline on android? I'm able to on iPhone. Still Premium account. Thanks.,Downloads_Offline
i was charged twice for my student account i want my money,Payment_Refund
The shuffle button doesn’t work on my iPhone sister. Fix this mess 😤😤,Playback_Issue
App crashes every time I go to share a song. Tried reinstalling the app and no results. (Google Pixel running latest Android),App_Technical
can any1 tell me y I've been charged twice each month since April?1payment coming out my bank the other with my phone contract,Payment_Refund
are you aware of any crashing issues on Android? The app has crashed 3 times now on my Pixel running Android 8.0,App_Technical
I’m no longer on Facebook and cannot log in but also cannot create a new account as it says my email already registered,Login_Issue
"desktop and mobile. but I don't get an error on mobile, it just won't play 😢",Playback_Issue
hi! I'm in Canada and can't play ANY of 's music. I can see all of her songs but can't play. I'm dying. pls help.,Playback_Issue
i canclld my acct n need to know how or what to do to get a refund on the payment taken out of acct today,Payment_Refund
Haah I just updated the app on iOS and it routes audio correctly again! Was that a short bug I missed?,App_Technical
I'm having issues cancelling my spotify. I recently lost access to my Facebook and can't log in.,Login_Issue
been hacked need some help,Account_Security
ever since I ended my sub with you I can't play music through the app anymore. What gives ?,Playback_Issue
Ahh yes shuffle works but not individual tracks,Playback_Issue
i hate it when you shuffle play on spotify and it gives you a song that's not even on the album,Playback_Issue
yo you should add this song to your new music friday playlist 😉💛,Music_Content
No the app just crashes and I reload it,App_Technical
iPhone after a song ends the app crashes,App_Technical
I have a problem with my family plan,Family_Student_Plan
"somethings up with Premium Family, I can’t seem to join ?",Family_Student_Plan
"Some albums won't play - it seems entirely random and I've tried on desktop and app, saving as well as downloading. It makes no sense.",Playback_Issue
"Most annoyingly, the shuffle function isn’t working. And I’ve just had to reinstall because the app kept deleting saved albums.",Playback_Issue
"No error message. The shuffle button will highlight green, but doesn’t work and un-highlights when the track is skipped or just changes",Playback_Issue
"I have already done that and no one has gotten in touch with me. Like I said, I won't receive emails in the hacked account",Account_Security
"when I search for Mastodon and then choose Crack The Skye album (shuffle play), it doesn't work. Am I the only one?",Playback_Issue
Please add last.fm support for remote devices. Really shouldn't be that hard to implement from the backend.,Feature_Request
"Either my mobile (android) or desktop (windows 10). It doesnt respond when i click them, if i try shuffle i get ""this song is not available""",Playback_Issue
Hi for some reason my account wont play Kesha tracks. Ive tried downloading it and it still doesnt work?,Playback_Issue
spent £15 making a family plan and received a message that you is experiencing issues will i get a refund in the meanwhile?,Payment_Refund
"Strange that it says £9.99 with student discount, right?",Family_Student_Plan
I am consistently reminded of how awful 's shuffle is... clumps songs by the same artist together without fail.,Playback_Issue
someone has hacked into and is currently using my account. email add changed. completely locked out. SOS.,Account_Security
why me getting charged twice 😒😒,Payment_Refund
"Hey when I try to share a song from mobile, the app crashes. Are you aware of a widespread issue?",App_Technical
i want to have a refund bcuz i have a debt of 400$ from yall and its only been a month,Payment_Refund
"No, its just on pc that doesn't work. Reinstalled the app and cleared appdata folder, still not working",App_Technical
? On top of #playlists there is a big green button #Shuffle. That is the only choice. Most of the time I do not want to shuffle,Playback_Issue
my school is not listed under the Colleges and Universitys. Can I still get student discount?,Family_Student_Plan
So my twitter got hacked. Charged my password and all but should I take other measures to prevent that from happening again?,Account_Security
I have not received any email to resolve this issue. I'm paying for premium but the service is not working on new phone.,Premium_Subscription
"Hi. Is there a way to stream different music to different devices (or, indeed, locations such as home and work) using Premium for Family? Two 'users' at home are too young to have email addresses/accounts, but like to play their own music on their own devices. Thx.",Music_Content
"I purchased a student discount account, however in my payment transactions, it had paid for both the student account and the yearly package.",Family_Student_Plan
hi i already paid for my premium subscription but my account is still on the free version :/ username is christaabad,Premium_Subscription
hello can u add button where u can play any random song from all songs in spotify with like shuffle omg that would be so cool,Playback_Issue
I keep getting 'Can't play the current song'?,Playback_Issue
don't think about premium subs dropping off re: lack of #AppleWatch offline playback #SoSad,Downloads_Offline
I'm having the #spotiamb.0.2.1 problem. Have I been hacked? Could you help?,Account_Security
"if I purchase the premium family plan, can we pay upfront? Meaning, how do we avoid monthly charges to a credit card?",Family_Student_Plan
hi why are all my offline devices the same devices? But my DL'ed was just deleted saying max of 3 devices can only download.,Downloads_Offline
"your app is tweaking tf out, I can't play anything no more. Fix it bro😤",Playback_Issue
can you put sixbomb on spotify,Music_Content
Any clue when you’ll start supporting NUS student discounts again? My learning provider isn’t on UNiDAYS’ website,Family_Student_Plan
what’s up with songs in my playlist not playing & playing random songs when I hit shuffle playlist? Like I don’t want orchestra....,Playback_Issue
everytime I try and add a member to my premium family this is what I see. Help pls,Family_Student_Plan
I’m trying to remove someone from my family plan but it won’t show who’s attributed to the accounts even when clicking on it.,Family_Student_Plan
"hi! I live in Porto, Portugal, and I cant log in my account, it keeps saying that I'm in a diferent country, I don't know why",Login_Issue
I just tried to sign up for the student discount and you took money off my card and my status hasn't changed,Family_Student_Plan
I can’t play anything and I am not offline,Downloads_Offline
I have paid for Spotify premium but I am still a free member. Help please.,Premium_Subscription
I would like to thank James for his excellent customer service and restoring my hacked account. And all within 24 hours .,Account_Security
please help me I have two months paid but no premium service!!!,Premium_Subscription
my student premium account doesn't give me the option to activate,Family_Student_Plan
"I reviewed the list and had only one offline device which hasn’t been used since 2016. I removed it, but nothing else applies to me :(",Downloads_Offline
hey guys. You've charged me twice this month. Same amount. Maybe I'm being stupid but I don't know why. Pls help.,Payment_Refund
I want a refund for 2 months of charges to my FREE ACCOUNT. I have tried contacting Spotify numerous times now unfortunately,Payment_Refund
hey account got hacked and deleted a playlist I had been building for 6 years!! Can I get it back,Account_Security
"I moved from Aus to Canada and now I can't login to my spotify account, can't change countries in my account info (only USA)",Login_Issue
My account was hacked and now I can;t log in. Please help! I use Spotify everyday!,Account_Security
"my spotify account only works on Wi-Fi, it says I'm offline when I am using my data. I am a premium user.",Downloads_Offline
hey! I just got subscribed to spotify premium for students and I got charged twice what do I do?,Payment_Refund
and i have to restart the whole app then i press shuffle play it said you need premium to play the music,Playback_Issue
am being charged for premium but can't access benefits of premium. Please fix? Account is under __email__,Payment_Refund
"my wife has problems to accept the integration to family plan, at the moment I am the holder and she is the invited one.",Family_Student_Plan
Please add sleep timer function in Spotify app for Android. Thanks.,Feature_Request
"My friends and I keep travelling although we are in same place, how can I use family plan ? how does the enrollment work ?",Family_Student_Plan
I payed for student premium+Hulu and it's not updating. I've logged out and in multiple times. What do I do?,Family_Student_Plan
"So, is there an actual shuffle function that is random? Pure random is what i need, for without i can't have a mix that is mixed.",Playback_Issue
No. Just locally on my pc. Pressing the thingy left of the play/pause/nextsong buttons. The shuffle isnt purely random i reckon.,Playback_Issue
Hey I can't play any song by in the app. OP5. I have already un installed and deleted the cache.,Playback_Issue
"proceeded to buy the normal premium for $12.00, so I got charged twice. Is there a way to fix this? Thanks.",Payment_Refund
"i also wasn't even under the $10 plan to begin with, i literally had the student discount. sigh I need a new music app now",Family_Student_Plan
Would be great if you guys actually accepted PayPal for student premium.,Family_Student_Plan
do you not accept NUS student discount anymore?,Family_Student_Plan
How can I amend the post code on my account? I'm in a family plan.,Family_Student_Plan
Need to cancel Spotify but can't log in to account to send online form. Help!,Login_Issue
"Hey , i applied for the student discount membership and it said that i was accepted but my account still is on free.",Family_Student_Plan
"I'm having issues with streaming specific songs. I can't play anything from imagine dragons and other songs, too :(",Playback_Issue
if you have an Card can you get the student discount of €4.99?,Family_Student_Plan
Help! I cant login to my account via email or FB. User id 1242609257. Could you please email me a password reset????,Login_Issue
yo you guys charged me twice this month-help a broke college student out since there's no number to call to help me out.,Payment_Refund
but I cannot recover my library. Please help. Don’t think I was hacked as password and email were not changed.,Account_Security
care to explain why you make all my songs offline?,Downloads_Offline
Uninstalled and reinstalled app and it's OK now. It wasn't actually on offline mode when I logged in.,Downloads_Offline
"No it didn't. Same error. Won't let me sign in as set to offline mode, but can't take it out of offline mode because won't let me sign in.",Downloads_Offline
app logged me out and was set to offline. Won't let me log in because of that and can't change it because i can't log in-help?,Downloads_Offline
do high school students qualify for the student discount?,Family_Student_Plan
why do I keep getting double charged every month?,Payment_Refund
"can you PLEASE add lyrics back and allow us to put our playlists and songs in orders (abc, year, date added, etc.,). PLEASEPLEASEPL",Feature_Request
I made twitter account because there is no hotline to complain to. This is unacceptable. I want a refund.,Payment_Refund
I’m trying to get Hulu from my student premium acct but it says I still have a free acct. helps.,Family_Student_Plan
Please put Julion Alvarez's songs back on Spotify,Music_Content
"hey,i filled out the information for the student discount and they said the file did not work multiple times,and charged me?",Family_Student_Plan
"Seriously, I can't change the address on my family plan. What a joke!",Family_Student_Plan
Hey I’m in need of some help. I paid for a year of premium on last week and now my account is showing as free!,Premium_Subscription
"my account was hacked last night, how do I get my access back?",Account_Security
Hi. Any idea why I can't play any Pearl Jam on any format? Phone says it's premium feature. I'm on the 'unlimited' plan. Thx,Playback_Issue
Idk why but s shuffle sucks ass,Playback_Issue
"Help. Only some of my ""Songs"" are available offline on my Mac whereas all of them are available offline on my phone.",Downloads_Offline
"I did all of the above. The only songs available offline are ones that are ALSO downloaded in playlists, but it didn't used to be this way",Downloads_Offline
Can't login please help,Login_Issue
My app keeps crashing and it’s making me sad. Staaaahp!,App_Technical
The Family Plan is a big rip off. I told you the day I signed up for it to cancel the family plan. Your foreign tech support was of no value. What I gathered from dialogue and their script only one of us can be on Spotify at a time. What a joke!!,Family_Student_Plan
Could you please add Apple Safari support for the Web Player?,Feature_Request
i love when i make a playlist on and when i click shuffle play it doesn't even play the songs on the playlist 🙂,Playback_Issue
"Hi, my Premium account just got hacked, can you please indicate how to restore service? Thanks.",Account_Security
fix your awful broken shuffle,Playback_Issue
Hey could you please change the picture to Louis Tomlinson and add his new song ‘just like you’ to the playlist? 😊,Music_Content
", sent invite on Premium Family, member accepted invite, clicked Redeem & entered code: Premium code does not seem to be valid?",Family_Student_Plan
I cannot see or change my family plan!,Family_Student_Plan
i updated my spotify app on my iphone and now it wont open? it just starts the loading screen then crashes ????,App_Technical
Hi can't play music since 2 weeks now since an ad is stuck on the webplayer or the app. Tried everything! Can you help? Thanks,Playback_Issue
"It's weird because I can pay the normal 9,99 subscription with paypal and Ideal, but the 50% student discount one only with credit card",Family_Student_Plan
So you can add a song to queue after clicking on a song from the time capsule and it keeps the better layout. Why?,Music_Content
hey i buy 1 year of premium it work 1 day but now its not working. please help me my name in spotify is farre1990,Premium_Subscription
"when you search for a song and it’s on shuffle, the song you click doesn’t necessarily play",Playback_Issue
Hey is it intentional that the shuffle ignores the playlist filter on mobile?,Playback_Issue
Hey it'd be awesome if my account would not get hacked twice in three days 🖕.,Account_Security
how do I add a family member to our family plan?,Family_Student_Plan
"was suddenly logged out of spotify on my browser. can't login, getting an error that reads: Oops, something went wrong.",Login_Issue
are you guys having software issues right now? can't log in to web player,Login_Issue
"Guys, I can't log in! The reset password page doesn't recognise my email, but says it is attached to an account",Login_Issue
"won't play , or . Probably a few more but these are bothering me the most",Playback_Issue
hi I’m supposed to have premium account till next year but it’s not working.. help yo girl out please and thank you,Premium_Subscription
What's up with this morning? Can't log in...,Login_Issue
"Hey guys, having issues with the web player not working, 'play' button is just shaded out and won't play. Logged out, etc...",Playback_Issue
"Some songs disappeared from my offline playlist, I’m sure I haven’t accidentally deleted them, what’s wrong?",Downloads_Offline
hi guys my accounts been hacked. Please help,Account_Security
Dear Spotify team Please add Spotify in the Kuwait playstore Spotify is a cool app.....,Feature_Request
I have premium acct. got logged out. Can't log in. email does not work.,Login_Issue
"iPhone 7+, Dear Evan Hansen's playlist (that I have saved) won't play :(",Playback_Issue
My Spotify keeps pausing and stops and then I go to it and can't play my music without exiting the app and coming back. Help.,Playback_Issue
my account was charged $10 when I should receive a student discount.,Family_Student_Plan
hey! I noticed that you guys charged me 10.79 instead of applying the student discount. why might that be?,Family_Student_Plan
"since Su I'm unable 2 login (android) Msg pops up ""U r currently set 2 offline"". Tapping ""connect"" does not help. Premium user",Downloads_Offline
Both WiFi and 4G. Android 7.1.1. Spotify updated a few days ago. Previously it was working and I was using the offline mode of Spotify.,Downloads_Offline
"Hello, the whole issue I am unable to login.. so can't logout. I have already restarted the device. See thread above.",Login_Issue
Please please add snoop dogg's riders on the storm,Feature_Request
"Someone else is controlling my account through Spotify Connect. Have tried ""sign out everywhere"" and changing FB password. Can still see their device listed/they keep switching music. Eek!",Account_Security
Spotify should add a category of your downloaded music,Music_Content
help me I lost my Hulu privileges and my bank account when negative cuz y’all overcharged me the regular price not Student.😭,Payment_Refund
my fiancé is trying to cancel his premium subscription but can't log in to cancel it. He can log into the app fine??? Help please,Login_Issue
"i was charged twice. This was not a bank problem, they are two different amounts. Help me. This is getting very irritating.",Payment_Refund
my account's been hacked. Received an email saying my personal email had je been changed. Can you help ?,Account_Security
"Signed up for the Student Discount. Have edu address and my college showed up in options, but says couldn’t verify...whats up?",Family_Student_Plan
: continuing. how does family member log on? usehis email and my password or? I have invite code but no where to insert code,Family_Student_Plan
"I went online, closed the app and opened and played a song, same exact thing happened as when offline",Downloads_Offline
hey my accounts been hacked by some dude name Joan and he's freeloading off my paid account and ruining my playlists,Account_Security
i have spotify premium and if switch to family plan to add my wife am i charged the full family price or just the difference?,Family_Student_Plan
my email address got changed NOT by me. how do i get this fixed. someone used a throwaway email - now I'm unable to login,Login_Issue
"I'm getting tired - plus, heart and thumbs up all apparently do the same thing - add a song to my library. Maybe shouldn't",Music_Content
"Hi, I just got an email telling me my registered email address has changed. This wasn't me. Now I can't login into my account. Can you please block my account right away?",Login_Issue
so my student discount has run for a year yet I’ve only just been found that out and I had no email I say it would go to £9.99 after that! and I’m in education for another 3 years so how can I get it again?,Family_Student_Plan
the ads and Shuffle only play for a free account are cool and manageable but suggested songs are not anyway to get rid of them,Playback_Issue
Thanks. Love you. That's why I have a family plan instead of a student. You guys listen ♥️,Family_Student_Plan
"I have two pending payments of 4.99 on my visa prepaid card, chose the wrong option twice, need refund to get to pay 9.99",Payment_Refund
why has my premium account now deleted all my songs (no offline access) 3 times in 1 week?,Downloads_Offline
I've been charged the $4.99 and had Sheerid tell me I've been confirmed as a student to spotify. I still have no premium account.,Premium_Subscription
can dual enrolled students take advantage of the student discount?,Family_Student_Plan
"I am getting a message that my payment information failed, but I signed up for the family plan with my wife and my account...",Family_Student_Plan
"Fam, I'm running OSSierra. I can save Playlists for offline use but can't for individual Albums? #ijustwannalistentohamilton",Downloads_Offline
Why can I no longer play songs on the Google Chrome App? It won't play any songs. Please help. I am desperate.,Playback_Issue
"I have my Spotify set to offline mode, but it's playing some songs not downloaded. Help!",Downloads_Offline
"Spotify's play queue is weird. 1. Play album 2. Add 2nd album to queue 3. Play 3rd album 1st song from album 3 plays, then next song from 2",Music_Content
"hello, someone hacked my Spotify account and changed the email and password... I sent you an email, how do I change it back?",Account_Security
I had niall horan's album on shuffle when all of a sudden taylor swift started playing ????? get it together plz,Playback_Issue
Submit evidence and other documents i gave up because that takes forever. But now i have already been charged. I need my refund,Payment_Refund
Free. I am used to the enforced shuffle but pulling songs from outside the album I am trying to listen to is mega frustrating,Playback_Issue
"nope, its still the same, every family member (except 1) is just labeled as 'Active' I can't see who is who. I'm trying to remove one of em",Family_Student_Plan
"I've created an account using gmail address, with ""__email__"". I can't log in, I can't reset password.",Login_Issue
Hey guys. I'm on the latest Android app and it keeps hard crashing when I try to share playlist with .,App_Technical
"Hi, I""m having trouble with my premium account. I don't have ads, but I can't download, change songs and listen offline",Downloads_Offline
"The app keeps crashing after I play a song too. I’m on iPhone 6, ios11 and spotify version 8.4.24, thanks RC",App_Technical
"Dear , just letting you know your shuffle algo now appears to be in perfect working order 👌",Playback_Issue
could you add a feature that allows you to continue where you left off on a playlist (after listening to another one),Feature_Request
Hey please develop a way to make daily mixes available to download to play offline? They're just too good 🕺,Downloads_Offline
"I just got charged 10€ because I forgot to cancel my Premium, would it be possible to refund it and have it removed?",Payment_Refund
"won't download my playlists for offline, ahh noo",Downloads_Offline
how can I get my student premium back with my new NUS extra card? Keep getting the unidays option not NUS?,Family_Student_Plan
"Can't play the album ""年輪说""",Playback_Issue
any problem from Spotify Family Plan?,Family_Student_Plan
"Yo , the app keeps crashing every time I try to share a song on my pixel!",App_Technical
"Hey Spotify. I can't share stuff on mobile anymore. Latest ver. of app, Android Oreo on Pixel. Crashes out. Any ideas?",App_Technical
I'm one more time that all my downloaded music is deleted again away from switching to Google Music.,Downloads_Offline
"iPhone 7+, iOS 11.0.3, Spotify 8.4.22. I turn shuffle on, then when I go to skip a track, it just turns shuffle off automatically.",Playback_Issue
My shuffle keeps turning itself off. I’ve deleted Spotify from my phone and reinstalled it but the issue still stands.,Playback_Issue
Please try! It’s been offline now for like 2 months 😫😫😫,Downloads_Offline
your Android app crashes when you try to share music. You should get this fixed.,App_Technical
I can't - unidays doesn't recognise my institution (Paragon Skills For Industry) :(,Family_Student_Plan
so no longer accept NUS cards for student discount - this sucks :(,Family_Student_Plan
I was also charged twice when it stated that i wasn’t being charged at all,Payment_Refund
Hi can you pls create a feature so I can add the music I’m listening to to my library while my phone is still locked? Thanks 🙏🏻,Music_Content
"After—however, the playlist is set on shuffle & repeat.",Playback_Issue
Twice this week on OSX10.13 Can't play certain artists (e.g. Beck/Eminem) Get “Song not avail..” Plays on mobile? Thoughts?,Playback_Issue
"I'm trying to sign up for student premium. My school is listed, but it says it cannot confirm I'm a student.",Family_Student_Plan
hey guys! I've been using Spotify FOREVER and I've hit the 3333 mark for offline downloads. Will this ever be extended?,Downloads_Offline
Student discount they say... but not accepting student discount cards for this - very strange!!,Family_Student_Plan
"Hi, I invited my sister to join family plan but she can't. We did as advised on the web but it still didn't work?",Family_Student_Plan
"I can't play any Ed Sheeran music anymore, it says it's not available. Why is this?",Playback_Issue
"shout out to for helping me with my hacked account, y'all the real MVP 👏",Account_Security
Pls help. I cant log in so that i cant cancel my subscription. My email is __email__,Login_Issue
I have been charged twice and a DOUBLE wrongly amount !! still not enjoying Spotify Premium. Please respond!,Payment_Refund
"I cant invite any of my family member , when i accept the invitation this msg pop up "" Unable to join this Family plan. Try again by clicking the ACCEPT INVITE button in your email. If that doesn't work, ask the plan owner to send another invite.""",Family_Student_Plan
"Hello, how come you don't develop an app for Apple Watch, so that premium members can listen to offline music from the watch?",Downloads_Offline
"Hey when I click on a specific artist to shuffle songs, it never actually plays it. help",Playback_Issue
"Hey , is there any way to change a premium account to a family plan?",Family_Student_Plan
"Hi, I have the family plan today, however, my family members aren't able to join spotify through the link.Would like some help",Family_Student_Plan
I'm unable to log in my Premium account. Not sure what happen. My un/pw isn't working. I really don't want to create another,Login_Issue
"I have signed up and am paying for the family plan, but when I try to add family members, the screen is black. How do I fix>",Family_Student_Plan
Hey i was trying to accept a family invite but it comes up with a error message saying i cant be a part of that family.,Family_Student_Plan
"am having issues joining a family plan, would you help?",Family_Student_Plan
Spotify cares? Still no response from you. Our account has been hacked. Help / support needed please,Account_Security
What's up why can't high school students use the student discount?,Family_Student_Plan
are you guys aware that Spotify immediately crashes on Android 8.0 when using the share feature? #pleasefix #help #qatesting,App_Technical
you should have a super eclectic playlist called “Shitstorm Shuffle”…for when you’re not sure what mood you’re in :),Playback_Issue
. A family member cannot join our family plan. When she clicks on the accept invitation link it says she cannot join. Help :(,Family_Student_Plan
I need to cancel premium from a deleted facebook linked account. I cannot log in to cancel. Please assist.,Login_Issue
I can't add my son to the PREMIUM family account.,Family_Student_Plan
Why am I being charged for premium but not receiving any premium services? And why don't you have telephone troubleshooting?,Payment_Refund
i cant login to my premium for family account ... my profile is showing as free for some reason,Login_Issue
"here, why are you displaying albums that I can't play?",Playback_Issue
"Dear can you add a feature where you can block an artist from appearing in playlists, shuffle, radio, etc?",Playback_Issue
can you put all logics mixtapes on spotify,Music_Content
I have problem with my premium account. Pay for year! But have only free account. I hope that’s only mistake. Thanks,Premium_Subscription
paid 4 premium still ads & listed as free. Logged in and out several times Payment not pending in bank funds withdrawn,Premium_Subscription
Can't listend to anyou songs in playlist not in offline mode either please help 😂,Downloads_Offline
no error messages just won't play any songs saved.,Playback_Issue
"i think you should add a feature where on collaborative playlists theres a ""like""button so we can know if people like our song",Music_Content
"I just moved and sent an invite for the premium,BUT how do I change my address so my family member doesn't get error message?",Family_Student_Plan
"why have you charged me £9.99 for the last two months when I'm on a student plan and was paying £4.99 previously, I want a refund asap",Payment_Refund
put Hot Love Drama by on Spotify please and thank you.,Music_Content
I have a premium account &it works with sonos but when I put my password in just 2use Spotify on my phone I have no premium 😏,Premium_Subscription
could ever add a random song button? picks a totally random song from anywhere in the world and plays it for you,Music_Content
"hey guys, I can't share songs from the mobile app, just crashes. Pixel running Oreo, most recent Spotify release.",App_Technical
"spotify is wank, someones hacked into my spotify for the second fucking time",Account_Security
"I think my account was hacked. I'm logged out on all my devices, and the email address/login no longer works. Help?",Account_Security
"My spotify unlimited was attached to a fb acc which has since been deleted, as has the email. How to cancel if I cannot log in",Login_Issue
cannot login the buttons aren’t activating anything,Login_Issue
needs a “continue shuffle” button,Playback_Issue
Can please recognize me as a student soon so I can get the student premium? 🤔,Family_Student_Plan
Wow someone got into my account and deleted all my playlists!! Is there any way to recover them?,Account_Security
How strange! I download podcasts offline just fine to save on data. Maybe update your app. ?,Downloads_Offline
i'm having a problem logging in bcoz I am in an offline mode. What should i do?,Downloads_Offline
I can't log in on my desktop or Android but can access the web app. Error 408.,Login_Issue
"Hey, do you know why this album appears missing? It’s one of my favorites.",Music_Content
id like to know if there was a way to get shuffle to actually work,Playback_Issue
can you fix the shuffle feature? i hear the same songs repeatedly when i have 1k+ songs in my playlist,Playback_Issue
please please please put version of Heroes that was in the recent Justice League Trailer on Spotify that,Music_Content
please will you put zenon's soundtrack on spotify? (the disney movie),Music_Content
can you pay for subscription with gift cards and can you download for offline listening?,Downloads_Offline
"I already have the student discount, but I can't figure out how to activate Hulu on my account.",Family_Student_Plan
"why a shuffle button as the green action on an album? This makes no sense, and drives me nuts on mobile.",Playback_Issue
Someone hacked my Facebook that was linked to my Spotify. Fucking lovely,Account_Security
Any way I can add more people to my family plan? Would be nice to add more for like $2 more a month per person,Family_Student_Plan
my account was charged twice!I only have one account yet I'm getting charged twice!,Payment_Refund
why aren’t the songs I have on groove music able to download? I transferred them over and half are missing. Groove needs to stay because at this point Spotify sucks. I can’t download the songs I own either. #pitty,Music_Content
Can't login when set to offline?,Downloads_Offline
more loading.. And the music stops playing 10 seconds in...,Playback_Issue
Hey can you please add no ceilings by lil wayne plssssss,Feature_Request
I was charged full price these last month even though I provided evidence of enrollment via student discount sign up link why?,Family_Student_Plan
hey! i just signed up for the premium family plan and some ppl aren't getting the invite while others are. how do i fix this?,Family_Student_Plan
"My Spotify won't play any of my albums, I've already tried logging out of my Spotify multiple times and restarting my phone.",Playback_Issue
", Why is it that my account was charged 9.99 , but I no longer have premium. (I have bank statements to prove)",Payment_Refund
"Hello, i cannot log in to Spotify bc it's set offline. How to connect to online?",Downloads_Offline
"hey there, as of today my iPhone app keeps crashing a few moments into songs (offline/online mode, diff playlists). Any advice",Downloads_Offline
"Hi There! I’m now a Student, on a Family Premium Plan. Is it possible if my UNiDAYS 50% Discount can Apply To Family Plans? 🙂",Family_Student_Plan
my account has been hacked and email changed. Please contact to sort asap,Account_Security
"Frequently finding that my app takes FOREVER to load anything, and often causes my phone to crash altogether. Help?",App_Technical
my premium is not working and I paid a year in full last month?? Help! User name wes711,Premium_Subscription
hi pls consider putting check-in by seventeen on spotify. thanks!,Music_Content
I would be if my ACCOUNT DIDNT GET HACKED help meee someone is using my Spotify premium,Account_Security
Moved from the US to Spain and I can't login with Fcabeook on bc countries do not match. Can't change country in Settings. Help?,Login_Issue
For a while now I've noticed that whenever I shuffle one of my playlists the queue is sorted by artist if an artist reoccurs,Playback_Issue
"It happens on all my devices (mac, android, alexa) Basically if I shuffle a playlist the queue will have strings of songs by the same artist",Playback_Issue
"For example, I have 6 songs from one artist in a large playlist. Almost every time I shuffle, those 6 are consecutive",Playback_Issue
I'm using an android phone (Galaxy s6) and a Windows laptop. I can't play any needtobreathe song on either one.,Playback_Issue
Entire artist catalogs won’t play on my iPhone 7 and MacBook. Other accounts in my Family plan fine. Help?,Family_Student_Plan
please add more joan jett,Feature_Request
"please add a ""delete cache"" button...just had to uninstall app to free space on my phone!",Feature_Request
Premium is not working for me though I bought it this past Monday. Please help.,Premium_Subscription
I was charged the annual suscription but the premium does not work for me,Payment_Refund
"can you guys please add the rest of Stuck In The Sound's songs, you missed all of the good ones(shoegazing kids, and pursuit)",Feature_Request
"why can't I get a student discount too? I may not be in college, but I'm a broke high school student 💁🏼",Family_Student_Plan
"My girlfriends account has been hacked weeks ago, contacted Spotify (webform) but never received a reply. Please resolve.",Account_Security
hi. My account appears to have been hacked. How do I resolve this issues?,Account_Security
"why can't I listen to anything anymore? I get ""suggested songs"" everytime I shuffle an whole album. An whole artist.",Playback_Issue
why does the app keep deleting my offline albums?,Downloads_Offline
I can’t seem to join my family’s family plan....please help me !,Family_Student_Plan
"Can I get help with a refund ? I don’t care if it cancels my premium, it hasn’t even been a day since the payment. Please help",Payment_Refund
Why is the shuffle functionality so janky? Love Sgt. Pepper's but shouldn't hear it on repeat with 1000s of songs in library.,Playback_Issue
hey there I've been charged for full premium but I'm a student so can I get a refund for the difference?,Payment_Refund
I was charged the subscription but I cant use spotify premium. Whats going on?,Payment_Refund
"can't log in, it says I don't have an account although I'm using the right email. I have a premium account",Login_Issue
Hi I have the Spotify Family Plan. Is there any future plans to allow to invite more family members.,Family_Student_Plan
Love it when my UNiDAYS code stops working on - it appears my 'student credentials are linked to another account' I don't think so🤔,Family_Student_Plan
cant log in it wont accept my email address !!! Your still billing me with no access ??,Login_Issue
"I have the family plan, but on the website it says start a free trial.",Family_Student_Plan
certains artists wont play on spotify when i click on their songs,Playback_Issue
let’s get one thing straight. I’ll listen to the ads. I’ll play on shuffle. But don’t fucking add in songs by other artists.,Playback_Issue
"Please add Podcasts to the Search! I would really love to be able to search by name or topic, etc.",Feature_Request
Hi why was I charged $9.99 this month instead of my usual $4.99 student discount?,Family_Student_Plan
my premium account has been hacked!! please help! my email has been changed! I cant reset pwd! Im locked out!!,Account_Security
You replied that I need to cancel my account without a refund and then sign up again. That's horrible business,Payment_Refund
And by 8 ads I mean played them 8 times in a row. And wont play any music list. Keeps saying to BUY premium. I'm a college student in debt 😡,Playback_Issue
I get charged each month but the accounts I log into say I'm not on premium. I need help,Payment_Refund
I have been charged twice for the same month of premium,Payment_Refund
It’s 2017 and still didn’t figure out how to store more than 3333 songs for offline listening on your phone . #fail,Downloads_Offline
"Ugh, latest Store update on #Windows10 is slow 2 detect connection. Shows ""offline"" before connecting. #squashthatbug",Downloads_Offline
"I just signed up for Premium Family, entered the wrong Zip code. Changed in FB, but did change in Spotify. How do I fix this?",Family_Student_Plan
Dear - my desktop application is constantly offline despite strong internet connection. How do I connect?,Downloads_Offline
Hey ! My desktop app won't let me play a new song when I click on it - it just pauses/plays the one I'm currently listening to. Any fix for this?,Playback_Issue
i was charged for a premium subscription when i thought i was getting a 60 day trial from starbucks :-/ is a refund possible,Payment_Refund
"I have a premium account but I want the student discount, but I currently pay with iDeal, and when I want to activate the student deal, I have to fill in my info for a creditcard. Why and is there a way I can pay with iDeal like I am doing now? #Netherlands #Spotify",Family_Student_Plan
Am I the only whose iPad app crashes almost every time a videoad comes up? #Spotify,App_Technical
What is DM? It’s sucks that you don’t had an 800 number I want a refund dating back to premium Activation!!!,Payment_Refund
My family plan premium is not working maybe it was set up wrong but my kids keep knocking each other off music,Family_Student_Plan
"put the album on spotify, please.",Music_Content
rubbish rubbish service! hacked account and no contact number to call!,Account_Security
someone has hacked my account and changed the email and password belonging to it. What can I do?,Account_Security
Hey ! Can I block people who add random music into my collaborative playlists ?,Music_Content
"My account has been hacked and my backup email address changed. I've sent you an email to confirm, when can you fix? Thanks",Account_Security
"i can't search for artists, I can't play songs and everything takes AGES to load and whatever I'm trying to do doesn't work",Playback_Issue
you should add my songs to a few playlists,Feature_Request
"hi, I can't play Paul McCartney songs on desktop or phone but I can through Sonos using same account. Any ideas?",Playback_Issue
I have a premium subscription but Spotify account has changed to free account.Subscription on iPhone states it renews on 11/19,Premium_Subscription
Ist there still a limit on the number of offline songs?,Downloads_Offline
thanks for the info it is very helpful indeed. by the way one of you competitors makes the claim of 100.000 Songs offline.,Downloads_Offline
No. Just work it out and make sure when I shuffle it doesn’t play the same album for 5 songs in a row 🤷‍♀️ that simple,Playback_Issue
when I say shuffle...I mean it. That’s what “up next” is for...I’ll make those calls.,Playback_Issue
"Hey! I'm having trouble logging into the Spotify app on my Samsung Gear S2 watch. My info is correct, but it won't work.",App_Technical
I think your mobile app has a login bug? I downloaded again and the login or signup isn't working. ?,App_Technical
The family member I’m trying to invite to my plan doesn’t receive the email despite several re-sends?,Family_Student_Plan
"hi, i did pay for student premium but my spotify account is still free. can you help me please.",Family_Student_Plan
"Says ""You are currently set to offline. Please go online to connect to Spotify""",Downloads_Offline
"No, the problem is I open the app and it says im offline, so it doesn't login. But, I am connected to my mobile network",Downloads_Offline
"I have the same issue. ""Your account is set to offline - please go online to connect to Spotify."" Oneplus 3T, Oxygen OS 4.5.0 (4G and WiFi)",Downloads_Offline
I can't log in on any device and I've reset my password twice,Login_Issue
I have a student discount on my account and I have a nus card how do I keep my membership?,Family_Student_Plan
why my hacked Spotify is doing this?,Account_Security
Trying to switch my premium account to premium family with an invite from my dad; getting error 601 on confirmation page.,Family_Student_Plan
when i push “shuffle” i actually want you to shuffle my songs. don’t act like you know me like that.,Playback_Issue
"The irony of denying my student discount , when they’re. Emailing. My. University. Email. 🔍",Family_Student_Plan
not liking the app crashing during my 30 mins,App_Technical
please help. Signed up to a premium family account but the email is not going to my wife.,Family_Student_Plan
Still plays the same songs over and over despite shuffle. My iPhone (and years ago my iPod) has a true random shuffle.,Playback_Issue
I have a playlist with almost 700 songs but only plays about 50 even when shuffle all. Why?,Playback_Issue
"Hey spotify, my account was hacked into about 30 minutes ago, and I would like to get it recovered as fast as possible.",Account_Security
the app keeps deleting offline/saved songs off of my phone with no warning. I have plenty of space on it. Samsung S6 Edge.,Downloads_Offline
Why have I been charged twice in the same month??,Payment_Refund
spotify should fr add an alarm setting to their app like i want to wake up to my favorite music but im also broke as hell,Music_Content
Hi My tracks have been crackling for weeks including offline playlists. On wifi & network & various headsets. Any advice?,Downloads_Offline
my account has been hacked and you mfks don't have a straightforward link to get help or report this issue.,Account_Security
there’s like a whole monsta x album missing on spotify fix it uglies,Music_Content
Hello i set up a premium family account and now when I sign in and try send invite it says contact premium account owner,Family_Student_Plan
Hey tried to get student discount after multiple times of trying to confirm that I was a student I finally got it to work but I was charged the 4.99 twice and still not premium. Help!!!,Payment_Refund
I'm getting charged for premium but do not have premium,Payment_Refund
Can I pay for spotify premium before it expired?,Premium_Subscription
"Even turn shuffle back on - it stays on momentarily but when my phone goes to sleep or I skip a song, shuffle turns itself off again",Playback_Issue
"But if they are both on my killer 1960s playlist that I want to shuffle, they should be next to each other, right?",Playback_Issue
Signed up for premium family today. Unable to invite family members. Need help asap. Spotify is kid's birthday present. HELP!!,Family_Student_Plan
can you please fix ur desktop app it keeps crashing,App_Technical
So someone got into my account. Really I’m only mad they were listening to crappy music.,Account_Security
I was charged twice when I payed my subscription,Payment_Refund
"Hi, I bought a premium subscription but when I log in to the app I still have a free account and i close the sesion,",Premium_Subscription
hey spotify how come im not able to listen to ed sheeran anymore? i click on any of his songs and it just wont play,Playback_Issue
"funnily enough no, none. its like spotify freezes it just stops playing music until i click on something else. thanks for the reply",Playback_Issue
"I'm seeing conflicting information, am I capped at 1,333 songs offline or 10,000?",Downloads_Offline
"all downloads removed, Android settings showed the app still taking up 1.5 GB 2/2",Downloads_Offline
& this happens. it just gets stuck there & it won't play my music. happens with every one of my playlists,Playback_Issue
"They just stop playing and I can't play them anymore, and it's not a connection issue because other albums or radio or playlists work fine",Playback_Issue
"Hi there, I can't play none of Beck song for some reason. It works on my hubby's account. Why...?",Playback_Issue
I followed the step one by one. But still can't play none of Beck songs. Others are fine..,Playback_Issue
Can students still get 50% off with a NUS card and not Unidays ?,Family_Student_Plan
$4.99 was taken out of my bank account for the student discount premium package. Yet I still can’t play my music w/o ads,Family_Student_Plan
"Hi, I've just noticed I've been charged twice this month, can you help please?",Payment_Refund
Hi I've been charged twice this month can you look into it for me?,Payment_Refund
Gotta love having 9999 songs and shuffle will play the same songs 3 days in a row.,Playback_Issue
"Hi, I accidentally reversed* the payment to Spotify, now my account has been deactivated, cant login. Could you reactivate it?",Login_Issue
Would appreciate it if you at least acknowledged the bug and tell us you're going to fix it in the next release.,App_Technical
pretty much just doesn’t play offline when thats one of your main things you advertise,Downloads_Offline
I can't log in to my account!,Login_Issue
looks like my account was hacked & my playlists were deleted. Any way I can get those back?,Account_Security
No message comes up except when I try to press shuffle play,Playback_Issue
still experiencing the same issues... help? refund my premium payment for this month? this is sad #brbcrying,Payment_Refund
Same. I wish Spotify had a calendar view of when new albums come out for artists you follow.,Feature_Request
Yeah when I go to their page and hit shuffle play it does this and whenever I add their songs to my queue they disappear,Playback_Issue
Spotify won’t shuffle my playlists on my phone anymore nd it’s annoying,Playback_Issue
my downloaded music get randomly deleted from my phone and apparently this isn't an isolated case. what is uppppp )-:,Downloads_Offline
"Hi, I really want this song. Could you please add this song? thank you.",Music_Content
"Disconnected basic acc from Facebook in desktop app, now can't login to Basic or Premium. Reset p'word either says unknown or not available.",Login_Issue
quit giving student discount?,Family_Student_Plan
"So, why not put a coding function in ""if user selects folder: put in a 'shuffle folder', shuffle all songs in folder""",Playback_Issue
made a new student discount yesterday w help from Spotify and I still have ads/can’t pick what song I listen to,Family_Student_Plan
"When I go to OFFLINE mode the downloaded songs I have will not play Doesn't happen all the time, but has happened more than once on Samsung8",Downloads_Offline
"I have a question about my refund, I sent u a message in your dm",Payment_Refund
Why can't have the radio feature to be able to shuffle songs?? And also to add different varieties like Pandora....,Playback_Issue
So why did I get charged twice then,Payment_Refund
Hello. I cannot pick UK as a country when I'm trying to apply for the student discount. It is not on the list.,Family_Student_Plan
why can’t I play the new Wu Tang Clan album on shuffle?,Playback_Issue
need help with getting a refund,Payment_Refund
"I have the student discount and I have the free hulu sub with it, but I was just charged full premium price instead of student",Family_Student_Plan
"Hey it would be really nice if you can add an ""avoid all reggaeton music from playlists"" button 😬",Music_Content
"I've been charged twice this month, one of my normal student member ship and one for a full membership plz help",Payment_Refund
my account has been hacked and the email has been changed. Can you help me quickly?,Account_Security
"It wasn't loading because I didn't have any unthrottled data volume left, so I switched it to offline.",Downloads_Offline
"I keep pressing ""shuffle play"" and its not playing the song(s) ...",Playback_Issue
Huge thanks to who resolved my hacked account issue in under 30 mins.,Account_Security
why is your app on iPhones always show offline.. can’t listen to it in my car but you charge my credit card $9.99.. not happy,Downloads_Offline
I cant connect 2 hulu with my student spotify account and i was also overcharged last month for no reason. How can i fix this,Payment_Refund
I was just charged $5.39 twice and my account isnt being approved for the student discount I need my money back,Payment_Refund
"Dear , When I'm in offline mode, the only thing I need to see is my downloaded songs/playlists. Sincerely, Everyone",Downloads_Offline
English then: can I still get student discount when I already have premium?,Family_Student_Plan
I was hacked and didn't get to try the app or anything. Please fix 🔨🔧,Account_Security
"no, i just click the shuffle play button and nothing happens, i try it with a different playlist and it works",Playback_Issue
"I cant login to my account because my Facebook is linked to it.I also can’t sign into my Facebooks,tried everything,what do I do?",Login_Issue
I signed up for the $9.99 plan but I can't log in.,Login_Issue
i can’t get the family plan to work 😭,Family_Student_Plan
"What's happening with your music in , ?? Your songs won't play anymore... 🙁",Playback_Issue
how come this album isn’t on #Spotify? All of albums are but this one. Please add it! 😊,Feature_Request
", I need some help with my family plan...",Family_Student_Plan
"hi. Share button in android app just crashes Spotify, has done for over a week now? Help. 8.4.22.857 on pixel xl",App_Technical
"No, but it does shuffle only within the first 50-100 songs. No songs past that will play in shuffle mode",Playback_Issue
App didn’t crash. Was playing music whole time. Didn’t close out of it either,App_Technical
"Bruh, who ever hacked my Spotify and deleted all of my playlist, I’m gonna wreck your life. I had thousands of songs categorized, Son.",Account_Security
"I'm Pixel XL, Project Fi, Android 8.0.0, Oct 5th patch, and Spotify 8.4.22.857. Crashes and restarts repeatedly on share attempt.",App_Technical
", When an we expect the fix for the sharing songs without app crashes? I'm Android and seeing the issue as are others on IOS",App_Technical
"hi, I've cleared the cache of a premium account, signed back in and now it is a free account. What happened?",Premium_Subscription
i know im offline but how exactly am i supposed to connect online when i try to log in n ur msg keeps tellin me to connect online?,Downloads_Offline
"hi, spotify just charged my card twice for premium despite that i haven't bought or been trying to buy premium, what do i do?",Payment_Refund
"My account was hacked :( There are others hacked users on Twitter today, change your Spotify password just in case.",Account_Security
"if I switch from Premium to family plan, when the new price takes effect? Immediate or at the current subscription cycle date?",Family_Student_Plan
"signed up for student discount premium 2 weeks ago, Still does not show up as my subscription. Student status not verified?",Family_Student_Plan
"if I press the thumbUpButton in my androidRemote while playing in Desktop it doesn´t add the song to my RadioFavoritesPlaylist, BUG",Music_Content
Please put the Podcast on spotify!!! They have applied a few times and have a huge following! PLEASE,Music_Content
Someone hacked my artist account & locked me out of my own shit. So I can't login & ya'll ain't returning my emails 😞,Account_Security
I meant to cancel my account before this months payment but couldn't because of my work. Is there any way I can get a refund?,Payment_Refund
Hey why was I charged $5 on 9/12/17 and $10 on 9/18/17 and today.... Can I get a refund for both of the $10 payments?,Payment_Refund
site was glitching yesterday when i tried to cancel my premium - do you have a contact# to talk to about getting a refund?,Payment_Refund
Well when I try to play music it says it can't play at the moment And when it does play it plays 1 song then it stops after the song is over,Playback_Issue
Can someone explain to me why you can't shuffle your playlist songs on ? #ugh,Playback_Issue
I just want to shuffle my songs in my playlist so I don't have to listen to the same order over and over...,Playback_Issue
I have found the shuffle on Spotify webplayer... and now i feel dumb. Thanks for caring anyways. :),Playback_Issue
I need help with my Spotify Premium Family account . Frustrating I can't just email or call someone,Family_Student_Plan
Has a “family plan” but no way to play family-friendly radio content #makesnosense #needfiltering #whatamimissing,Family_Student_Plan
Cancelled due to your policy with the family plan. My adult children can’t use my plan because they don’t live in my house.,Family_Student_Plan
I use my student email but I do not have the student discount nor do I have access to Hulu? What do I do?,Family_Student_Plan
help help please !! trying to join wife's premium family plan but can't seem to join. heeelp!! invite to __email__,Family_Student_Plan
"You guys need to work on your algorithm for how you shuffle songs as well, too many repeats.",Playback_Issue
"iOS controlling Android. Shuffle plays the same artist again and again in a list with 2k songs, no matter what I try. 😡",Playback_Issue
"hey i just paid for spotify premium but why my account still written ""free""",Premium_Subscription
bitch put tum hi ho on Spotify,Music_Content
Yo . Your shuffle button needs tweaked. I have 6 different artist on one playlist yet it played 1 artist 7 times in a row.,Playback_Issue
"I have no idea ? I just open the app, go to my playlist and hit shuffle on my drive to work. Not sure what spotify connect is",Playback_Issue
Somebody hacked my account. First time ever something like that happened.,Account_Security
"on Android 8.0 using a Google Pixel and when I try and share a playlist the app crashes, already reinstalled. Ideas?",App_Technical
I can't login to my account. Please help,Login_Issue
hey my spotify premium is not working i paid with my cc and i don't have it yet my mail is __email__,Premium_Subscription
hey my spotify premium is not working i paid with my cc and i don't have it yet,Premium_Subscription
"Hi if I'm on a family plan, is there any way I can pay yearly and NOT monthly? Would be much more efficient.",Family_Student_Plan
#HackedAgain Someone that I don't know has added new music and controlling music playing on my device. Seriously second time hacked,Account_Security
I can't remember what username or email I used so I am paying spotify premium but can't login,Login_Issue
"MAJOR Question: There is a lot of talk online about the Snowy app for Apple Watches. Has there been any development on that app? I love Spotify, but this lack of offline music is turning away many of your regular users. Any updates?",Downloads_Offline
ps4 related. When i just want to play all songs only the first one does then it stops playing mid song. Or it will restart the song completely 1min in happens in game or not help please been going on for a month.,Playback_Issue
jaxster1969 premium account no longer active and NUS link not working on your web site - please help,Premium_Subscription
"Hi I've paid 3 months premium but still free account cab you check on this. Thanks. Here's the ref number LKRVEV91, I've paid again but still free here's the 2nd reference number MUL7GG36",Premium_Subscription
I’m having trouble with my family plan I’ve tried to add my girlfriend but it keeps asking her to re-enter our address.,Family_Student_Plan
spotify premium on my phone refuses to play Ed Sheeran? It stops playing. I don't have any ed sheeran on my phone storage.,Playback_Issue
was charged for a thirty day ‘free’ trial after 13 days can you tell me how I can get a refund please.,Payment_Refund
How the HELL do I get premium off shuffle? 😫,Playback_Issue
could you put Little Green Bag by George Baker back on spotify? That'd be greaattt 💕,Music_Content
"Or better said: How can I listen the songs offline, it doesn't work if I put the connection offline and they are in my library.",Downloads_Offline
"Hello, ? Trying to add Husband to Premium Family account and you don't like his email address for some reason!",Family_Student_Plan
WHY THE FUCK i CANT PLAY WOLVES ON SPOTIFY,Playback_Issue
Why can't Family Plan subscribers pay a year in advance and save like normal premium subscribers??,Family_Student_Plan
"please help me understand why when I click on shuffle to play a song in an album, Spotify plays random songs by diff artists?!?",Playback_Issue
"Hi, whenever I lock my phone or go off the spotify app, the music stops playing, is there a way to fix this?",Playback_Issue
after I play a song my music stops at the end of the song I have to close app and redo everything every time. Update in work ? Help,Playback_Issue
my playlist won't play!!!!!!!,Playback_Issue
Can notify us when our student discount needs to be redeemed so I don’t get charged full price for 2 months without knowing 😒,Family_Student_Plan
seriously ADD 2 STEP AUTHENTICATION!!!!!!!!! I am canceling my service until you can prevent me from getting hacked,Account_Security
"trying to renew my student discount but i enter my name, click the school name & get this error message? is it a glitch? help",Family_Student_Plan
My songs won't play...,Playback_Issue
"free. Even on free though, it should continue on the album/shuffle without cutting away. I understand adds but it goes onto a different list",Playback_Issue
is anybody going to support? I am still waiting as a paying premium customer and cannot log in on any device. Disgraceful,Login_Issue
And this is not set offline,Downloads_Offline
"hi, Spotify isn’t set on offline but every time I’m not on WiFi it says “Spotify is offline” but my data is activate",Downloads_Offline
Unable to login due to website telling me my account is linked to Facebook when it is not.,Login_Issue
how do I access my family premium plan? it is not working on the Spotify site.. be nice to chat or talk with someone,Premium_Subscription
None whatsoever. The music just won't play,Playback_Issue
I was . But now I also can't play the song . It's an Android,Playback_Issue
Finally got around to trying it and no that did not work. It plays one song and then doesn't move on and makes it so I can't play anything,Playback_Issue
"Even play any song from the playlist, a different playlist etc. it just won't play I've already exited and went back into the app many times",Playback_Issue
"Hi! Shuffle seems to default to off when connected to my car via Bluetooth, is this a known issue? Cheers!",Playback_Issue
Hey / why has offline scrobbling not been implemented yet? /cc,Downloads_Offline
put TWICE on spotify,Music_Content
"Dear if I wanted to listen to 4 straight tracks of the same artist I would have the decency to search the name, not your shuffle",Playback_Issue
"Really need help, my credit card was charged twice with an hour interval of spotify (the student promo)",Payment_Refund
Why haven't I noticed a change in the shuffle then 😭,Playback_Issue
your shuffle constantly playing the same songs over and over again is the reason I want to end my life,Playback_Issue
hey ! just released a brand new single called ‘killing me’ you should add it to one of the aussie playlists!!,Feature_Request
hello how can \i add my original music to spotify?,Music_Content
Is this the oly way to put my songs on Spotify cause i ve sent my info to two of the companies listed but no one has answered yet,Music_Content
premium family subscriber. Blank invite screen dozens of others in comm help same issue no solution hopeless support,Family_Student_Plan
"Is there anyway you could please add ""King Of The Fall"" by the Weeknd to spotify? I need that for my pregame playlist.",Feature_Request
im having issues i just signed up for the student discount and i got charged but my account isnt showing as a premium,Payment_Refund
"Is there a reason some albums are not complete? ""Troubadour"" by George Strait is missing from the album of the same name! Help!",Music_Content
The album is on there. In reality it has 12 songs. Only 10 are on Spotify... the title track is one of two missing.,Music_Content
"No errors, if I'm in the middle of a song and tap on the song that doesn't play it immediately stops playing music",Playback_Issue
"I added local files 2 a playlist — atm, I can’t find them on my iphone playlist. There’s also no option to make them “available offline.”",Downloads_Offline
"Every time I click shuffle it just plays the songs on the ""this is"" 😕 am I doing something wrong?",Playback_Issue
"just got charged for premium, i was meant to cancel before it charged me so i've just canceled right now can i get a refund??",Payment_Refund
You should add #Breathe to Spotify's pop & inspirational playlists!,Feature_Request
Please help me.. I paid for spotify premium an hour ago.. and until now still not working.. I already sent you DM.. thank you,Premium_Subscription
"Tried 2 sign up for Spotify but got told my emails are already taken, clicked forgot password, new password still can't log in",Login_Issue
"Dudes, where'd half of Chris Knight's catalogue go? It's like arbitrary songs from each album are missing.",Music_Content
hit the shuffle button again nothing plays,Playback_Issue
my Spotify seems to loose the files I download every few weeks. How can u stop this happening?? shows nothing avail offline!,Downloads_Offline
can I use NUS Extra for my student discount or is it only unidays?,Family_Student_Plan
"Hi - I signed up for the student discount, it seemed to be confirmed, but I've just been charged full price. Who do I contact?",Family_Student_Plan
"Hi, I have a question regarding the student discount. Why can't I choose paypal as a payment method?",Family_Student_Plan
"I keep losing albums I've downloaded to listen offline - can you fix these bugs instead of giving us a ""Stranger Things mode?""",Downloads_Offline
"Hmm I'm only using one offline device, so unless it removes them when it updates the app I'm stumped. Thanks anyway",Downloads_Offline
Hi. Does the family plan cost $14.99 or $8.99?,Family_Student_Plan
(2/2) please can you refund the payment just now and I will activate my new subscription?,Payment_Refund
can you please add the ability to remove artists from your generated playlists. Its pretty stupid you dont have this.,Feature_Request
please add Boom Boom to Dinah Janes page,Feature_Request
Hey i suscribed to Spotify Premium with the Student discount but i still don't have SpotifyPremium activated on my account,Family_Student_Plan
"Hey, whats up with the webplayer recently? It just stops playing or doesn't even play to begin with? Used to work so great!",Playback_Issue
"I'm from Slovenia. Here is no . I'm using different metod to use Spotify. But here is no premium. You are welcome in Slovenia. Come here, please! *Website can also be in English",Premium_Subscription
"My account was recently hacked and changed to Family account, something I did not do. How can I arrange a refund? Thanks.",Account_Security
My invitecode for premium Family is not accepted - what to do ?,Family_Student_Plan
"I have tried logging out and then back in, it doesn't seem to help. I'm connected via wifi. It works if I use my phone and have it play through my PS4, but the app on my PS4 doesn't work at all. I've tried uninstalling it too, to no avail.",App_Technical
Having problems with offline mode on my Honor 7. When I use my SD card for storage after every restart all downloads are gone!,Downloads_Offline
"Hi, you've charged me twice when I signed up - once student and once regular. Please refund",Payment_Refund
hi I’m a student and I’m not getting charged the student discount I am getting charged the regular amount🤔🤔 #help #me,Family_Student_Plan
can i blacklist certain bands from coming up on my shuffle and radios??????,Playback_Issue
"I was charged £9.99 premium this month when I have student premium, £4.99 a month. Can you sort this please?",Family_Student_Plan
"Can you please add ""block this artist"" feature to software? #userfeedback",Feature_Request
having problems when i shuffle play music by albums. is spotify as a whole having issues or just me today?,Playback_Issue
help! Was exploring the family plan but then it was actually purchased!,Family_Student_Plan
I upgraded to premium and it's not working on my phone. Logged out / back in + reinstalled the app and everything #HELP,Premium_Subscription
"When I use Spotify in offline mode in the car, when I choose ""Recent..."" it continously loads with no results.",Downloads_Offline
deadass charged me twice and they're like nah talk to your bank,Payment_Refund
No i don’t get a message. Like if i skip a song all the music stops - or if i pick a new album to shuffle it just won’t play anything,Playback_Issue
Every time i try to shuffle an album it won’t play so what do i do??????? it’s doing it to 4 of them,Playback_Issue
Now if we just add this song to todays top hits,Music_Content
"Streaming isn’t working, for ex. I can’t listen to any of the xx. And all my offline playlist disappeared.",Downloads_Offline
"I have been unable to login and not receiving email for password reset. PLEASE HELP. Other issues w playback, as well. TY",Login_Issue
hi just got an email from you that my email address has been changed and it was NOT me. Concerned I've been hacked.,Account_Security
"Hey , my account has been stuck on an Indeed ad for days and won't let me play music. Can you help?",Playback_Issue
so your app just decides to stop playing music... great! #refund,Payment_Refund
"Hey someone is using my Spotify account on devices I don't recognize, I think I may have been hacked. Help?",Account_Security
I had premium for just a few months and got hacked....back to I go.,Account_Security
the shuffle button on my playlist doesn’t work and I can’t play it by pushing a song cuz I don’t have premium.. any way to fix it?,Playback_Issue
I wish there was a setting on to block Explicit songs from playing so I could easily shuffle my music at work,Playback_Issue
"Hi im having a huge problem trying to get on my family plan that i have with my fiance, with whom i can contact to solve it? thanks",Family_Student_Plan
. feature request. the ability to pause a weekly playlist update for those times when you get to it on friday and find it's great,Feature_Request
I am having difficulty logging into my account after I believe I was hacked. The account page is coming up blank.,Account_Security
"I'm currently on iPhone 6, ios 10.3.3 and Spotify 8.4.22.515 version. Just for additional info, no offline songs/playlists.",Downloads_Offline
"The horror of discovering all but 1 of your playlists are suddenly not available offline anymore, right before a 10 hour fight.",Downloads_Offline
I'm honestly considering cancelling. This is the second time my offline playlists have disappeared during an international trip.,Downloads_Offline
how come you charged me 9.99 on 11/13 when my account was student premium and now I can’t access my hulu account either,Family_Student_Plan
It’s an iPhone 7 running the latest versions of both iOS 11 and Spotify. Songs won’t shuffle at all when connected to Bluetooth in my Mazda CX-5.,Playback_Issue
"It started as soon as my phone updated to iOS 11, back in late September. Shuffle works fine everywhere but in my car on btooth.",Playback_Issue
will any updates be coming through to fix the iOS 11 Bluetooth shuffle problem?,Playback_Issue
your app is not streaming. Says offline.,Downloads_Offline
"No error messages, responsiveness gets progressively more sluggish until music stops playing when the system freezes.",Playback_Issue
This will be the 4th time I've downloaded them. They become available offline for all of a week or so then I have to do this all over again. I'm sick of it.,Downloads_Offline
Still can't access my downloaded songs offline you said it was working but it clearly isn't. Look un selectable even says so at the bottom. Need a resolution on this itels been going on a month now,Downloads_Offline
your web player keeps freezing and won't play anything. Sooooo annoying. 😒,Playback_Issue
"And now it just won't play at all. If I refresh page, logs me out without reason. FIX PLEASE?",Playback_Issue
downloaded the desktop EXE version of the app and it started downloading files to my phone immediately after I added my music in,Music_Content
Spotify better refund me,Payment_Refund
why have i been charged more than i have for the last few months? I have student but I'm being charged the regular premium amount,Payment_Refund
can you please not charge me 10$ when I'm a struggling college student... & yall are saying I'm not bc I'll send you 40k bill. Times are hard these days #refund,Payment_Refund
"I apologize, but my problem is back. It was shuffleing my songs this morning on my way to work, but now it is not working again for whatever reason. It’s doing the same thing as before where the shuffle light goes off as soon as the song changes. Please help!",Playback_Issue
"I have an iPhone 6s and have updated to the new iOS 11, now I am not able to shuffle my playlists when connected by Bluetooth in my 2015 Mazda CX-5. I have read where this has happened with all Mazda drivers. Will there be an update?",Playback_Issue
"Thanks - my problem on that point is I only listen offline on one device, why can’t I save 9,999 songs then? I would assume that is a licensing issue that you can’t change. My downloads only work when I’m in the app, I can’t minimise the app and it carrys on very frustrating....",Downloads_Offline
I had to re-download all my offline playlists upon switching iphones and noticed the downloads seems to work when you’re in the app and not in the background when the app is minimised.,Downloads_Offline
"brand new to using Spotify, web player is having issues-stops playing songs and says there was an error. What's going on?",Playback_Issue
"I got a new Phone, and now the app says I am aboard and can't log in anymore while I have never left the US. Please help!",Login_Issue
"i subscribed to the student discount but i am not eligible so i wasnt able to get it, but still spotify charged my credit card",Family_Student_Plan
hello spotify can i get a refund ? I paid for a one month membership but im not really satisfy i think its too expensive,Payment_Refund
It's a song that's missing on Spotify of the #FinallyItsChristmas album,Music_Content
uh I was trying to get the student Spotify discount and your website said you hadn't charged my card yet but when I checked my account you charged my card three times and I hadn't even done the verification and I checked my account isn't even premium. seriously?,Payment_Refund
I am not able to delete spotify from my computer. Can't log in and per your company none of my e-mails are connected to account.??,Login_Issue
um ive been using student discount for premium for ages but it suddenly charged me full price for last month??????,Family_Student_Plan
"Hmm, that's the second time my android Spotify has forgotten half of the tracks I've downloaded for offline. What gives?",Downloads_Offline
"Hi, I cant play any of The Weeknd's songs on my phone. I can via my iPad, though? All other artists work",Playback_Issue
my card got charged twice while buying my premium again? Is there anything I can do?,Payment_Refund
songs from the Cro-Mags album Alpha Omega are missing,Music_Content
Am I the only one that has been charged twice this month by Spotify?,Payment_Refund
Charged me twice and gave me no premium,Payment_Refund
Double charged twice. Are there anyways so I can get back the double charged money?,Payment_Refund
"Why is twice's kr songs not available on spotify, only the jp ones",Music_Content
"Congratulations you’re about to join the family plan of... and it’s one of their names, not mine",Family_Student_Plan
"No error message, just constant crashing and freezing, music keeps playing and stopping randomly, shuffle doesn't work and superslow loading",Playback_Issue
"Hello, after i had a software update on my phone i tried to login, it said ""You're set to offline"" i have an internet though",Downloads_Offline
. it would be great if we could have an album list view. Much easier to navigate than artwork.,Feature_Request
I want to cancel my subscription but I signed up through Facebook and have since deleted it so I can't log in and cancel,Login_Issue
"receiving this error when adding a person to my family plan who lives with me3-Oops something went wrong, please try again.",Family_Student_Plan
", I can't login! Help me out!",Login_Issue
"The only reason I pay for spotify is so I can listen to music offline, e.g. on the tube",Downloads_Offline
can’t get spotify to offline on MacBook. On Premium and only 2 devices registered on that account.,Downloads_Offline
"I've found a few artists, including my own work, whose songs and albums wont play, and gives a ""this song is not available"" message. Any idea why this is?",Playback_Issue
I have payment issues. We paid twice for the student discount and still subscription says FREE. What happened?,Family_Student_Plan
Hey and please add an option to change the output device on PC!,Feature_Request
any plans to allow the ‘shuffle’ functionality apply to Queues? Id love to add a few albums to my queue and shuffle the songs.,Playback_Issue
Can you refund a student discount retroactively if I forgot to update it after a year?,Payment_Refund
Hei! Please give me possibility to change my address in Spotify. Need to upgrade my family plan!,Family_Student_Plan
can i switch my $9.99 CAD premium account to the $4.99 CAD student premium account instead ?,Family_Student_Plan
i cancelled your subscription but y’all still charged me $10???? i want a refund,Payment_Refund
"if i weren't a paying user i'd find ""listen history"" to be right up there w/ offline playlists. seems like a pretty glaring missing feature",Downloads_Offline
What gives? I can't login even though I reset my password. Can't do it through my facebook account either,Login_Issue
"hey,hoping you can help - I have several thousand songs offline but for some reason random artist albums become unsynced 🤷🏻‍♂️",Downloads_Offline
It will take all of one artist and not start it until toward the end of the shuffle every time. Is there a way to make it simply random?,Playback_Issue
"I’m using an iPhone 6s&it’s your most current version :/ like when you click to listen to a song,it won’t let you&wants to shuffle play 🙄",Playback_Issue
I see this far too often for too long. Never understood why you don’t cache library contents locally as well as offline music.,Downloads_Offline
"there needs to be an “always skip” option for songs one hates, and doesn’t want to pop up on shuffle or ever.",Playback_Issue
you guys should add the Art of podcast to your library!! PLEASE!,Feature_Request
hi - I can't play a lot of the songs. Getting error message. Help?,Playback_Issue
"you know what would be an awesome and easy feature to add? In offline mode, only show downloaded songs that can be played offline",Downloads_Offline
my music stops playing once I leave the app. Any suggestions how I can fix that,Playback_Issue
"I tried to subscribe to student premium and it charged me twice before I even filled out the ""proof of student form"" WTF Spotify!",Payment_Refund
upgraded my family to premium. But now everyone but me gets it. I’m signed in through Facebook and it’s not working,Premium_Subscription
Feature Request: ability to switch to a new playlist after the current song (instead of stopping it and switching immediately) on,Feature_Request
Cmon just cuz i dont have premium doesnt mean yall can throw random shit like this in bryson tiller shuffle play smh tf is this,Playback_Issue
hey I got hacked apparently and lost all access. can't get Spotify to help. tips?,Account_Security
Do you know when lovelyz and infinite company is gonna put thier music back on spotify and twice and got7 back in spotify,Music_Content
i updated spotify and when i press shuffle play a ad plays and then no music plays? Is spotify down,Playback_Issue
Hello. I tried to activate a premium access. On both attempts I made I was charged on my credit card but the upgrade to premium failed.,Payment_Refund
"cant login, says country code doesnt match account. But its the same. In Canada,",Login_Issue
"WTF?!?! I closed my Facebook account and now I cannot login to my Spotify without reactivating FB???!?? If you do not solve this without me having to reactivate FB, I'm cancelling my Premium.",Login_Issue
I have Premium for Family and I am being charged twice (on 2 of my CCs). I don't know if I have a duplicate account. Help!,Payment_Refund
biggest load of bullshit when you tell me I’m getting 30mins it add free music,Music_Content
"Tip for you, : if I hit ""shuffle play"" on a particular CD, I don't care what you think sounds like that CD. #fuckthat",Playback_Issue
i lost acces to account after FB was hacked. I had my creditcard company stop allowing payments. Will my credit be affected?,Account_Security
put new perspective by p!atd on spotify pleas,Music_Content
"After the update of Oreo 8.0 to Sony ZX Premium system won't play tracks in my car (BMW). Bt connection is ok. Display says: ""No available track data."" Help needed...",Playback_Issue
can u put 's first album on Spotify please,Music_Content
"Hey all, I seem to be having a bit of issue with Spotify premium on my laptop. Won't play anything. Getting diff errors too",Playback_Issue
why do i have to create a new account to update address? Causing issues with family plan,Family_Student_Plan
After I downloaded the new update and now i cant play a lot of music anymore???? what’s going on??,Playback_Issue
A clear answer hard to find on webpage: In Premium where does Offline music download so how/if music can import to iPad Pro iTunes,Downloads_Offline
I've just been charged for student premium but my account still says free!,Family_Student_Plan
I have lost all offline tracks (AGAIN) but have 6GB of spotify files stuck on SD Card that won't delete after uninstall. Help,Downloads_Offline
hey can you guys possibly add a feature where you can make comments on specific songs on your playlists? it'd be super cool!!!,Feature_Request
someone got into my account & changed my email and password ....do something about it😡😡😡,Account_Security
Thank you! And well in that case also please add support up to 5 offline device for Premium users :),Downloads_Offline
"""PLEASE add an equalizer for pc users"" -My Neighbors",Feature_Request
"you should let us link songs on a playlist. Like I want my list on shuffle, but I want two songs to always play back to back, yea?",Playback_Issue
"Thanks for the reply, But is this saying can't shuffle at all now? lol I'm doing it on my current playlist.",Playback_Issue
"Dear , Please add to your server library. Thank you. Sincerely, Vado Fans",Feature_Request
"Hi , i can't login to my account, i want to reset my password and can't get the link on my email. Can you help me to check?",Login_Issue
if you are set to offline mode and get logged out you can never log back in again because the app thinks you're offline. 👍,Downloads_Offline
"I usually download music and then go in offline mode but sometimes I get logged out & the app won't let me log in, it thinks I am offline.",Downloads_Offline
. needs to get their shit together for the nth time. The app crashed on me like 3 times in the past hour and a half,App_Technical
Someone has hacked my account and I STILL have not heard a response from you guys!!!!!! It's been over a week.,Account_Security
Is it possible to get your account hacked/hijacked? I've been logged out & can't log back in,Account_Security
why won’t my Spotify play on shuffle when connected through Bluetooth in my car?,Playback_Issue
A feature request: a filter to remove all songs with auto tune vocals,Feature_Request
PLEASE HELP!!! I need refund. The site made me think I canceled. Need refund please. Dm me. Help.,Payment_Refund
cant log in on my spotify account!!!!! wus good ???,Login_Issue
What is an incognito window? I'm actually trying to get into my account details. I have just joined premium family. The only account details I can see say subscription premium and there are no drop down menus or anything clickable.,Family_Student_Plan
Why don’t Spotify do a ‘recently added’ like iTunes? Why’s Spotify shuffle so poor? Cmon guys,Playback_Issue
is awesome; took care of our issue and issued us a refund! #GoodCustomerService,Payment_Refund
I'd like to upgrade my premium to a family plan. I paid for the year at once... is it still $14.99/month on top of that?,Family_Student_Plan
Is there a reason that I can't play The Life of Pablo by Kanye West on any of my devices?,Playback_Issue
Is it just me or everybody feels that shuffle button is biased? Playing some of the saved songs preferably over others.,Playback_Issue
When i try to add a new song to my playlist it keeps saying create a new one?!,Music_Content
How can I move one of the accounts on a family plan to an individual plan. Account is nrmnh. thanks,Family_Student_Plan
your app stops playing my music after just 10 sec. if this continue I’ll be cancelling my subscription and going to,Playback_Issue
"if I like a song on the radio station, don't add it to my music, put it in a separate folder that I can add later. Plz n thx ✌🏼",Music_Content
"I found an album on the web player (that won't play), but I can't find that album on the app. Help?",Playback_Issue
new album “Live in No Shoes Nation” is missing the song “Anything but Mine”. It was there earlier this week.,Music_Content
I have been hacked. I need help with this IMMEDIATELY please.,Account_Security
hi! im having trouble with listen offline. Only playlists are staying saved. Been through troubleshooting. LG g4 android6.0,Downloads_Offline
"hi spotify. I cant login to my account andhika.ventausa, after i logged in in android app, within 2sec i kicked out.",Login_Issue
’s recently added filter is absolutely terrible. It literally won’t show the most recent song I added.,Music_Content
"And not the ONLY SONG that’s in the album. I get the shuffle - you want users to pay for premium, but this is just rly unfair and flawed",Playback_Issue
I just signed up for premium Family but the family members I added aren’t showing as premium,Family_Student_Plan
you guys should add some Asking Alexandria to your rock hard playlist,Feature_Request
Five days ago a bunch of random songs got added to one of my playlists. I think I've been hacked. How secure *is* Spotify???,Account_Security
"the song is available but i can't play it, perhaps the publisher didn't put the songs there... there's no error message in my phone though",Playback_Issue
"may I know why I can't play this song, but I've already downloaded it.",Playback_Issue
"I tap on the tracks on my S7, and the songs just won't play, on my laptop, it says, the song isn't avalible.",Playback_Issue
"I've noticed I can't play Pearl Jam and The Killers anymore, on my phone and my laptop.",Playback_Issue
". why when I have a massive list of music on shuffle, does it only circulate through three artists? And why does your android app/desktop app suck at picking up other devices? C'mon now!! #lets👏code👏better👏 #uninstallreinstall #forcestop #bugs",Playback_Issue
"Not to be a dick, but I'm giving feedback here. Not going to post it twice: your current (new or otherwise) shuffle algorithm blows. I suggest a new name for the shuffle button, ""repeat.""",Playback_Issue
my spotify got hacked by some brazilians and thankfully that's pretty much the only place i've been using the same password for a while,Account_Security
Someone hacked my spotify and cancelled my premium... why tho?,Account_Security
one of the songs that was put on spotify was completely changed.not just for me for my friends,Music_Content
"Hey, there was just charged twice for my Spotify premium would like to get this taken care of thanks in advance.",Payment_Refund
what's the point in having an offline feature if it never works? Downloaded songs and can't listen to them without signal/WiFi. 😧🤔,Downloads_Offline
"Hey - if I get the family plan, my premium plan will automatically be canceled? i.e I will pay only 14.99. Thanks!",Family_Student_Plan
Hey ! What's up with the app not working on LG TV's anymore? Any update? We would all appreciate it.,App_Technical
"Hi! My family member keeps getting ""3 - Oops something went wrong, please try again"" no matter how many times he tried.",Family_Student_Plan
"Hi! I'm trying to upgrade my account (I was previously in a family plan, but not anymore) and it's not accepting my CC?",Family_Student_Plan
"Hello, I was paying for a premium account & just accepted a family plan invite - will my previous payment automatically stop?",Family_Student_Plan
No. And now none if the playlist r playing even though they're downloaded for offline use,Downloads_Offline
Help! I can't login to my account. Says I can only use it abroad for 14 days... but I will be staying here for a year.,Login_Issue
"hey, I’ve sent you a DM because my account has been hacked. Can you give me an ETA about when could I have a response? Already removed authorized apps and changed password.",Account_Security
what's wrong with this app? Crashed 3 times in 30 minutes. 😑,App_Technical
Hi! I just discovered my account was hacked and someone changed my e-mail/password. Can you guys help me?,Account_Security
", Do offline listens add up to an artist's plays whenever I go back online? 🤔",Downloads_Offline
"My account has just been hacked while i was gaming, help, its being used and the email and password has been changed...",Account_Security
"feature request for mac app, profiles like work, home etc. I hate disabling/enabling proxy when at home/work :(",Feature_Request
"Nah man it's your app without premium I can't play whatever song I want on mobile, therefore, Spotify is dumb",Playback_Issue
I did but I need good music though Apple music doesn't have the music I like. All youtubers put their music on spotify only,Music_Content
What's up with your website? I get a blank screen when I want to add a family member to my account. Can't do it thru app either,Family_Student_Plan
Hi! I wrote to your specific email about my spotify account being hacked; the a-hole changed my email! Please help asap!,Account_Security
help! it wont let me back on my family plan after an address mistake 😭,Family_Student_Plan
Hi can you please add the Kesha and Nicki Minaj remix to Till the World Ends??,Feature_Request
i have subscribed to premium account but why still registered as a free account user? i try to log out then log in but nothing changes,Premium_Subscription
Dear saya sudah berlangganan premium dan sudah terima tanda pembayaran tapi kenapa masih terdaftar di free account? Thanks,Premium_Subscription
Is it possible to over listening to a playlist to the point it won't play anymore? 🤔,Playback_Issue
"someone else is using my account/changing music and I've tried everything to stop it, please help asap it's scary af",Account_Security
"my student discount runs out this month for premium membership. but i am still a student, how do i still get student discount?",Family_Student_Plan
"Samsung, Android, Version 8.4.23.784 armV7 Sorry for the late reply. I can see some of the songs again, but there's still one missing.",Music_Content
"new to this, created a play list, hit shuffle but just plays all Beatles tracks on there-nothing else?",Playback_Issue
twice my app has crashed on my iPhone 7 and deleted all of my songs. Any way to prevent this in the future?,App_Technical
I have been charged twice! Can you help?,Payment_Refund
I was listening to the thrill of it all on my laptop and now it won't play any of the songs from my library.,Playback_Issue
why do you keep forcing suggested tracks on me? Why can't I just shuffle my albums in peace???????,Playback_Issue
Tfw my playlists from when I was 21 are forever gone because some douche canoe hacked into my account,Account_Security
My piece of shit account was hacked and I was directed to create a new account instead of them fixing it! #Spotify,Account_Security
hey someone else has been in my account but i changed the PW so np but i was already premium but not anymore whats going on?,Account_Security
trying to buy a premium gift card and your web site check out is not working. Can you assist?,Premium_Subscription
ey is this a known bug or what? the text from whatever playlist I was on overlays over the entire GUI for the rest of the app. I can interact with the app normally except for the top portion which gets blocked by the shuffle button,Playback_Issue
"I already have an existing Student Premium Account, But i can't find the link to activate my Hulu account with it. Please Help :)",Family_Student_Plan
"I should be eligible 4 student discount (enrolled @ UNC Chapel Hill), but when I enter details, can't verify. Can you help?",Family_Student_Plan
You should add the option to see our most played songs,Feature_Request
show this to your devs - cannot play in Chrome 61 mac :( #payingcustomer,Playback_Issue
put every single South Park album and song on Spotify cowards,Music_Content
why do you make it so hard to unlink or login facebook accounts and email ? I cant login either way regardless.,Login_Issue
"is there a reason the shuffle button ain't workin on your PS4 app? If I wanted to hear whole albums, I'd have picked albums...",Playback_Issue
I'm a student & I recently did the Hulu/student premium subscription however instead of being charged $4.99 I was charged $9.99? 🤔,Family_Student_Plan
I love it but i can no longer use it since i don't live in EU zone. I miss it. Please add Russia for loyal users,Feature_Request
"got another problem, the app keeps crashing? 😩",App_Technical
"Thanks, I changed pwd and email address, & kicked all the offline devices off so good now. When will you implement 2 factor authentication?",Downloads_Offline
having issues w/ playback on iPhone X. Seems that every time I get a call in the middle of music the app crashes. Dsnt resume,App_Technical
"Hey guys, someone got into my account. I've already restored my password, but I've lost ALL my playlists :( What can I do?",Account_Security
when will you put you fill up my senses on spotify,Music_Content
I have a Premium account but cannot play music on my devices (speakers).,Playback_Issue
hi. i dnt remember setting up an address when i started the family plan.pls help.,Family_Student_Plan
Finally signed up for Spotify premium and they double charged me.. wtf thanks,Payment_Refund
i️ signed up for hulu + spotify student discount. spotify took out $4.99 as agreed but hulu took their full portion out. did i️ miss a step?,Family_Student_Plan
"My mother pays for spotify family plan and you double charged her in september, and this month said she didnt pay buy we did.",Payment_Refund
"Thank you ! I just voted! If you're a Vet and would like the student discount offered for us, go vote for it! It may happen 😉",Family_Student_Plan
Help! My account has been hacked I think! Can’t login and got email from you saying I’d changed my email address! I didn’t!,Account_Security
"I can't play some artists on Spotify (Guetta/Hardwell/Maroon 5). ""This track isn't available"". What can I do?",Playback_Issue
"Am subscribed to Spotify premium, tried to play music today it says I only have a free account. No notification. Why?",Premium_Subscription
"This is a feature request, not a bug. Do you have this feature in your mac software for ANY make or model?",Feature_Request
I've been getting this message for quite a few artists now. The music appears to be available but won't play. Friends say it works for them.,Playback_Issue
Have Mumford & Sons and Kendrick Lamar been removed or is it something else. Won't play on Android or Desktop,Playback_Issue
Thanks for taking $10.99 out when I've been signed up for the student premium for a year or so and I get it half off,Family_Student_Plan
"app keeps undownloading my offline songs. Good bye Spotify, hello .",Downloads_Offline
someone’s hacked my account and apparently there’s no way for me to change my password! #crock #fixthis #givememumoneyback,Account_Security
"""songs"" is now a 3 second preview. Playlists have a shuffle option and a 3 second preview option. I am so mad right now.",Playback_Issue
I can't contact you guys about my account because though I'm still paying for premium my facebook no longer exist and I cant log in,Login_Issue
"Yo, please add a Shazam feature on desktop and mobile.",Feature_Request
I was charged $10 even though I have a student discount plan,Family_Student_Plan
"great, i have no music to listen to since my apple music expired, spotify doesnt work and that old ass app only has sad ass songs.fuck",App_Technical
I dont know how to put a music on offline .,Downloads_Offline
Can I also download music offline?,Downloads_Offline
should add tabs to their app so u can interact w/ multiple artist pages at the same time.,Feature_Request
Hey I sent a DM I bought Spotify premium and its not working and I've tried all the steps to fix it and its not working.,Premium_Subscription
Yesterday I subscribed to premium and was charged multiple times for the transaction. How can I get a refund?,Payment_Refund
i need to freakin add Julions music back on there ASAP,Music_Content
Add and the song is showing on my notofocation bar but it wont play,Playback_Issue
No i dont the issue where it wont play songs has started today and the issue where songs just stop has happened for weeks,Playback_Issue
"so I've paid for spotify premium thru mobile banking earlier today, but it's still on free mode now, can u pls help to check",Premium_Subscription
"Hey Spotify, I logged in today to find I've been subbed to a few playlists by user ""dapjs"", a sign of a hacked account?",Account_Security
"hi, I want to change my username and I'm aware you can't. I have playlists and my student discount on this acc. What can I do?",Family_Student_Plan
kicked out of my account. I moved to the EU and tried to change payment method but can't log in due to 'wrong postal code'. HELP,Login_Issue
"Hi, I’ve just bought Spotify premium but I’ve received two receipts, does this mean I’ve been charged twice?",Payment_Refund
swiping to queue rarely ever works in offline mode (been like this forever ),Downloads_Offline
"Hello, my spotify account's reoccurring charge overdrafted my bank account. And I was hoping if you could refund the charge so I can get the refund from the overdraft charge. I get paid tomorrow and would reimburse my spotify account asap. Please :)",Payment_Refund
That playlist are in my account too? our accounts are hacked? Or spotify did this himself?,Account_Security
account has been hacked and you have no customer service phone number please contact me ASAP,Account_Security
yo whats up with this? cant log in to my spotify for artist page. i use Google Chrome on Win 7 64bit,Login_Issue
Hi spotify crashes unexpectly these days and now don't load (no error page only blank page),App_Technical
Help I cant play songs by certain artists at all across my devices laptop/phone,Playback_Issue
hi can you help my premium account has been downgraded to a free account and I don’t know why,Premium_Subscription
please add this song to swedish spotify I can’t live without it,Music_Content
It would be great if you could block artists from radio.,Feature_Request
"i did paid to premium, but my current status is still free, WTF!",Premium_Subscription
"the web player. randomly stops playing, logs me out, then either won’t let me log back in or play anything.",Playback_Issue
i love that the spotify web player crashes at least once every hour while i’m at work.,App_Technical
"Yo Spotify my access to your music is down and has been that way since 11/4. Alexa can't play your music. Vancouver, WA",Playback_Issue
hi um I paid for a premium acc but my account says that I'm still a free user. Help pls 😭,Premium_Subscription
Maintenance? We can't login. 🙁,Login_Issue
Hi ! The section about the student discount in your website doesnt work. Can you fix that ?,Family_Student_Plan
why when i want to manage premium family in spotify website it go blank page? Please help 🙏,Family_Student_Plan
I've been charged 3 times for premium yet haven't even received the premium??? I'd like a refund pls pal,Payment_Refund
"Are you experiencing any log in issues ? i can't log in spotify from the browser , pc and mobile works fine , dead page",Login_Issue
you guys need to add a setting to shut off all edited versions of song! Mood killer! #BitchDontKillMyVibe #DeadlyVenoms,Music_Content
I recently changed my account to a Student Discount rate but I have been charged $9.99 this month. Can you verify that the Student Discount has been processed please?,Family_Student_Plan
"Hello, I'm from Chile and I have been paying a family plan for 5 months. However, I am not able to use it, because I can not add more users to the family plan. What can I do to solve this? I really want the service that you are offering.",Family_Student_Plan
"I payed but cannot play "" ad free """,Playback_Issue
I can't get into my account. It says that I connect through FaceBook but when I try to connect it won't login.,Login_Issue
"I want to renew my student discount subscription, but when I put my credentials in the website cannot confirm that I am a student. Help please, I miss the low price and my Seinfeld",Family_Student_Plan
The buttons are too close to each other. Devs should add more padding / margin,Feature_Request
"so I signed up for student premium and it takes a few days, haven't heard anything and my CC been charged before verification?",Family_Student_Plan
I cancelled my subscription last month & you’ve just charged me again?! Refund please!,Payment_Refund
"i cant change my country. And i life now in an other country, but premium family cant connect because of this.. Please help",Family_Student_Plan
"So I've been hacked? That's reassuring... I tried to link my Facebook through the app a few days ago, has this caused it do you think?",Account_Security
I can't renew my Student Premium account because Spotify won't verify that I'm a student. Please Help!,Family_Student_Plan
someone hacked my account. Changed my email address email was sent to me and that was not my doing! Help!,Account_Security
(i have premium) I can’t listen to them? I was thinking maybe it didn’t work offline but I don’t know,Downloads_Offline
I can’t get unidays as my institution isn’t supported - does that mean I just can’t get the discount? 😔,Family_Student_Plan
"Paid $10 this month according to online receipt, but I registered with the student discount for $5. Can you help?",Family_Student_Plan
I was playing an album on shuffle that had all but one song left. It’s also happened on playlists with more than 100 songs.,Playback_Issue
"hello, I already paid for premium but why does it still on free mode?",Premium_Subscription
i paid for spotify premium one month but still in free subs please help,Premium_Subscription
Hello. My payment for premium account was succeed but why am I still on free account? Thank you.,Premium_Subscription
"Yes, but songs like this one are missing:",Music_Content
@ CCU students do any of you have Spotify/Hulu student discount? They keep saying they can’t verify that I’m a student. Someone help,Family_Student_Plan
music. Only once I got an error that said i couldn't add a song to my queue. Now the option just doesn't exist (2/2,Music_Content
hi can you please add Taemin’s flame of love album... thanks,Feature_Request
PC app starts right up no problems. Mac app sucks all my power and still doesn't work.,App_Technical
Ive got a big playlist and it doesn't shuffle more than 30 songs at once: the same songs are in the queue when i click shuffle,Playback_Issue
I signed up for the student discount (spotify+Hulu). I was charged twice & cannot access spotify premium when I log in!,Payment_Refund
"Thanks for the info! So if I have ONLY my new iPod with premium, I can access all of my playlists offline? Just to clarify!",Downloads_Offline
"I ran outta room on my phone- too many dope tunes! I have Premium; if I buy an iPod, will it allow me to use offline?",Downloads_Offline
invited a family member to family plan. he is travelling in Israel and cannot connect gets error please clarify. user DrTzvi,Family_Student_Plan
"Hi guys, I’m having horrendous battery issues with my phone and last time it was due to my offline device syncing having issues - can you check this isn’t the case again for me please?",Downloads_Offline
I saved that playlist with my 4g though waited for it to be complete then listened to it offline mode,Downloads_Offline
I'm on the latest Spotify & I just updated to the latest iOS version. Tried logging out & back in & most of the songs still won't play.,Playback_Issue
please add “we made it” by drake ❤️,Feature_Request
If you've been a paying customer for 4 years on and your account gets #hacked don't bother asking for help you won't get none,Account_Security
hi it's me again. Y'all charged me 120$ but it's saying my payment didn't work and suspended my premium,Payment_Refund
"Hey, can you please add back, You Belong To Me by The Duprees, please & thank you.",Feature_Request
why was my student discount not applied this month???,Family_Student_Plan
someone contact mort's people!!! who can posthumously put his music on spotify!!!,Music_Content
"Any way of blocking an artist? I’ve “down voted” this one artist about 20 times today, but your “shuffle radio” plays them.",Playback_Issue
Hi. I've already paid for a 1 month premium subscription via an ATM yesterday but my account status is still 'free'? how do i solve this thx,Premium_Subscription
PLEASE PUT THE CODE ALBUM on spotify. Coz monbebes are waitinggggg.,Music_Content
why has my account been hacked and playlists deleted??,Account_Security
why can’t a family member accept family invite for Spotify,Family_Student_Plan
. has incorrectly added a song under our artist name. is not affiliated with us in any way.,Music_Content
"Just signed up for Premium Family and was successfully charged, but and all of my family members are getting errors signing in.",Family_Student_Plan
"hey I was in offline mode on my android a I restarted the phone. Now I can't login, it says I'm in offline mode. What the heck?",Downloads_Offline
"can't log in with the same log in details i've been using for like 5 years. Seriously, my only option to contact you is through twitter what kind of bull shit customer service is this. At least provide a gd email...",Login_Issue
"Anyone else having issues connecting to Phone says I'm offline, web just gives me spinning circle of death :(",Downloads_Offline
Tried availing of Student premium but didn’t push through yet my card was still charged. PLEASE fix this.,Family_Student_Plan
"Someone hacked my account, deleted all my playlists and changed my account to a family plan. what do I do?",Account_Security
"Yes, I'm connected all the time. The exact message is ""You are currently set to offline"" then ""Please go online to connect to Spotify""",Downloads_Offline
"""Offline mode"" is a joke at this point.",Downloads_Offline
Hello I have a question about the Family plan can you help?,Family_Student_Plan
I paid for my Premium account and i'm still using the free version And yes I tried everything,Premium_Subscription
I hit my library song limit again :( I wish i could shuffle through all the songs I've added. Have to prune songs into playlists :(,Playback_Issue
Can't login to my account with facebook. please help,Login_Issue
None the only thing that happens is any music stops playing,Playback_Issue
"half my music won't play! Trying to listen to Grimes but nothing happens when I tap, same with Florence, Hozier playing fine",Playback_Issue
Keeps saying cant play current song then does and keeps sticking when making playlists. Pretty anoying ?,Playback_Issue
Why doesn't allow you to download the Daily Mix playlists for offline listening?,Downloads_Offline
I think my account has been hacked. This is not a device I own? Help!,Account_Security
my student discount runs out in a few day. I have a NUS card but not Unidays as they do not support my training centre. Help!,Family_Student_Plan
What's up regarding the entire catalogs of Beck and The War on Drugs? I can't play any of their music and others artists too,Playback_Issue
"Excuse me , since when do i need premium just to use shuffle play, it's been doing this ever since i cancelled my membership.",Playback_Issue
why you're app is still doesn't work in the Middle East!! We will be glad if you make it available 😊,App_Technical
my account has been hacked!,Account_Security
Hey you should add music videos to your repertoire,Music_Content
How is the shuffle on your app so bad? I have thousands of songs and it's just alternating between two artists.,Playback_Issue
"If i buy spotify gift cards, does it work for the family plan?",Family_Student_Plan
"Someone seriously hacked my Spotify and deleted all my playlists, that is the devils work right there.",Account_Security
can't play daft punk,Playback_Issue
apparently I'm on holiday and can't log in 😭,Login_Issue
i cant login with facebook.. the website is down. #Germany,Login_Issue
"how about some real customer service getting back into my hacked account? Instead of ""we'll look into it""",Account_Security
why is my account disabled just bc I ended my own premium account and switched to a family plan.?,Family_Student_Plan
improvements... still does not help that i can predict the songs of what is goign to play next like im not even on shuffle.,Playback_Issue
. You guys need to fix shuffle play i can predict what song is going to play after 1 song plays xD,Playback_Issue
"Your app doesnt work. I try playing my playlist, but it doesn't play. It only plays suggestion song.",App_Technical
What's the song limit for offline mode?,Downloads_Offline
my spotify premium account got hacked help me please,Account_Security
Not worth it anymore if my music don't play or stops playing mid song,Playback_Issue
Hey so this doesnt count if ive been listenin the albums offline sing day 1 😢,Downloads_Offline
Hmmm so how do you judge offline playlists lol. Its ok i guess..,Downloads_Offline
I pay a monthly subscription and i'm unable to browse while offline or listen to anything I haven't downloaded.,Downloads_Offline
Woke up and realized my account was hacked. Pls help,Account_Security
why is it impossible to add someone to my family plan? I️ fill out the info and the page keeps deleting my info,Family_Student_Plan
"my account got hacked and someone changed my email, I need my account back",Account_Security
"Turns out ’s family plan only works if you’re under the same roof, bc no one on earth doesn’t live with their family",Family_Student_Plan
& My account was hacked & I cant change the password or email address and there's no phone number to speak to someone. HELP NOW,Account_Security
can't play songs on my Spotify web player today.. am accessing it from japan😞 助けてください!,Playback_Issue
"My account has been hacked, email changed and I'm locked out. Can you help?",Account_Security
I was wondering hoe often do I have to renew my student discount. The last time I renewed it was in July and I have been charged to the full $9.99 montly for the past 3 months including this month so that means I renewed it and it was $4.99 for 1 month.,Family_Student_Plan
My app is not working and I️ am currently dying. Guess I’ll go back to vinyl 🤷🏻‍♂️,App_Technical
I suddenly can't play any St. Vincent. I get the feeling your product continually becomes less stable #SpotifyBugs,Playback_Issue
needs to fix their damn shuffle feature. I've heard 5 Post Malone songs in a row on a playlist with 12+ other artists. TF?,Playback_Issue
I have the student premium but was charged $9.99 this month ???,Family_Student_Plan
you charged my account twice and over drawn my account. We need to talk about this refund y'all about to give me .,Payment_Refund
"Could you please add newest album New Wave to the new release list. Not seeing it at all sadly, its a great album",Feature_Request
"I try to shuffle in playlist and it really doesn't play randomly, plays the same artist almost continuously. Don't know what connect is",Playback_Issue
if i only have 3 active members on my family plan and one removed before i still can add 2 more correct ? Im not seeing openings?,Family_Student_Plan
my offline music constantly undownloads so jarring. Wasting my data,Downloads_Offline
"YASSSSSS ✨🙌🏼✨🙌🏼 , please add this?!",Feature_Request
No the app didn't crash which is why I'm confused,App_Technical
"Hi, can't play music in web player/mobile app with the free account I use at work. My premium account seems to be working tho",Playback_Issue
"account was breached, able to change email, sign up for family plan without any notification to me? DM right now pls",Family_Student_Plan
please add lyric a every song🙌🏽🤞🏽🙏🏽,Music_Content
"my family member got kicked off my plan, and we're getting errors when we type in our address to get him back on.Can you help?",Family_Student_Plan
why on earth have you added Chris and kems song to grime shutdown without a public service announcement first,Music_Content
"needs to sort out the next button when it’s on shuffle, a don’t wanna listen to the same artist 5 times over that’s why I shuffled n payed money for it",Playback_Issue
Why can't I add family member to my Spotify premium account???? #frustrated #spotify #spotifypremium,Family_Student_Plan
"this isn’t my iPhone, nor is it any iPhone in my family plan. What is going on here? Changed password already. Signed out everywher",Family_Student_Plan
"Hi, I can't play songs from many artists that I usually listen like (Pearl Jam, Rise Against, etc) Already tried restarting",Playback_Issue
yo my Spotify mobile isn’t working it will play a song then when it ends the app just crashes and this happens on every song,App_Technical
My username for Spotify is allisonkeeskitay please let me get my refund back and respond,Payment_Refund
"will you PLEASE, for the love of all that's still holy, FIX THE WINDOWS PHONE APP? IT JUST CRASHED 30 TIMES IN A ROW",App_Technical
just signed up for premium family plan my daughter cannot accept invite. We are both being treated as the plan admin.,Family_Student_Plan
"Hi, I accidentally bought the one year Spotify plan for $119.98 and I was wondering of how I could get a refund.",Payment_Refund
wait you're telling me the family plan doesnt include a Hulu subscription?? I was so sad I thought it did! we even pay more :(,Family_Student_Plan
"applied for student discount, trouble uploading the document, tried to upload them on desktop, charged ×2, account not active",Family_Student_Plan
"Hi, I have been charged twice, can you please help solve this?",Payment_Refund
I've just bought 12 months subscription by mistake! I wanted 30 day free trial. How can I cancel and get a refund??,Payment_Refund
good morning from Atlantic 🇨🇦. Noticed that I'm being charged twice for my account. 9.99$ and 14.99$. Can you help?,Payment_Refund
I sometimes get the feeling that your shuffle algorithm is flawed??? Or better yet is it truly random or based off listening habit?,Playback_Issue
"why i can't play BTS-DNA from any playlist? it says the song is not available, i can only play it from the album directly",Playback_Issue
signed up for the $4.99 student discount with hulu and just got charged $9.99 twice....I need my money.,Payment_Refund
My account is considered as not active when I'm currently using it and I can't log in on the desktop site due to it.,Login_Issue
When I try to play a song nothing plays. But when I try to shuffle it says This song is not available. And the same after a few tries.,Playback_Issue
"Hi! I just signed up for a student discount, however the subscription fee is charged twice from my Mastercard.",Payment_Refund
"Hey , and have an amazing podcast you should add to your lineup!! #NSDTxSpotify",Feature_Request
Its annoying when you cant login or CHANGE YOUR PASSWORD.. seems like a website issue..,Login_Issue
"I received an email that my email has been changed and now i cannot log in, i have premium and need to resolve this",Login_Issue
"Hey ! I can't login to my account on browser, some family mambers cannot access their accounts. Any known issue going on now?",Login_Issue
Was loggedout of account and cant log in (oops something Error) cant log in with Facebook no account no access to contact form,Login_Issue
"are the servers down? i can't log in on your website, and my spotify on my pc is just locked in offline mode",Downloads_Offline
what's wrong with Spotify? It keeps saying I'm offline.,Downloads_Offline
cut the lies of telling me I get 30 minutes add free music when I listen to two songs and get 5 minutes of ads,Music_Content
my spotify says i’m offline but i’m connected to internet,Downloads_Offline
Got 60-day post-groove trial started today. What happens if we want to switch to a family plan?,Family_Student_Plan
"Whenever I try to share a public playlist I've created, the Spotify app crashes. I'm on a Pixel 1, Android 8.0.0",App_Technical
I just want my refund. I got charged twice and I still don't have access to my spotify account.,Payment_Refund
"I can't play anything by Lorde, wtf m8? legal bs or a glitch?",Playback_Issue
Pretty sure my subscription is about to expire but the stupid email won't load,Premium_Subscription
I wish Spotify would allow you to add a new song to the top of a playlist instead of the bottom.,Music_Content
Why does never have a good shuffle?,Playback_Issue
My won't play Frank Ocean and I'm fucked up about it.,Playback_Issue
Pixel XL Android 8.0 SP10.05.2017 Spotify uninstalled/re-installed v8.4.22.87 armV7. Select Share playlist (or album) crashes,App_Technical
"my son is unable to accept a Premium for Family invite, Spotify signals error and just says ""try later"", it's very frustrating",Family_Student_Plan
How do I get the student discount?,Family_Student_Plan
"Hi . .! I need to update my info but I can't login, nor change my password via: #halp! 😰",Login_Issue
"hey if I forgot, after my free month, to put my premium account as a student one but changed it right now, can it be refund ?",Payment_Refund
can we put mixtapes on spotify,Music_Content
i tried to subscribe with student discount and failed but it's been paid. can i get this back? Thx.,Family_Student_Plan
I recently got a student discount but I'm on Spotify Preminum do I still have to pay 9.99 after Premium or will I be paying 4.99 for Student Discount or do I pay for both?,Family_Student_Plan
"Hey , I keep trying to invite my wife onto my new family plan, but she's not getting the email!",Family_Student_Plan
help help help i need help with my account.... my family plan heeeeeeeeeeeeelp!!!,Family_Student_Plan
"kind of silly can’t delete songs from history. Acct was hacked and they listened to random songs, messing w algorithm suggestions",Account_Security
"I just noticed today that someone hacked my spotify and changed my email and other settings, how can i fix this?",Account_Security
As of last night I can't login to Spotify but have not changed anything locally. What's going on? Thanks,Login_Issue
any reason can't play any of Metallica songs at moment? Can play everything else!,Playback_Issue
"Hey, I can't play any songs today? I get an error ""This song is not available"" Have they been pulled from the UK?",Playback_Issue
"Samsung S8, Android 7.0, Spotify 8.4.22.857armV7 there is only Shuffle Play but no Play",Playback_Issue
Hi there. I've been overcharged this month - how do I go about getting a refund?,Payment_Refund
How can I pay in advance for premium family subscription? thanks,Family_Student_Plan
Getting really tired of trying to get Spotify family plan codes to work for my family members. About to just cancel my plan altogether and find a better option...,Family_Student_Plan
Can you guys please add a feature that can allow os to update a profile picture,Feature_Request
since I changed to family plan i cannot access my account. The subscription cost has been deducted from my debit account,Family_Student_Plan
"If I drag a playlist into a folder (2-levels), Spotify fails to move the playlist and crashes drag and drop.",App_Technical
Why does Spotify have a student discount but not military. Just wondering,Family_Student_Plan
i got charged twice this month???,Payment_Refund
"Hey, so I can't log in to Spotify with my facebook. Please help me(i'm kind of annoyed)I just wanted to listen to Post Malone",Login_Issue
"Hey, Spotify family invite token code doesn’t appear to be working on the new device - do I need to make a new request?",Family_Student_Plan
you guys should add Wiz's kush and OJ and all of the cabinfevers to your library,Feature_Request
My account randomly decides to download my entire offline library when I'm on Wi-Fi once a week. Anyone know how to stop this?,Downloads_Offline
"- I paid for Premium Tuesday. Worked until today, then it reverted to Free. NONE of the online tips help.",Premium_Subscription
Please add Trout Mask Replica by Captain Beefheart & The Magic Band.,Feature_Request
"hello I have a problem, I paid for a premium account and it was accepted but I still have a free account, thanks",Premium_Subscription
My email and Spotify were hacked. The hacker changed the passwords to both. Can you recover my account or cancel my premium.,Account_Security
I am unable to log in. My Facebook account's e-mail address is __email__ I have a Premium. Please help ASAP!,Login_Issue
I was browsing a certain artist and noticed a song missing that was previously there. Why was it removed?,Music_Content
I have been charged for premium membership but it shows that I don't have premium.,Payment_Refund
"Hi there, Can't accept Family plan invite, Saying I need to get person to resend it, Done that 3 times with no luck still.",Family_Student_Plan
Hi. I'm having issues joining a family plan. Can you please assist to check? Email: __email__,Family_Student_Plan
"tried to upgrade to student premium, I got charged but it still says I'm not premium and can't log in (im out of US)",Payment_Refund
"your Mac based app is terrible, slow and constantly crashes. Latest updates have done nothing to improve it",App_Technical
Hey why does my app crash every time press 'Share' 🤔 I wanna bring the music to the people dem.,App_Technical
"Sending a Family Invite to my son, he gets email but clicking the link he gets ""Unable to join this Family plan. Try again...""",Family_Student_Plan
I need help adding my brother to my family plan. The system won't accept the invite.,Family_Student_Plan
error: Unable to join this Family plan. Why ??,Family_Student_Plan
Hello. I have been charged twice for my Spotify Premium+Headspace subscription this month. Can you fix it?,Payment_Refund
can't login now because I set the app to offline mode before the update... Hitting connect won't do anything 😱,Downloads_Offline
Why Can i not invite My sister to the family Spotify premium? It just says that she is unable to Join the family plan?,Family_Student_Plan
"I paid for 1yr of Premium 2 days ago, today it changed itself to Free. Can't get it back to Premium. Help!",Premium_Subscription
what have Daft Punk done to upset you?? Can't play any of their songs. Please do not tell me they're leaving!?!,Playback_Issue
"Hi! I paid premium for a year, I've gotten the receipt on my email. I only got premium for 3 days before it went back to free",Premium_Subscription
I’m getting an error message when I try to accept the family plan invite from my wife. Any thoughts?,Family_Student_Plan
Put Acid Rap on Spotify please,Music_Content
feature request: offline mode for radio generated playlists,Downloads_Offline
having trouble adding people to the family plan. pls help!,Family_Student_Plan
. my acct was hacked + acct email changed so I am currently locked out- top notch security over there! Please get in touch!,Account_Security
please cancel my account immediately. It has been hacked.,Account_Security
my daughter is getting an error trying to accept her family invite. What’s up?,Family_Student_Plan
why were all my downloads removed after a restart of my phone? #BigFail,Downloads_Offline
Hi what is code 3? Can't accept family invite!,Family_Student_Plan
"Hey I have problem. I have created a spotify family plan and I've tried to invite my Roommate. When he clicks on the link in the email, this appears. We have tried everything, but it always appears. This also happens when my sister tries to join. What can we do??",Family_Student_Plan
hi I am trying to add a family member on my family package but they are unable to accept their invitation despite many requests?!?,Family_Student_Plan
can you create a option that will shuffle play all our saved playlists for days I can’t decide what playlist I’m feeling 🙈,Playback_Issue
Hey my android version of the app randomly pauses on its own. Just thought I'd report the bug.,App_Technical
One by one. And I would have to do this each time I just to add one song.,Music_Content
I'm trying to update my payment method and it keeps returning me to student premium. Help!,Family_Student_Plan
I just bought the yearly subscription for my account. The transaction went through and my premium is still not working,Premium_Subscription
referral code for premium family member not working!!! 😡😡😡,Family_Student_Plan
Thanks you guys didn't have my school as an option for the student premium but you still charged me $4.99. Tnx,Family_Student_Plan
can you please add a feature to easily view song lyrics within phone app? 😀,Music_Content
"I just subscribed, and was charged twice. Can't verify the premium student account either. Stuck on free version. What do I do?",Payment_Refund
my account got hacked. I've sent an email to __email__ didn't get a case number.. Help please,Account_Security
hello I’ve been charges full prem price when I have the UNiDAYS discount how can I rectify this 🙂,Family_Student_Plan
I don't mind the shuffle feature but not being able to play songs is a bit futile in terms of having the app. Thanks for the help tho!! 😊,Playback_Issue
"Can please sort my songs from my profile missing, my people need it 🤷🏽‍♂️👀",Music_Content
"Hello, I am trying to add a family member to my premium subscription, and am having problems. Who can I contact to discuss?",Family_Student_Plan
i cant login or even make a new account to listen to my playlists,Login_Issue
if you become a student and already have account how can you get the student discount?,Family_Student_Plan
my Spotify app is not working on my PlayStation 4 I’m having trouble connecting to the servers help HELP,App_Technical
. you should offer your Hulu/Spotify student discount to teachers too.. we need it more than they do 💁🏻,Family_Student_Plan
"struggling to add a family member when following the link on email. Saying not recognised, Any help appreciated",Family_Student_Plan
how to cancel my premium subscription if I can't login in because I don't have login information,Login_Issue
iv a new account but it won't allow me to log in on the apps (just the web server version). can't log in on phone or laptop,Login_Issue
you guys overcharged me twice for the student discount this month!,Payment_Refund
I cannot log into my account to share my family plan with my family. It won’t let me log into FB or with my email. HALP!,Family_Student_Plan
I have a new premium family account. How do my family set up on their devices if they have lost the email with the set up?,Family_Student_Plan
"hi i constantly get ""cant play current song"" when i try to play from my Win10 pc to bluetooth, without fail.",Playback_Issue
"Hi, how come most of the song in the Top 10 France are not available on Spotify UK ? Thanks.",Music_Content
Can you PLEASE add an explicit filter to Spotify? I really don't understand how this hasn't happened yet...,Feature_Request
please put ‘without you’ by spooky black on spotify,Music_Content
I'm a student again and would like to apply the student discount to my current Spotify account. How is that possible?,Family_Student_Plan
My Premium account (created with FB) is being hacked and being used right now! What can I do?! I can't block somone or change PW!!,Account_Security
"No error, just when I press the shuffle play button to the Imagine Dragons album it does not want to play. The device is my iPhone 5SE",Playback_Issue
Someone hacked my account... changed the email address and now I can't access my tunes. Can you please help?,Account_Security
why can I not use PayPal to pay for student premium???,Family_Student_Plan
"my account is premium but the app on my phone is still like a free account, help :(",Premium_Subscription
"hii someone hacked my spotify acc and i’m not able to get in anymore, is there anyway i can cancel my payment",Account_Security
hi you've overcharged me AGAIN! please DM me to sort this out,Payment_Refund
"fix your shuffle please I want to hear different stuff every once and a while while shuffling a playlist with almost 1,000 songs",Playback_Issue
- Tired of Prem Family Member being able to login via web but Windows and iPhone App logins failing. Not useable.,Family_Student_Plan
Was charged twice for signing up for Student Spotify. Would really like to get my $5.00 back as soon as possible. (Today),Payment_Refund
Issues adding family members to my Family account. Error Code 3. Please help! She can't login.,Login_Issue
❤️ Spotify on PlayStation 4! Development request: Could you please add a visualizer? Like WinAmp,Feature_Request
I am unable to log in since I've gotten my new iPhone 8. I've tried to my username/email & password and nothing seems to work,Login_Issue
hi there I’m struggling to get a family member added to my plan. They are not receiving the invite email.,Family_Student_Plan
I have created a new premium family account. When I go to the page to invite people it's blank,Family_Student_Plan
"Hello , you could add the song ""Is That For Me"" by Anitta ft. Alesso on the playlist ""Today Top Hits"" please, thank you.",Music_Content
So I’d still have to download all my tracks again even though my app is up to date and I’ve only got one active offline device?,Downloads_Offline
My premium account got hacked. Luckily I was able to change my password and delete other apps. What are you doing to fix this?,Account_Security
"Every time I play put American Teen on shuffle and Therapy comes on, Spotify always skips it or closes out the app ??",Playback_Issue
still can't activate all invited member of my premium family...,Family_Student_Plan
Yo I keep trying to apply for the student discount but it keeps telling me my 'csrf token' is invalid???????,Family_Student_Plan
Hi! How long do offline songs last? Going to Ethiopia for 2 weeks and want to know if I should be filling my phone up with music manually ;),Downloads_Offline
PETITION FOR FOR PUTTING BTOB's 2ND ALBUM ON SPOTIFY RIGHT NOW,Music_Content
My downloaded music keeps getting deleted/disappearing,Downloads_Offline
"Dear can you please add a button for #discoverweekly with the functionality: ""ban any #Saxophon tune from playlist""?",Feature_Request
"same here, cannot play any Daft Punk or Phoenix songs on my pc or android phone",Playback_Issue
"Hey the app is crashing every time I try to share a playlist! Pixel, Android 8",App_Technical
pls help! Have paid for Premium sub via iTunes but app is not working. Have tried logging out/in & reinstalling to no avail :(,App_Technical
Please add DNA by on Spotify‘s Playlist Pop Brandneu,Feature_Request
"Why does seem to think that when I put in and hit shuffle play on something specific that I want to hear ""suggested songs""? If I wanted something suggested because the artist has other stuff then I would go to the artists other stuff. Get your crap together",Playback_Issue
fix the app you keep crashing when i wanna play sf9 and honestly ?? thats so RUDE,App_Technical
so I know there is a student discount but how about creating that graduate but still broke discount? #grad #senddiscountcode #broke,Family_Student_Plan
paid for premium and I'm still on free? I tried everything on your website and it didn't help. Can I get a refund or try again,Payment_Refund
I have Spotify and I'm wondering if I should switch to Apple. I'm tryna get the family plan. What should I do?🤔,Family_Student_Plan
"When I send a family premium plan my name comes up as someone else ""you are about to join the family plan of..."" Help please",Family_Student_Plan
Spotify won't play songs in my Chrome browser pls help,Playback_Issue
"If i already have student premium, how do i access hulu?",Family_Student_Plan
WHICH HOE HACKED MY SPOTIFY I NEED NAMES THE WHOLE ADMINISTRATION BOUTTA GET THEIR SHIT ROCKED,Account_Security
I need help... I got kicked off my family plan.,Family_Student_Plan
certain song wont play it says song not available if you have it on computer you can import it. well it wont play that either,Playback_Issue
"Hey, unfortunately, had to cancel my subscription. Today was also the renewal date -- any chance I can get a refund?",Payment_Refund
"Cannot play any Oscar & The Wolf songs? Granted, I could just tune into , but I like the Spotify interface :)",Playback_Issue
Can anyone tell me if the platform actually works with #AndroidWear and does it offer a app on watch for offline content?,Downloads_Offline
"guys i have been charged twice for the student premium account, my paper work was accepted and i dont have Premium yet",Payment_Refund
my premium account is not working!!!???!!! Account: __email__ Please help.,Premium_Subscription
Idk what technology uses when you put your playlist on shuffle but I can tell you 45% of the time my music does not shuffle 😑😐😐,Playback_Issue
why was I charged $10 for premium when I updated my card info instead of student discount,Family_Student_Plan
I was charged twice for premium with student discount despite being denied sheerid verification,Payment_Refund
Please add Again-Bruno Mars,Feature_Request
"i am on a family plan and it stopped because it couldnt verify my address, i have changed my address on profile johngfrazer",Family_Student_Plan
HELP- Need help with upgrading to premium for students. It's not working. Says it can't confirm. I have a .edu account I am using..,Premium_Subscription
Just subscribed for premium. Paid. Still only free account.,Premium_Subscription
"Web player quit after an ""Echoes of Vietnam"" ad today. Still won't play on multiple browsers after several sign-ins. Help?",Playback_Issue
you charged me twice for my service this month,Payment_Refund
"I still can't play certain artists on with its latest ver. Where's that update, gang? This is a big problem.",Playback_Issue
"Dear ... I was promised a refund a couple of weeks ago, but I'm still waiting for the money. What's going on?",Payment_Refund
"why are the songs missing from Sir Mix-A-Lot's Seminar album? The album is still there, but all the songs are gone.",Music_Content
your shuffle algorithm sucks please stop this madness and just shuffle my dang songs,Playback_Issue
My Spotify web player isn't working and it's stuck on this add it lets me click songs and everything but it won't play it.,Playback_Issue
I was charged for standard premium today a month before my student plan expired and was not given a chance to renew. Help! Thx,Premium_Subscription
Have a premium for family invite code. Didn't get a browser w/ pre filled token and when I try to redeem my code I am told it is not valid. Please help. Thanks,Family_Student_Plan
"hello, i have some problem, i buy premium with student discount, but i don't have premium in my account",Family_Student_Plan
Seems impossible to reapply my student discount without re-entering my payment details - despite having paid for this month.,Family_Student_Plan
"okay great, I was wondering b/c I heard that on 10 inch tablets that the app wont force you to shuffle..However, my screen is 9.6 inches",Playback_Issue
"I’ve already created a new free account, want to be sure I don’t get charged twice for the month. Trying to get rid of Facebook link.",Payment_Refund
Songs by Prince and Robin Thicke won't play on my Blade Z Max.,Playback_Issue
why after months of being £4.99 with my student discount has it charged me £9.99?,Family_Student_Plan
"hi, I bought student premium and my status is premium but my app stills free on iphone ...",Family_Student_Plan
I've logged out and logged back in. Crashes when searching. Also tells me that I'm offline when trying to bring up menu to add to playlist,Downloads_Offline
Works fine on everything else. Web browser. It's just the app that won't work,App_Technical
Issue happens whether downloaded or download removed and playing via data. Nothing.,Downloads_Offline
I bought the family plan but my app still says it is a free account! Why?,Family_Student_Plan
Hi. I've been charged full when I'm on student discount. Do you mean payment problems like that?,Family_Student_Plan
I tried to upgrade my account but you guys charged me twice AND left me on a free account wtf,Payment_Refund
I need to cancel my subscription and would like a refund as it has only been charged today. Please help,Payment_Refund
What's the point of downloading music if the app continually doesn't register it's downloaded the minute I go offline?,Downloads_Offline
i went to go get premium it charged me but aint give me premium!,Payment_Refund
"Spotify says Im part of the student discount, I also have the Hulu sub, but I'm still being charged $10 a month",Family_Student_Plan
tried clicking a link in an email to extend my Student discount & it brings me to the regular page w/ no instructions or help,Family_Student_Plan
Hi I’m being charged as Premium & listed as Premium but I’m not getting any of the Premium Perks. What’s up with that?🤷🏽‍♀️👎🏾,Payment_Refund
"can't add a family member to account. Keep getting error 3 - something went wrong. Icleared cache, changed browsers and pcs",Family_Student_Plan
You should add a feature for playlists where you can search up a song. And not have to scroll through 800 songs looking for it.,Music_Content
"your shuffle for playlist suck, only flaw though",Playback_Issue
you charged my card twice??? uncool. FIGHT ME,Payment_Refund
"someone keeps hacking into devices ""yanko pc"", my old account was hacked and I think it is the same guy. I can't remove his device.",Account_Security
"Just got added to a family plan, do I have to cancel billing for my personal premium plan or is that automatically switched",Family_Student_Plan
"Is there a way to batch-add a song to multiple playlists simultaneously? If not, how can I submit this as a feature request?",Music_Content
Anyone know why local files on won't download offline?,Downloads_Offline
"Please add more music by Arms and Legs. Notably, their self-titled Closet Trekkie Records recording containing ""Baby Blue"". Please and thank you.",Music_Content
Hey Spotify can I in subscribe and resubscribe to change my home address ? Im struggling with the hone address issue my brother's account cannot link it into my family plan no matter what.,Family_Student_Plan
i keep forgetting that the app crashes when i start it up pls halp,App_Technical
"the app on my iPhone is constantly losing all the offline music, what's going on?",Downloads_Offline
I'm attempting to receive the student discount. I attend Colorado Christian University so the option is offered yet is says it cannot confirm that I am a student. I even use my school email for my spotify account.,Family_Student_Plan
I am trying to sign up for a new account. ios app or web browser (safari&chrome) wont work. help!,App_Technical
"Can't login to my account, numerous times to request password using the email __email__ but keep getting error.",Login_Issue
it happens nearly all the time no matter if I’m connected to a speaker or not. Like today I put a playlist of 80 songs on shuffle and the first five songs were from the same album and each time I’d reshuffle I’d keep getting that same album even though I only had 13 songs from it,Playback_Issue
What the H E C K does “Shuffle with Connect mean”?,Playback_Issue
I don’t know if you guys are aware or if this is a widespread problem but for the past month or so when I shuffle songs it doesn’t shuffle right. If I have an album on a playlist it will play all the songs from that album and not play anything else. It’s annoying.,Playback_Issue
"how do I see my recent address? I have to invite my family member, and they have to input the address. I dont even remember if I ever put my address on spotify. thx",Family_Student_Plan
"hi, I can't login to my acc. Try reset password got nothing in my email.",Login_Issue
"Try to shuffle on artists ""Rancid""; will get track ""Ruby Soho"" and many recent track mutliple times while nothing from their older albums.",Playback_Issue
do you guys plan to ever fix the shuffle issues? (win10mobile and desktop),Playback_Issue
"I can’t send and invite to a family member to join my family premium plan, keeps sayin try again, please help",Family_Student_Plan
Your spotify web browser can't play any songs when it's properly connected to the right device.,Playback_Issue
"Listening to my playlist offline today, first time suggested songs/playlist radio have appeared. How does that happen offline?",Downloads_Offline
HELP!!! My account has been hacked AGAIN! I am very upset with your service!,Account_Security
I have problems with Premium Family. It isnt aktive.,Family_Student_Plan
I signed up for free trial of premium and when I log into my desktop app it still shows as Spotify free account.,Premium_Subscription
Petition for to just actually keep my offline music saved to my phone and meaning I don't have to redownload 1000+ songs every week,Downloads_Offline
Spotify should add an option to have a song automatically skip the first/last x seconds if there are annoying intros/outros,Music_Content
MY BROTHERS ON 2K AND HIS SPOTIFY IS BEING HACKED AND THEY KEEP PLAYING 1D IM CRYING,Account_Security
It's set to United States- this whole album won't play even when I put it in a playlist,Playback_Issue
No i press the shuffle button and it doesn't respond- every other album on my Spotify will except this one,Playback_Issue
Still having issues. Tons of music just won't play. Even music I had downloaded to my mobile device.,Playback_Issue
"hey, i have two accounts through rogers on their 2yr free promo. about to expire.. is there a way to get them on a family plan",Family_Student_Plan
". I have reason to believe my account was recently hacked, but can’t find info on reporting. Suggestions?",Account_Security
How do I change my premium account to a student premium account?,Family_Student_Plan
hey guys. i was revoked access from my family plan earlier today. got resent invitation but i'm still getting error code 3. version: 1.0.65.320.gac7a8e02. thanks so much in advance.,Family_Student_Plan
hi guys. i need help with my account. my fb is connected to spotify but my fb is disabled now i cant log in.,Login_Issue
Does anyone have the problem in where you click shuffle and it only shuffles 50 songs instead of every song? #HELP,Playback_Issue
If I wanted to shuffle my last 50 songs I would just play them because they are recent. I want to shuffle ALL my songs,Playback_Issue
Hi! just released a Spotify app for their device. Can we get offline playback and Spotify connect support? Plz!,Downloads_Offline
I am trying to activate my student discount but it keeps saying my information is already registered to a spotify account.,Family_Student_Plan
So shuffle algorithm truly sucks. I do manual shuffle now thru the queue feature. Lol,Playback_Issue
do somethingThe shuffle option on the app. It is god awful. I dont put it on shuffle to hear the same song 3 mins later,Playback_Issue
"my card was charged, but I still don't have premium",Payment_Refund
"Yeah, at least my offline playlists are always there.",Downloads_Offline
we can't log in,Login_Issue
don't you think it makes sense to be able to pick a song on the charts and not have to just shuffle it?,Playback_Issue
"Installed on Android. Login screen is flickering - it's horrific, and I'm not even epileptic. This is intentional?",Login_Issue
y’all do know that shuffle doesn’t mean i play one song by an artist & then 10 songs by the same person play in a row??,Playback_Issue
could you please add these 2 songs by Logic (5 AM — Man of the year) thank you,Feature_Request
has been hacked please help! - __email__,Account_Security
PSA: 's shuffle algorithm suxx 😒😴 i have 500+ songs in a playlist and the same ones play every time. wtf??,Playback_Issue
STOP PLAYING RANDOM SONGS I HAVE NEVER ADDED TO MY MUSIC AFTER IM DONE LISTENING TO A PLAYLIST,Music_Content
"why can't I save my daily mixes to play offline, ?",Downloads_Offline
It happens when I'm using it offline normally and with 3G and nope,Downloads_Offline
"I switched to an Android recently, and everytime I use the app in tje background/another app it crashes! #helpme",App_Technical
please fix ur bug which doesn't allow me to shuffle anything when on 4g 🙃,Playback_Issue
where is my refund?,Payment_Refund
it would be great if you could add Rammsteins waidmanns heil back on Spotify.,Feature_Request
I am being charged twice yearly and charged monthly as well - can somebody help meeeeee,Payment_Refund
"Hi, can you get student discount with an NUS card? :)",Family_Student_Plan
Is there any kind of refund for Premium users from Puerto Rico for a month that we were not able to use ?,Payment_Refund
after all this trouble w u canceling my account? Have now double paid and am hearing commercials? Only shuffle access?,Playback_Issue
Please add Niall Horan - Flicker to spotify Germany xxx,Feature_Request
SORRY! MEJO TANGA KO. IBIG KO SABIHIN DI NASSAVE SONG PARA MAPLAY OFFLINE. SORRY AH. TANGA EH! 🙄,Downloads_Offline
just seen I've been charged twice in one week when I signed up. My normal 4.99 and an extra 9.99,Payment_Refund
Could you please just add the little dot under the shuffle icon like the Desktop app has? It’s perfect and should be easy to implement,Playback_Issue
i already paid in cash for my spotify premium but my account is still free.,Premium_Subscription
"offline songs are getting desynced, but today every song disappeared for an hour or so, any idea why either is happening?",Downloads_Offline
my spotify won't play Mastodon. Computer or phone. What gives?,Playback_Issue
"Hi I subscribed to premium but I can not use it, use the university account and they already charged me but I really wanted the normal premium account, which is what I have to do to recover my money and pay the normal premium.",Payment_Refund
so many songs wont play for me including all of frank oceans discography send help!!!,Playback_Issue
My student discount isnt working,Family_Student_Plan
I have Spotify student premium account and have read plenty of guides but i cannot add Hulu to my account.,Family_Student_Plan
"Lack of a changelog is annoying. There appears to be a new 'Currently Playing' screen, but sometimes it doesn't work.",App_Technical
can you help me? I can't play the new Grizzly Bear album.,Playback_Issue
Since when has there been a download limit on offline songs? Why is there a limit?!,Downloads_Offline
"yo man i cant play this album, whats the issue?",Playback_Issue
hi I applied for student discount at €4.99 p/m and it’s verified with a email to confirm and it took €9.99 out of my account?,Family_Student_Plan
Spotify blocking my account because I'm in a different country. What's the point of having music offline if I can't travel!?,Downloads_Offline
can I get a student discount with just my NUS card? I do not have a unidays,Family_Student_Plan
iPhone 6s the newest iOS and newest Spotify I updated it. I'll then hit pause then play but still won't play.,Playback_Issue
I'm going to really need y'all to fix you shuffle algorithm! What's the point of spending over a year making a 500+ song playlist,Playback_Issue
I need to cancel my account but my email was hacked and i don't have access to it and I don't want to keep being charged.,Account_Security
I'm trying to add a family memeber to our family plan and it's saying the email address is in incorrect format. It's not.,Family_Student_Plan
I have a premium family acct under __email__ but My Account says Free Acct. so I get ads; please fix.,Family_Student_Plan
can you plz help to fix it so next time I could hear it offline. Tq. (2),Downloads_Offline
account has been hacked and it seems your system has too. I have tried to contact via email and via the app and neither work,Account_Security
put acid rap on Spotify pls ;)))),Music_Content
one more thing It doesn't let me skip after certain amount can't play a desired song neither is basically like I'm not a premium account!,Playback_Issue
They received positive confirmation but their accounts still aren't associated with my family plan,Family_Student_Plan
"my premium subscription has been cancelled because my card has expired. I have the app on my phone and I don’t know my log in details to update my card detail, can you please help. #nomusicsucks",Premium_Subscription
"I paid for premium through the student discount, my account has been charged & it has almost been a month & it still says free",Family_Student_Plan
I’m fairly certain my Spotify premium account got hacked. Could you check into it for me?,Account_Security
I've always had payment issues. And have been charged twice in a month several times. And can never speak with someone on the phone to sort,Payment_Refund
"also doesnt let me shuffle play, tells me that its a premium feature",Playback_Issue
"i was in a spotify family plan for about week, but it suddenly stopped giving me premium and i cant enter the plan anymore.",Family_Student_Plan
trying to upgrade to premium family. Not letting me. Help,Family_Student_Plan
"Hey , I'm not confident of the security of your platform. My premium account hacked.",Account_Security
disgusting customer services. Charged me twice for 2 mths then after cancelling still took another payment. Now refusing to refund,Payment_Refund
Dear Please add songs to your Halloween playlist. The diner I work at plays it all day and I've heard ghostbusters 20 times 2day.,Feature_Request
Someone changed the email on my account and now I can't login! Please help!!!,Login_Issue
"Hallo spotify, i had already changed my email in facebook account, but email in spot. acc is not changed, How can I renew it?",Account_Security
"help pls, my app updated and some albums won't play /-:",Playback_Issue
Hey ...I'd go back to a paid premium subscription if you guys would release an Apple Watch app with offline access,Downloads_Offline
dear can you make some sort of family plan so my husband and i can stop arguing via song titles until one of us caves and let’s the other use it,Family_Student_Plan
when will get it’s shit together my music literally stops playing all the time and it doesn’t let me play certain playlists,Playback_Issue
I thought I was safe to leave it on shuffle but APPARENTLY I WAS WRONG,Playback_Issue
i think my account has been hacked. I recieved an email saying that my email address was changed. I never requested this.,Account_Security
can't log in from computer. Dowloaded latest app...this is how I get a hold of you 4 help??? Maybe I'll contact #tidal,Login_Issue
upgraded to premium and it still says I have a free account. Fix?,Premium_Subscription
Yeah for the music playlist that I downloaded to play offline. Is there a difference? 🤔,Downloads_Offline
"Hi - I am studying from Spain part online/part in-person MA at the University of Nottingham, but I can't get student discount?",Family_Student_Plan
I signed up for student premium but I'm still receiving ads. Any help?,Family_Student_Plan
somebody hacked my account and changed my email,Account_Security
"I upgraded my Spotify back to the family plan & my account is back to the ""free"" version. I'm in a road trip right now. Help",Family_Student_Plan
When your premium student discount needs to be renewed but you're not in college anymore <<<<,Family_Student_Plan
"trying to add account in the premium family account but when i click add, takes me to wrong web page like i havent signed up",Family_Student_Plan
"I can't manage my Family member list, could you please verify ? Thanks",Family_Student_Plan
"Hello, i signed up to an existing Family plan, but my account dont upgrade...",Family_Student_Plan
y’alls system for management is crap I got charged for our family plan I expect my family to be able to listen. Fix ur system,Family_Student_Plan
I was charged for premium 3 days ago... It still shows I have a free account and dont have premium features... Please help. 🙏,Premium_Subscription
I would appreciate it if things like Dark Horse didn’t play when I hit shuffle on Harry Styles’ album. Thank you.,Playback_Issue
Hello my account got hacked by some random spanish peeps. But i managed to log out from all devices. What should i do?,Account_Security
"I have the family plan n my husband is active on account, but is listed as ""free"" when signing on and cannot get the premium.",Family_Student_Plan
"Yeah, I just subscribed to Spotify Premium + Hulu Limited Commercials and I was charged twice and I want both charges reversed",Payment_Refund
hey ! My payment for premium subscription has been approved but its not working. Can u help me fix that issue? Thx,App_Technical
can put the first vixx album on spotify,Music_Content
I had a student premium account - had been charged £5 a month and the past 2 months i have been charged £10 without warning,Family_Student_Plan
.. need help accepting a family invite. I click on accept but it just goes to a generic page no place to redeem/enter code..?,Family_Student_Plan
i need to know about my premium account because did not working,Premium_Subscription
"""can't play the current song"" well fuck you then",Playback_Issue
can you help get my daughter on my family plan. No option to cancel her current free subscription,Family_Student_Plan
how come I shuffle this album and it plays something completely unrelated?,Playback_Issue
"got a new phone, premium subscription is not working. Need fix",Premium_Subscription
none of my playlists are working when I press shuffle. Wyd?,Playback_Issue
over 30 emails exchanged trying to get a refund from you and no one is doing anything. COMPLETELY FED UP!! DO NOT USE SPOTIFY!,Payment_Refund
its not shuffle if all the songs in my playlist are played in order by artist,Playback_Issue
"Judging off this post, the most recent edit was last year to the shuffle algorithm, and this has only been happening recently",Playback_Issue
"I was just about to get a Student Premium and it canceled on me, now i've got a charge but wasn't able to verify i'm a student",Family_Student_Plan
I just want the student discount. It had me pay b4 verifying my enrollment & wants me to pay again to activate the subscription. IDontWanna,Family_Student_Plan
"Add the Benny Benassi remix of ""Pretty Girls"" by wale, weensey from backyard and gucci mane. Can't live without this song it's the most unforgettable song in Project X",Music_Content
"a change of CC has destroy my family plan, their solution is for me to buy a iTunes card ? Horrible and unhelpful CS",Family_Student_Plan
"when I search for an album and then select Shuffle Play, why does it play other songs by random artists instead? #Annoying #NotCool",Playback_Issue
"when my app simply doesn't play even after hitting ""shuffle,"" on an album, why? It happens occasionally and sometimes won't fix itself even after restarting.",Playback_Issue
My account was charged but not yet verified for student premium. Can i refund my money?,Payment_Refund
I tried ending my Spotify premium account AGAIN- instead I was charged for family plan without my permission. Not okay!,Family_Student_Plan
I can't log in on any device. My UN is Owen654321. I have sent a message thru your site but heard nothing.,Login_Issue
"if I invite my wife to the family plan, why is it setting up a different family plan on her account?",Family_Student_Plan
"Excited to sign up for a family plan... gave up after 30 minutes of ""expired forms"" and ""Invalid Postal Codes. Frustrating.",Family_Student_Plan
"Hi, I have gone on my app as usual & this morning all my saved songs and albums are missing but yet my playlists are fine? - C",Music_Content
"My family can't sign into their accounts. We're on Premium Family. Please help! Yes, they're in the same home.",Family_Student_Plan
how do I get student discount for premium now I have an NUS? It says my UNIDAYS is restricted? #pleasehelp,Family_Student_Plan
"Hey! I'm trying to add a family member to my account, but it's giving me an error: ""600 - Oops something went wrong."" Can you help?",Family_Student_Plan
__email__ my family plan ends in November.,Family_Student_Plan
"i use hulu through you guys, w/ a student discount ive been using it for a month and now it wont let me. hulu said to conact you",Family_Student_Plan
I can't add family members to my family plan. Getting an error 4. no matter what I do.,Family_Student_Plan
trying to add a family member to my Spotify premium and keep getting this error. What does it mean and how do we fix this?,Family_Student_Plan
put Feed Em To The Lions back on spotify,Music_Content
"I paid the premium Spotify account using Itunes, and my account is still free.",Premium_Subscription
i paid for a premium family plan it doesn't work in my app but it works in my husbands.i tried w the TS but is not working.,Family_Student_Plan
should add “To get to You” by Johan Glossner ft. frida Winsth so I can listen to it in the car 😌 #please,Feature_Request
I’ve been having trouble for months trying to get the family plan to work. Im not receiving an invite. Can I get some help?,Family_Student_Plan
Hi I've paid for premium family.stephen hossack (babaluma1973) but can't add family members?,Family_Student_Plan
"why does Swedish House Mafia on shuffle only play the same remixes of the same 3 songs? And why do I care? Do you care, ?",Playback_Issue
"Hello I've been charged twice for October, but your online help just sends me to Error 404 page. Please help!",Payment_Refund
I just bought the student premium but it's not activating?,Family_Student_Plan
Hey your ap keeps crashing when I try to use it. either won't play the next song when one ends or says upgrade to listen anywhere,Playback_Issue
"hi, my student discount for premium account isn't working even though I have been verified as a student",Family_Student_Plan
Spotify web player seems broken. Won't play anything in my browser (newest chrome on a chromebook). Was fine a couple of days ago.,Playback_Issue
As fun as it would be to do the digital equivelant of shelf stacking I have hundreds of songs can I put in a feature request for a bulk add?,Feature_Request
Still no trace of 's first album #SomethingWild 😢It's already 20 years old and is the only one missing!,Music_Content
"Someone got into my account, upgraded to a family plan and added 4 people to my account...",Account_Security
my account has been hacked and I have had no support from Spotify 😡😡😡😡😡,Account_Security
"Hello, I'm not able to join back to a family plan. There's always an error showing up.",Family_Student_Plan
"hey - my Spotify premium account isn't opening on my laptop, says i'm just on a free account. works fine on my mobile",Premium_Subscription
"I'm off Cancelled my subscription. Despite working with , my offline tracks continue to disppear from my library 😔",Downloads_Offline
my daughter invited me to join family plan. Keep getting error message. Premium code not valid. Help please.,Family_Student_Plan
"I did not activate Headspace, but you bill me for that since 4 months. Please refund",Payment_Refund
"Hi! I'm having big trouble with my Premium Family account, two months have passed by and I can't get hold of you guys",Family_Student_Plan
was sharing an account w my fiance but upgraded to family plan. Can he transfer his playlists over to his own account?,Family_Student_Plan
"Hi, is there any issue with getting Premium Family subscription with a Facebook-created account (while the others aren't)? Thx",Family_Student_Plan
- how can i report an issue with my family premium account? My family member got kicked out of plan and cannot re-join / login,Family_Student_Plan
"iPhone 8, iOS 11.0.3, Spotify v 8.4.22.515. Sometimes if I step into an artist with 2+ albums it seems to shuffle 1 at a time. Thanks guys!",Playback_Issue
"did the latest update change the way shuffle works at all? Seems a lot less random, seem to get 2-3 albums out of 50 at a time",Playback_Issue
My credit card was charged a student rate but I am already a premium customer. Can you refund the student rate please?,Payment_Refund
need to sort out a refund can you dm me plz,Payment_Refund
"What happened to ""play"" or ""shuffle play"" button under a folder of playlists? Missing in iOs app! Still there on mac/pc.",Playback_Issue
i have songs downloaded and the wont play for some reason? they play on the web player but not the app on my laptop or phone,Playback_Issue
"Wtf , I'm walking listening with my headphones then the music stops and says I'm listening to music on Lucas's iPhone?",Playback_Issue
"I've been kick out from premium family member and couldn't rejoin, could you check for me please?",Family_Student_Plan
My music won't shuffle anymore on my iPhone. Its been like this for a week when I started paying for the service. How do I fix,Playback_Issue
"got a new phone, unable to log in Spotify with email address, says I've logged in via Facebook, never used Facebook, help?",Login_Issue
And i also removed all offline devices except my iPhone. Still no luck. What do I do?,Downloads_Offline
. What are the odds of your Family Plan becoming an Family & Friends plan? Would be helpful for those w/o kids.,Family_Student_Plan
"lol I had 6 daily mixes, and then my music stops playing mid song and I lost number 5 and 6 tf homie",Playback_Issue
add a feature where you can combine playlists into another playlist,Feature_Request
"I already 'redeemed' student discount, but I get billed for 10 euros. Can I get this money back and have my acc changed?",Family_Student_Plan
"Since the last update, the app just stops playing music/podcasts on its own! #SelfAwareSpotify 😂",Playback_Issue
- Can't log in with my facebook account nor sign up again with my email. Please help.,Login_Issue
"My offline music keeps deleting itself. What gives? Always happens as I leave work, so I don't get my tunes in the car.",Downloads_Offline
"Can you update your shuffle algorithm, it's really poor and constantly plays 2/3 songs from the same album ?",Playback_Issue
thanks for not giving me a warning that the student discount I was using no longer works and taking £10 out of my account 👍🏼😡,Family_Student_Plan
"Hi, I applied for a Student Discount and I was charged even tho I didn't finish registration since my school wasn't listed 🙁",Family_Student_Plan
"received ""invalid family plan code"". I always logged with facebook authentication, can this be?",Family_Student_Plan
your shuffle algorithm is terrible,Playback_Issue
I believe my account has been hacked. Someone keeps playing music at the same time and has deleted my playlists. Please advise,Account_Security
I cant play my music on for 3 days now. What is happening? Please tell me,Playback_Issue
I paid for premium on the 19th... It works on my phone. when on my desktop it says free,Premium_Subscription
please can someone help me access my account? password reset email not received and I cannot log in,Login_Issue
What if I have a family plan? Will I get anything? Or would I have to get off the family plan and on to studen plan,Family_Student_Plan
trying to add my son to a premium family account and keep getting and error #3,Family_Student_Plan
i lost access to the email account linked to my account. how do i update it if i cannot log in or get a password reset?,Login_Issue
"I'm a spotify user and for some reason, my spotify won't let me play my playlist. Please help.",Playback_Issue
can you do me a favor? Can you please put The Dolan Twins Diss Track on spotify?? 😂 I’d appreciate it!,Music_Content
Tried to update my pay info 4 my student Premium account but it gave me an error and has already charged $9.99. Please help!,Family_Student_Plan
I need help on trying to get my spotify premium student discount! 😭,Family_Student_Plan
"Hey , can I be added to a premium family account if we live in different countries?",Family_Student_Plan
"Hi, apparently I was charged with 4.99 for a student premium account but I do not wish for this, can you verify my account?",Family_Student_Plan
"then i exit the app completely, go back and try that same playlist. It doesn't work and the same thing comes up over and over.",App_Technical
Please put Dr. Dre’s “The Chronic” on Spotify,Music_Content
"Just signed up for the student discount with Hulu, got charged but nothing happened. My profile and desktop app say that I’m still on free",Family_Student_Plan
you guys should add Days in the East by Drake to Spotify 😭,Feature_Request
y’all need to add The Quest by Bryn Christopher bc that song makes me wanna LIVE,Music_Content
unable to add family member to plan. Been working with an email rep since 9pm last night til they stopped replying!,Family_Student_Plan
you charge my account twice. I need a refund asap.,Payment_Refund
"hi, I paid for my premium account yesterday, but it still says spotify is offline at the moment.",Downloads_Offline
i cant add my wife in the family plan!,Family_Student_Plan
Is it possible to move individual accounts billed via Sprint to a family plan? Help!,Family_Student_Plan
"I´m cannot login. When i try my facebook accout show the message ""Oops! Something went wrong...",Login_Issue
why is this popping up when I put Bark At The Moon on shuffle?,Playback_Issue
"account been hacked, this is ongoing issue, my account kept having weird emails as my family and my real family cannot join :(",Account_Security
"Im trying to get the student discount, my university is on the list- but Its not recognizing as a student. I’m a freshman!",Family_Student_Plan
my Spotify keeps saying error 600 and won’t let me accept my family invite,Family_Student_Plan
I was charged 4 Spotify premium even tho I have a free account. Thought maybe I didn't cancel but checked and it says I did.,Premium_Subscription
"I was a day late renewing my student acct and was charged $10. I since renewed, would you be gracious enough to refund $5?",Payment_Refund
can someone help me add family members to our family plan? Sent the invite and still not working.,Family_Student_Plan
help! I already paid for Spotify Premium thru SM bills payment but my account is still on free 😓,Premium_Subscription
"I was charged 99 DKK on my user Gregory Christensen, but don’t have Premium or anything else paid. How can that be?",Payment_Refund
I was never told the student discount was only for ONE year and I got charged in full without a notice. I feel betrayed tbh #SwitchedToAppleMusic,Family_Student_Plan
I'm having problems I have Premium and I can't access my music offline,Downloads_Offline
My app on android insists I'm offline when I'm not.,Downloads_Offline
I can’t add my daughter to my family plan. We keep getting an error message.,Family_Student_Plan
Someone has managed to change my email and now I can't log in?,Login_Issue
I've subscribed to Premium but your app won't let me log in. Please sort bug. Have re-installed and same issues.,App_Technical
DEAR I HAVE THE STUDENT DISCOUNT SO QUIT CHARGING ME FULL PRICE 😡,Family_Student_Plan
"Hi, I have just changed from a premium to a family membership but every time I go to add a family member the page is blank?",Family_Student_Plan
I have student premium and it won’t let me access Hulu. Talked to a Hulu rep and the issue seems to be on yalls end- help!,Family_Student_Plan
"Hi! I am a student who wanted the discount,uploaded the documents asked.. This morning, my bank account reflect a double charge for Spotify premium but the account won""t obey so. I would like a refund of the second charge and access to Spotify premium",Payment_Refund
I want to ugrade a/c. Can't log in via email. Says I'm linked to Facebook. I don't use FB!,Login_Issue
listening on my iPhone via headphones. Music stops playing when I navigate away from the app. Why?,Playback_Issue
i am on a family plan but i still gets ads on android mobile app and can only shuffle play. solutions?,Family_Student_Plan
my account got hacked. Think fixed but got an email from you with hackers email on! Can I share with you so you can sort em?,Account_Security
I’ve been charged for both student premium and regular premium since July. I’ve been paying $15 a month? Help me fix this.,Family_Student_Plan
Nopastanoparty. It keeps saying I am offline to go online to connect but my mac is connected,Downloads_Offline
I think my account was hacked and I can't log in. CAN YOU HELP ME? 🤷🏼‍♀️🤷🏼‍♀️,Account_Security
Can you put a remix on Spotify?,Music_Content
. Is it possible to download podcasts for offline listening?,Downloads_Offline
But you can only randomly shuffle songs. You can’t listen to an entire album without paying for a subscription!,Playback_Issue
"When would it be possible to listen to offline songs stored in your library, but aren’t in a playlist from your computer?",Downloads_Offline
please help me to take my account back! It has been hacked again,Account_Security
Hey app crashes on iOS 11.0.3 after liking a song in discover weekly,App_Technical
I just signed up for premium with the student deal. Completed verification and was charged. But do not have premium. Help!,Payment_Refund
"would like to cancel my membership and get a refund. I just signed up yesterday, found a better deal somewhere else",Payment_Refund
I think my account got hacked! I got an email that it changed to a diff rando email? Should I respond to __email__?,Account_Security
"hi, I was removed from our family plan even though I reside at the same address as the initiator. We're paying. Please fix.",Family_Student_Plan
every time I apply for the student discount I get denied. I am a student and my school is recognized in your system. Help!,Family_Student_Plan
fuck you and your piece of shit shuffle feature,Playback_Issue
iOS has bunch of completely unfamiliar songs/playlists in history. One kind of bothers me. No new offline devices. Any ideas?,Downloads_Offline
Hello ! It seems that i can't play any song from some artists. Lot's of people are talking about this bug. Any help please ?,Playback_Issue
My Spotify got hacked I had it back by morning thanks to and its amazing customer support,Account_Security
I need help someone has hacked my account and I do not know what to do,Account_Security
why have I been charged £10 this month when I have my student discount linked up......?,Family_Student_Plan
I'm having a problem to use spotify on PC I'm online bt spotify shows offline I can't sreaming song please help me,Downloads_Offline
Why am I paying to download music so I can play it offline if all it does is freeze when I’m offline 🤔🤔,Downloads_Offline
Can I get half price premium with my NUS extra card? I don’t have Unidays,Family_Student_Plan
I have the student discount applied to my account but last month was charged full price :/,Family_Student_Plan
why do I have to resubmit a form of payment when switching from premium to student discount premium? Can't I just switch it over,Family_Student_Plan
web player stuck on advertisement but wont play it. Greyed out. Rebooted and logged in and out already. Thank you!,Playback_Issue
Hi guys - I never finished signing up for your student premium deal but I was still charged for it. Any chance of a refund?,Payment_Refund
"account downgraded to free should be premium family, can't retreive my previous premium info without commercial, please help",Family_Student_Plan
Won't login on iPhone app for at least 1 week now. The login screen doesn't even show. Please do something. Money is being wasted.,Login_Issue
can you guys please add more mixtapes of youngboy never broke again please?,Feature_Request
please add Boom Boom to singles under Dinah Jane's listing please,Feature_Request
is it possible to add my student discount to my existing Spotify premium account?,Family_Student_Plan
"hey I originally created my Spotify account using Facebook, but I've since quit Facebook and can't login! How can I log in?",Login_Issue
"It keeps saying (daily) I'm offline when not then: log out desktop, try login in FB, screen doesn't come up to agree to login",Downloads_Offline
help! My friends account was hacked and a new email was created. She can’t cancel her subscription and is being charged.,Account_Security
Accidentally applied my student premium to a diff fb acct! How can I change it so that my student info works for my main acct,Family_Student_Plan
"so sick and tired of waiting on a refund. Over 35 emails, their replies make no sense and they DON’T listen to my ways to solve it!",Payment_Refund
I have got back with them several time lately and I get nothing! This is ridiculous! How hard is it to issue a refund?? This company sucks!!,Payment_Refund
Yeah they got back to me and said I would have to wait another 14 days to get my refund! THIS COMPANY SUCKS!!,Payment_Refund
I have heard from them and now they tell me it’s going to take 14 business days to get my refund. This is total bullshit!! U suck!,Payment_Refund
I'm also trying to shuffle my saved Songs (1100+) and still shuffle plays 8 songs from the same album or nearby on the list...,Playback_Issue
"why is your shuffle soooooo crappy, I hear the same songs all the time 🙂🙂🙂🙂",Playback_Issue
hey if yall have premium check how much ur being charged i just cancelled mine bc they stopped my student discount w/o warning :),Family_Student_Plan
hi signed up to premium account on 17th October can't play offline tried uninstalling re-installing HTC any I do thanks,Downloads_Offline
"ok, deleted my offline albums again. Any recommendation where to migrate? Apple not an option",Downloads_Offline
why did I just get charged the full premium price event tho I renewed my student discount?,Family_Student_Plan
I got charged twice. Once for the student premium and once for the regular $9.99 premium. Why?,Payment_Refund
"Hi, I had an email saying address had changed, It was not me, I think its been hacked, please help!",Account_Security
"hi, my account appears to have been hacked and the email address chsanged that i use! I pay for premium & someone is using it",Account_Security
"I need a refund from you guys, I cancelled my service with you, two months ago.",Payment_Refund
"All my playlist marked as not downloadable in my laptop and my phone deleting all my offline music! And, it's not the first time.",Downloads_Offline
so are you going to add a mechanic to start a song over? Or is that in the premium deal?,Music_Content
when I trry to join my family plan doesn't work and this is what it says: Everytime same error.,Family_Student_Plan
bakit kailangan ko ng credit card para ma avail yung student premium sa spotify pwede bang by load na lang ulit ang mop?,Family_Student_Plan
". I need help. I paid and got confirmed as student acct eligible, but I cannot login. Help please you do not have a help desk!!",Login_Issue
family premium is not working on my spotify account. e-mail is __email__,Premium_Subscription
"hi there, deleted my facebook and I do NOT want to reactivate. I now can't log in, can you help?",Login_Issue
either tell me how to do this or a feature request. Hard press on pause to have playback stop at the end of the current song?,Feature_Request
I can't login to my account & I can't find a customer service. Please help. NEED MUSIC,Login_Issue
Spotify is trash bc I made a playlist with the same song 50 times and hit shuffle and it played some other random song,Playback_Issue
"just joined family premium and sent an invite, my family member has clicked accept invite link in email but nothing happens?",Family_Student_Plan
I deleted my FB account 6 months ago and it was what I used for logging in to my premium family account. How can I cancel and move to a new account? Just got a new credit card so the payment is going to start bouncing soon :(,Family_Student_Plan
Spotify account hacked - what to do? Repeatedly seeing 'account in use on another device',Account_Security
"Wow, has a terrible bug on Android. If you get logged out in offline mode you can't log back in without reinstalling the app.",Downloads_Offline
"hey i've got some issues with the Family account, apparently the other users can't log in, any suggestions to fix it?",Login_Issue
why can I only click on shuffle play and not any individual songs? #help,Playback_Issue
I deleted my Facebook account & now cannot login :( or contact you any other way.,Login_Issue
you should put this remix of my way by fetty wap on spotify i’ll love you forever and give u hot cocoa,Music_Content
seems as if I lost my student discount. Can you help with this? I got charged $10.71 instead of $5.35/$5.40.,Family_Student_Plan
can you add a feature where people on my Wifi can add to the queue on my wireless speakers? That’d be super smash,Feature_Request
My app keeps crashing . But tbf so does every other app too but not sure about what phone to get,App_Technical
"Someone has hijacked my Spotify Premium account, and I am unable to login. Can I please get some assistance to get this fixed?",Login_Issue
My account was hacked today. 4+ years of music and playlists gone & replaced by this. 😥💔 I use my lists everyday so this hurts. 😓,Account_Security
A warning that my student discount was about to expire would’ve been much appreciated 🙁,Family_Student_Plan
how am i supposed to know which family member is which? I need to remove one.,Family_Student_Plan
How can I extend my student discount? The email I received says I can but when I click on the renew option nothing happens.,Family_Student_Plan
"hi, i have premiun family plan subscriptions, however it suddenly change to free. Please explain why?! I want to cancel it.",Family_Student_Plan
". Please add ""Reggaeton Lento (Remix)"" by CNCO & Little Mix on ""Top Hits Philippines"" playlist please",Feature_Request
i wish there was a way to consolidate all my playlists on thru the app without individually adding each song,Music_Content
I’ve sorted it now and cancelled but I want a refund because I haven’t used the account for about a year!,Payment_Refund
I get a blue box says offline not sure how to get online,Downloads_Offline
[people have been asking for an explicit filter button for 5 YEARS!!!!!! PLEASE ADD A FILTER,Feature_Request
My playlist of over 600 songs is so diverse and fun. Good thing it only plays the same 80 songs on shuffle.....,Playback_Issue
can you please add more Unreleased & released Steve Burns music please!.?,Music_Content
". Hello. I am having problem to re-activate a family member. System says that a code has been sendt to the mail, but no luck",Family_Student_Plan
Need support for a hacked account. It seems like once the hacker changes your email there is no way to fix the issue. Little help here?,Account_Security
Valerie Rushton (valeriespot) £9.99 paid from my bank a/c 23.10.76 but premium not activated.,Premium_Subscription
"it seems that my account has been hacked, got an email address change notification and it wasn't me who did it...how do I fix?",Account_Security
They stop and then when I press shuffle again this comes up,Playback_Issue
i (brayantcamilo) have been having Troubles to invite (flaquis.zaldua) to my family plan.,Family_Student_Plan
"Since I have migrated from Groove to Spotify, Can we expect a decent app on Windows 10 Mobile? It's not working.",App_Technical
"Renewed my student discount last month, but I'm being charged the regular price for Premium. How come?",Family_Student_Plan
Why is shuffle on so awful?,Playback_Issue
sounds from the other side by will not play when you hit the shuffle play button. Please rectify. Thanks,Playback_Issue
I think my premium account has been hacked and I can't ask for help or contact you without logging in. Can someone help please?,Account_Security
iOS app version 8.4.24.506. But you don't you create a pure Spotify music player without all the annoying add-ons? I just want my music.,Music_Content
", how do I upgrade from Premium to the Family plan? Should I wait 'till the end of the month so I don't pay twice? Thanks!",Family_Student_Plan
"Gigabytes of data that Spotify app now says is not offline content. No updates, use it daily and always pay my bill. No storage errors",Downloads_Offline
"Both. I had about 10gb of music for offline use..turned on spotify, it stated no offline content",Downloads_Offline
my offline music is still in a folder on my phone and I cannot access it. I've asked you multiple times for help now.,Downloads_Offline
if i have a unidays account can i still receive the premium discount after the 12 month period?,Family_Student_Plan
Been paying premium subscription for months. Account still shows as free so have adverts & can only shuffle songs. How 2 fix?,Playback_Issue
just realised my student discount expired and with no warning my payment doubled. Still a student how do i reapply?,Family_Student_Plan
can someone explain to me why ALL my saved albums and ALL my saved songs are missing from my library?,Music_Content
Its not free!ive been charged TWICE 😤,Payment_Refund
"your adds are more compressed, hasher and alot louder than the music. Sort that out ya nearly blew my ears out and nt near full vol",Music_Content
"Dear , please add “Secrets” By Gil Scott-Heron.",Feature_Request
Wait what do you mean I can only listen to music on shuffle this is such bullshit,Playback_Issue
"After the last update in my Android phone the app doesn't work anymore, have tried to uninstall &install again Any suggestion?",App_Technical
please add Every Little Thing to the Hot Country playlist. Not having 's song on there really upsets me,Music_Content
I wanted to cancel my premium trial but it would not let me and I was charged today. I would like a refund please. Thanks!,Payment_Refund
i’m a tcc student & it keeps saying that i can’t get a student discount anymore???,Family_Student_Plan
"I can not add my family to my premium for family plan, I always mistake. What can I do ? thanks",Family_Student_Plan
"I cant get the spotify student discount because it doesnt work when I try to log in to unidays,",Family_Student_Plan
Yeah I had to buy premium through the Unidays website it didn't work through the Spotify app,Family_Student_Plan
My premium account was hacked. My playlists are gone and none of my family accounts can login.,Account_Security
"i bought student premium but on iPhone my account stills free... my status is premium , but nothing changed on app",Family_Student_Plan
I was charged $9.99 even though I have a student discount linked with Hulu,Family_Student_Plan
need help renewing my account unidays doesn't recognise me as student... My NUS card says different. Help plz,Family_Student_Plan
". My account for __email__ has been charged twice for months. Please stop charging me,reimburse and confirm",Payment_Refund
"my bfs Spotify works but mine doesn't and we are on a family plan , this is the second time this happened and you have no #",Family_Student_Plan
I'm trying to add someone to my family plan but it won't let me,Family_Student_Plan
Can I sign up student premium today if I don't start school until January?,Family_Student_Plan
can PLEASE add ‘the longest text message - Childish Gambino’ ? I need that shit in my life,Feature_Request
"why am i no longer able to shuffle artist and instead start playing ""this is [x]"" playlist or [x] artist radio? ugh",Playback_Issue
"Yes, this happens when I click shuffle play. It only happens on my phone (which is updated to the current version), not on my PC or Surface.",Playback_Issue
how do we cancel an account that we cant login to?,Login_Issue
Hey - is it possible to ACTUALLY shuffle music rather than just mix the 30/40 songs surrounding the one I selected?,Playback_Issue
"just moved in with my sister and trying to join her family plan, but getting a error 4- oops something went wrong. please help",Family_Student_Plan
hi there - it seems my account has been hacked of sorts by someone else. And changing my password doesn’t stop them. What now?,Account_Security
"hi, can I downgrade my family plan to premium?",Family_Student_Plan
"Hi why i can't login to my account, it says wrong login information ( i'm sure it's right )",Login_Issue
someone has hacked into my account and I can’t access anything!! Please get in contact with me so this can be fixed,Account_Security
I've just signed up and after a couple of hours I started getting 401 unauthorised errors. Can't log in now. :-/,Login_Issue
Seems like the latest Spotify desktop update is missing a repeat button! Bit weird. Anyone experiencing this as well? cc.,Playback_Issue
hi I've been charged twice for last few months can you help please?,Payment_Refund
Need refund for shady business practices. I was upgraded to a family plan overnight & charged without authorization.,Payment_Refund
I know its free but I Couldn't listen when im offline though 😭😭😭,Downloads_Offline
HI I think I am being overcharged since I tried to get 5£ off when using spotify and headspace! Any help ?! Cheers,Payment_Refund
is the servers down because i cant log in or request a password reset?,Login_Issue
got charged twice for the same month... i’d like a refund.,Payment_Refund
"please add F(x) Nu ABO mini album to your app, it’s my favorite from them and I need it.",Feature_Request
"I still had an issue, I just can’t restore my premium account and offline music from recovery playlist",Downloads_Offline
is there any way to share one playlist on a family plan?,Family_Student_Plan
"oh my god, again??? I'm literally being forced to save tracks offline again. Sort this out.",Downloads_Offline
I can’t listen to my music offline when your app repeatedly deletes my music and makes me redownload it twice a week,Downloads_Offline
"spotify premium is not working for me, i bought it 1.5 hours ago send my details in dm",Premium_Subscription
"Why I can't login to my spotify account? The username & password right, but keep back to login again after that",Login_Issue
We are trying to add a member of the family to our family plan and he keeps getting an oops something went wrong everytime,Family_Student_Plan
my account has been hacked. The email address has been changed. Please can someone help. Thanks,Account_Security
Myself and partner can’t access premium accounts this morning - what’s going on? Free account with Vodafone for 24 months,Premium_Subscription
is there anyway to add more than 5 family members to the Family Plan? I live in Australia btw,Family_Student_Plan
"I️ have a student premium subscription and I️ tried logging into Hulu, but it says “we’re having trouble authorizing your account with Spotify”",Family_Student_Plan
"I have a issue. My credit card information has been used to create a account with Spotify. My bank is charging me Monthly for fees. How do I get this resolved, and possibly get a refund for this. I have to contact my bank every month.",Payment_Refund
pretty much twice a week all my offline music goes back to needing to download again! How can I sort this? It's very annoying,Downloads_Offline
How would I go about reporting songs beginning to play mid-song (Hated-Beartooth 1:12) and playlists cycling the same 2-3 artists and/or 30 or so songs (1000 song list on shuffle)?,Playback_Issue
my account was hacked and email and password were changed on my spotify account,Account_Security
"Hi, I'm currently facing problem in joining a family plan. I have submit my information over and over again but I can't seem",Family_Student_Plan
"Hey, getting the 'Can't play the current song' on desktop Mac (Sierra). Have restarted app and computer but still occurring",Playback_Issue
Why does shuffle always plays the same songs over and over? Not much of a shuffle.,Playback_Issue
"I signed up for a Premium account w/ Student discount, my cc was charged but my account still says free account. Help!",Family_Student_Plan
"is this a genuine email of yours, I think I have been hacked as I can't log in",Account_Security
Hello I was wondering why I am being charged twice for my music every month?,Payment_Refund
can you please add to your #WomenOfPop Playlist?,Feature_Request
help. I can't login to any devices. I've reset my password 3 times still won't let me log in,Login_Issue
added my wife to my family plan. she wasnt able to log in with her email. when she did end up logging in her playlists r gone,Family_Student_Plan
"do you know what ""shuffle"" means? Why I am always listening same album in a row in 300 songs.",Playback_Issue
"I am using at IOS. The usual situation For example. 2 songs in row from same album, same artists, I have enough songs to shuffle.",Playback_Issue
my premium account has been hacked.. please help!,Account_Security
Robs you by not warning that your student discount expired and charges you more every month even though you're a Student -___-,Family_Student_Plan
hey someone’s hacked my account how do I sort it out? Can’t find any help on the website!,Account_Security
Hey there. All my offline tracks are gone from the iOS app. Storage of app is still ~5GB though. Version 8.4.25.906. thanks!,Downloads_Offline
my BBC 6 Music playlist doesn’t update when I add tracks. I add via the BBC Music app but my Spotify list doesn’t update,Music_Content
I have tried inviting family members to my premium family account but the links in the invites don't work.,Family_Student_Plan
"Mine isn't working at all at the moment! Won't play anything. I've disabled Premium now, as there's no point. But I'd like it to work.",Playback_Issue
i was charged twice for the student membership and still i don't have spotify premium. Can you please help?,Payment_Refund
How is taking up so much room? I delete and redownload bi-weekly. I don't have any offline downloads either. ☹️ #1stWorldProblems,Downloads_Offline
I don't have an extra account or third party subscription & have been charged twice every month on different cards,Payment_Refund
"I was logged out, can't log in again? Used ""save password"" . I tried to create a new password, but don't receive mail.",Login_Issue
Please add #Lemon by N.E.R.D and to today's top hits playlist !!,Feature_Request
i was just charged 4.99 but I don't have premium,Payment_Refund
Just cause I like a song does not mean I want to hear it every second track ... please fix the shuffle :) #Spotify,Playback_Issue
"Hi, instead of programming Stranger Things advertisement please fix your wack garbage 'shuffle' function so that it's random",Playback_Issue
I subscribed into Student Discount and payment went through but my subscription service didn't upgrade... please help,Family_Student_Plan
Having major problems connecting daughter to Family plan. No response from you by email -- can you advise?,Family_Student_Plan
Just noticed Spotify have been charging me £14.99 a month even though I should have a student premium account 😡,Family_Student_Plan
i can't log in to my spotify account. Everytime i try to log in i get logged out immediately. Pls help,Login_Issue
I spend half my life queuing the same song a 100 times because couldn’t make my obsessive life easier with a repeat button.,Playback_Issue
Why does my spotify only have the shuffle option when im paying for premium?,Playback_Issue
"Welp I hit the 3,333 offline cap on today. I have plenty of space left too. Please increase the cap or completely remove it Spotify",Downloads_Offline
"Hello spotify, why is my premium family account just swapped back to Free? Whole family lost their playlists etc. Please help.",Family_Student_Plan
why does my offline music keeps reverting to not being downloaded now 1 of 1231 songs to be downloaded..confused! 🤔,Downloads_Offline
I can't login to my account on my computer! The link won't send me an email to update/change my password--nor in my spam folder,Login_Issue
Having the same problem bought family premium 4+ hours ago but restarting is not working,Premium_Subscription
I just wanna know why people who share my adress cannot enter tk my family plan? Even registering the same adress,Family_Student_Plan
I pay for premium family plan and all the sudden my account is not showing that and well as family getting ads too. Help!,Family_Student_Plan
"hi, you charged me five extra dollars this month although I am on the student plan! I want my refund!",Payment_Refund
Please add an alarm function,Feature_Request
"Hey spotify, my fam cant get on the family plan and ive sent the email and entered the premium code for them.",Family_Student_Plan
"I joined the family plan 2 months ago, and they are still charging me my last premiun plan. What can I do?",Family_Student_Plan
Hello. I’ve been trying to add a family member to my plan but it says that my token does not work (several tokens).,Family_Student_Plan
I just got the student discount premium service and its still showing free and giving me ads. Ive been charged already,Family_Student_Plan
"SO I was joining the family plan, typed in all info including the correct address. It showed error 3 - oops something went wrong",Family_Student_Plan
"I can't log in with fb for some reason which is odd, I'm a premium member and have been using spotify for years. Help please",Login_Issue
"have Premium for Family. Trying to set up daughter's profile, redeem code not working. Have resent invite twice. Please advise",Premium_Subscription
"Added my WIFE to my familiar account and it won’t go. I’ll try Apple Music I guess, we’re all on iDevices...",Music_Content
my spotify premium acc got hacked very nice,Account_Security
DAMN! The hackers also upgraded me to a Family Plan without my knowledge! Check your account info ASAP if you use Spotify.,Family_Student_Plan
got charged for premium but can’t listen to premium... can you please fix my problem I’m very sad.,Payment_Refund
please add this to Guilty Pleasures presents: Heartthrobs.,Feature_Request
"I can't acces my premium family account. I was taken out yesterday for no reason, and even with a new invite I can't acces.",Family_Student_Plan
i cant log in through facebook and everything is good on facebook send,Login_Issue
i just got an email that i changed the email address associated with my account. i did not do this. now i'm unable to login.,Login_Issue
I am trying to invite a family member to my premium family membership and it will not link their account to mine. Why is this?,Family_Student_Plan
please get a better shuffle algorithm or I’m switching to ....,Playback_Issue
"Hi, can you switch the main person on my family plan over to my wife's account?",Family_Student_Plan
. please add the possibility to block an artist! or set your algorithm to remove an artist from suggestions at x # of dislikes 😓,Feature_Request
I can't login to my account on my Gear S2 to stream while I run. Keeps telling me to upgrade. Must have before my marathon.,Login_Issue
Is there anyway to get extended offline service for deployed military members?,Downloads_Offline
Hey you keep on taking my downloaded songs offline for no reason. Very close to cancelling my account.,Downloads_Offline
trying to work out why you’ve taken £9.99 of me when I have the student premium account and should only be charged £5.99?,Family_Student_Plan
this is the second time within the past 2 weeks that my downloads deleted & all of the music in my library have disappeared 🤔,Downloads_Offline
hi can I change email address of one of my family member? Premium for family.,Family_Student_Plan
can u please put Red Barz by on Spotify,Music_Content
one direction keeps coming on shuffle why do I have to suffer,Playback_Issue
"put truly, madly, deeply & irresistible on Spotify",Music_Content
"You guys charged me twice for Premium, why?",Payment_Refund
"I was just hacked! I got an email that my email was changed, I emailed Spotify but what am I supposed to do now?",Account_Security
"I love , but when I hit Shuffle, I expect the whole playlist to shuffle. Never got this treatment from",Playback_Issue
please fix the shuffle function on mobile. My 3 yo wants random songs from her playlist. #tinyboss,Playback_Issue
I cannot login to my Spotify premium account for over a week now and I need help logging back in. I can't even reset my pw.,Login_Issue
Hey why does the shuffle function do a terrible job of mixing my playlists? Improvements???,Playback_Issue
I can't log in to my account and it's not recognising my username for a password reset. Get this.,Login_Issue
I have a premium family account set 6th October and have paid £14.99 from my bank account and £9.99 with my mobile O2 bill,Family_Student_Plan
"hi , a family member is unable to log onto our family account. how can i reconfirm their login details?",Family_Student_Plan
downloaded app twice on my phone songs still Gray and won't play.,Playback_Issue
My partner’s was hacked- what’s the fastest way to get it back?,Account_Security
"New to Can someone tell me how to turn OFF that ($!#/) shuffle play Play one song, remove the suggested songs. Ready 2 delete",Playback_Issue
How do I change my current Spotify to student discount,Family_Student_Plan
"Hi, who do I contact to sort out a payment issue?? I was charged twice this month! Thanks",Payment_Refund
Since you have student discount for premium memberships do you also have military discount?,Family_Student_Plan
I'm a student trying to get the student discount but it can't verify that I'm a student pls help,Family_Student_Plan
trouble getting my wife signed up via our premium family account... sent an invite and she is getting an error. Need help.,Family_Student_Plan
A few of my fav songs got taken off of and I'm super sad cause I can't play them on repeat anymore ☹️,Playback_Issue
needs to add 'love dont love me' by Timberlake from the bad boys II soundtrack. Hate having to go to youtube for a great song.,Music_Content
why is it so hard to *not* shuffle play an album on iOS app? Want to hear original artist sequences.,Playback_Issue
"hi guys, my spotify wont log in, please help",Login_Issue
"I have not been able to connect a person to our family plan... I got the email from you, the link connnect us to the free plan",Family_Student_Plan
you should please add some more kpop groups like got7 and twice and day6 and stray kids and so many more.,Feature_Request
im trying to set up my Unidays student discount but it says its associated with another account when its not. Any help please,Family_Student_Plan
Hey! I've linked my unidays to the wrong Spotify account! Would you be able to fix this?,Family_Student_Plan
I cant manage my family plan. Nothing shows up on the page when I click the tab.,Family_Student_Plan
I have account spotify premium has been hacked with someone that change my mail. Can you provide it back to me?,Account_Security
I can't login with my username and i forgot my email. It says my username is not recognised. I am sure its correct. Help plz?,Login_Issue
"correct act is bruin93, which was hacked.",Account_Security
the unidays code link says it's broken so I cannot access the discount can you help please,Family_Student_Plan
my account was hacked and the email got changed so now I don't have access to it and your page is down. I need help!!,Account_Security
"I have Spotify premium and my music won't play, even on wifi. Cool thanks for wasting my money.",Playback_Issue
however I can't login on Spotify Web - says my pwd is incorrect. I've changed it on FB settings but I still can't login. can you pls help?,Login_Issue
yeah having some issues still saying I can't connect and am offline even tho my internet is fine.,Downloads_Offline
Web bronzer log in circle or can'T find the page. I am not the only one I will ask a refund,Payment_Refund
Hi ! Do you think it's gonna be possible for the resident of Quebec to get the student discount soon ? It would be great,Family_Student_Plan
Hey I've been trying to play music in web browser but it's frozen on a 15 second ad that won't play. Any suggestions?,Playback_Issue
"Not sure if you can see at the bottom but the same 15 second NY State Lottery ad seems to be cued up and won't play, like the site is stuck.",Playback_Issue
"Help! I was invited to be part of a spotify family plan, but I keep getting an error 600 when I fill out the details!",Family_Student_Plan
Created mt spotify via Facebook now cant log in on my Amazon firestick?,Login_Issue
are you guys going to respond to my dm about my hacked account?,Account_Security
"I am unable to login to my account? Tried resetting, it even had my profile name like I was already logged in at the top. Help!",Login_Issue
Hey I just created a family account but my parents can't login. Code from email invitation doesn't work,Login_Issue
can I use the student discount with a hs I'd and when will it be available through PayPal?,Family_Student_Plan
why can't I activate the student discount?,Family_Student_Plan
Hey! I've noticed my offline tracks have been cleared unpredictably every week or so. I'm running the latest version on iOS11.,Downloads_Offline
Hulu says it cannot authorize my spotify account when trying to sign for the student premium deal. Need help,Family_Student_Plan
"I cannot add other people to my family plan. It always says ""something went wrong, try again"". How can I fix this?",Family_Student_Plan
"When connecting to WiFi it says I’m offline and to try again. It’s fine on 3/4g however, I don’t want it to eat my data constantly",Downloads_Offline
"Hi. Thanks. I have paid to changing my account into premium account, but turns out, my account is still free one. Pls advise.",Premium_Subscription
"subs9.99 taken from bank acc but no Spotify acc? can't log in to spot acc to resolve, I don't have one! please help!",Login_Issue
"already paid spotify premium payment, but still not working (still free user).",Premium_Subscription
What's the point of even paying for Premium if music is not going to be readily available for offline listening?,Downloads_Offline
i already pay for the premium but why i'm still on free account,Premium_Subscription
paid for premium but im still on free. Already received the confirmation thru email but my premium subs. is still not working,Premium_Subscription
can i download podcasts to a samsung gear sport and listen to offline or it only works with music?,Downloads_Offline
"we've been begging for YEARS, PLEASE make your shuffle completely random. it sucks. please.",Playback_Issue
"I have recently moved, how do I change my address for my family plan?",Family_Student_Plan
"my student discount expired, if I renew for the $4.99 plan with Hulu will it cancel my other membership ? Or charge twice?",Family_Student_Plan
"Please help, my application won't play any songs by Young The Giant, Daft Punk, or Maroon 5. Says the songs are not available.",Playback_Issue
"So, someone else is definitely logged in to my account listening to Spanish music. What do I do?!",Account_Security
I can't log in and your website requires me to be logged in to submit a query via your contact form.,Login_Issue
"hello, i'm pretty sure my (premium) account got hacked today. Now what?",Account_Security
Hi why am I not eligible for £4.99 spotify premium with unidays?,Family_Student_Plan
please help I setup my account with Facebook I'm logged into Facebook but I still can't log in to Spotify,Login_Issue
my debit card got hacked so i'm trying to fix my payment & it says it hasn't gone through but charged my account 6 times wtf?,Account_Security
But I still can't login with the new number from the country I live in. What do I do?,Login_Issue
"Good evening, folks changed my premium plan for family plan. My wife received an invitation but nothing happens.",Family_Student_Plan
"if I have a queue with a 12 song album and 2 singles, & hit shuffle, why are t singles usually last two & always in last 5 songs?",Playback_Issue
I have spotify premium with the student discount already... do I have to pay for Hulu as well?,Family_Student_Plan
Hi. Spotify just charged me the regular rate wherein I am subscribed to student discount. Could you fix this? garciareggie,Family_Student_Plan
I'm not getting verified for my student discount and my information is correct.,Family_Student_Plan
I can't play a few artists from my account anymore. I get a message that the song is not available but it isn't greyed out.,Playback_Issue
"My family member I’m trying to put on my family account keeps getting an error code 600, when accepting the invite to join.",Family_Student_Plan
"Anyone else's being sucky? Mine won't play songs and keeps advising me to reload the page, sadness.",Playback_Issue
What's the deal with the family plan? Wife literally can't accept invite. WTF?,Family_Student_Plan
Someone hacked my and was listening to Spanish music for who know how long. I think I got rid of them though.,Account_Security
paid for premium earlier but it still says it's a free account :( w hyyyyㅠㅠㅠ,Premium_Subscription
"Paid for a family plan but can't add members, getting an error. Moving to Apple Music instead. Please refund my acc naiish.",Payment_Refund
hi I’ve got premium but for some reason my phone app is acting like I’ve not got it. Won’t let me skip/shuffle?,Playback_Issue
I'm getting a premium sub through a partner. I'd like to upgrade to family plan and pay the difference. Possible?,Family_Student_Plan
I have been charged twice for September,Payment_Refund
Is there a way to add more than one song at a time to a playlist? I wish I could select like 50 and add at once.,Music_Content
I keep getting notifications about the student discount. I am a student but it’s not registering on your website.,Family_Student_Plan
Paid for my Family Premium this morning and it still shows my subscription is Free,Premium_Subscription
"after account was hacked in August, I still receive strange emails from you in Italian, regardless of my settings. Any idea?",Account_Security
Can't log in and don't have time to navigate that nightmare of a help center to find a point of external communication WYA?,Login_Issue
I'm a member of Spotify premium with the student discount but just got charged full price. What do I do to fix this?,Family_Student_Plan
Trying to get my student discount w shouldn't be this tedious and difficult. Shoulda stayed w 😴,Family_Student_Plan
please put Hello by Seventeen on Spotify,Music_Content
"Having major issues where my music is consistently published under a different artist's page, every time I put out a track on Spotify. Could we work out a more permanent solution to this?",Music_Content
Can y’all please fix your shuffle on playlists I create? It’s like I get the same few songs shuffling & need more variety!,Playback_Issue
i want to sign up for premium but i cant login to my account on the app? I can sign in on internet but havin problems with the app?,Login_Issue
i bought the student premium because i’m a student in high school but after my purchase it said it’s for uni people,Family_Student_Plan
Hey one of the accounts on my Premium Family plan are still on the free version for some reason... do u know why?,Family_Student_Plan
my premium is not working. The payment came out I got an email receipt but I'm still paused. Why??,Premium_Subscription
WHY CANT I PLAYBACK A SONG IM ALREADY USING A PREMIUM ACCOUNT I PAID MY DUES WHAT MORE DO YOU WANT I CANT TURN OFF THE SHUFFLE PLAY TOO,Playback_Issue
I need to remove two accounts from a family plan without access to the admin accounts please,Family_Student_Plan
I have been unsuccessfully trying to get the student discount for two months now and it's become very frustrating.,Family_Student_Plan
"When won't let you get your student discount bc your student credentials are ""already in use with another account"" 🙄😭",Family_Student_Plan
"Actually, it looks like my premium account has expired. Maybe that would cause this?",Premium_Subscription
Im a premium user my account was hacked with the spotiamb device How do I fix this besides switching to apple once and for all,Account_Security
I've still got student discount so why have I been moved off the student tariff??,Family_Student_Plan
"I got an invite to join a Premium Family plan. When I click on Accept Invitation, it simply takes me to a sign in page?",Family_Student_Plan
"min aplikasi spotify untuk PC tidak bisa di download ya,,, seperti di apps android, sehingga bisa offline.",Downloads_Offline
I cxld my premium subscription months ago as I deactivated my Facebook but I am still being charged. Requesting refund,Payment_Refund
"Feature request: On your CarPlay app, please add a ""add to library"" button On your regular app, please bring Alexa integration. :)",Feature_Request
I just got the student premium. Will I need to cancel my old regular premium deal? Or does it happen automatically?,Family_Student_Plan
this is seriously annoying. I cannot sign up my son as a family member. Are you having problems?,Family_Student_Plan
I added my wife in premium family and now my account isn’t recognized. I cannot log in at all.,Family_Student_Plan
I can't log in to my old account with Facebook. My credentials are correct.,Login_Issue
. my offline songs keep disappearing and I have to re-download everything. $10 a month for this to happen? ☹️,Downloads_Offline
put back Player - Baby Come Back on spotify im begging you PLEASe,Music_Content
Downloaded for offline use.,Downloads_Offline
Hey is there any way to have a student discount as a high-school student?,Family_Student_Plan
". So, your idea of “shuffle” is to play all songs on my playlist by the same artist in a row, then do the same for the next artist?",Playback_Issue
I seem to have been double charged for a Spotify Family membership as well as a Premium membership through Apple. Help!,Payment_Refund
"Can't join my sister to family plan, and we live in the same house",Family_Student_Plan
my student subscription is about to expire & Im trying to subscribe again but it says my student info is used by another acc.,Premium_Subscription
I've been unable to get help reinstalling my hacked account via online support. Need results.,Account_Security
I'm a premium subscriber and my computer (web app) is stuck in shuffle mode! Heeeeeelp!! I can't play any song I click on.,Playback_Issue
You guys charged me twice and my account is still free! Help please,Payment_Refund
My premium account isn't working! It says it's it's a free account even though I'm under a family plan. Please help!,Family_Student_Plan
"., I am a longtime paid sub. & can't play any album on iPhone, Mac continuously but 'Your Time Capsule.' Did Restarts. How fix?",Playback_Issue
is it me or now when I'm on my mobile listening to music and open my app music stops?! with other apps works fine,Playback_Issue
😕 Why am I logged out and can't log in?,Login_Issue
why do you no longer accept the NUS Extra card for student discount? My institution isn't supported by,Family_Student_Plan
my family can't receive spotify family invite,Family_Student_Plan
"Disappointed no longer accept NUS and my college aren't eligible for unidays, after 8 yrs maybe time to go for AppleMusic",Family_Student_Plan
there's going to be an Apple Watch app with offline support soon right? Right? I really don't want to switch to,Downloads_Offline
"Hi. I upgraded to Premium Family. When my daughter clicks on her invite, & submits the form, she gets a 601 error. Can you tell us what this means & what to do? Don't see it on the error codes support page.",Family_Student_Plan
how do I delete the current playing song from my 1000 track playlist that's on shuffle? Android,Playback_Issue
hey way to lose a premium customer with family plan,Family_Student_Plan
"Having trouble to accept the Family Plan invitation, I put all the correct address & it says there's a problem. HELP!",Family_Student_Plan
my Premium payment went through 4 days ago - but still no Premium?😐,Premium_Subscription
Need help canceled after student premium ended but I want ya back having some trouble signing up not getting verified,Family_Student_Plan
"please put Julion Alvarez's music back on spotify :( and while you're at it, pls add Espinoza Paz's music too lol",Music_Content
Hi playing Crazy in Love and Drunk in Love in sequence is not a good example of shuffle,Playback_Issue
I don’t think u understand the concept of shuffle. Ur horrible at it,Playback_Issue
I got charged twice and can’t talk to a person about it. Please help me.,Payment_Refund
Do you really do NO verification of email changes? My account was hacked and no verification of the new email address was sent!?🤬,Account_Security
y’all have charged me twice in 1 week. Why?,Payment_Refund
I need help with my account. My premium membership is not working. I have it connected through síminn.,Premium_Subscription
You have charged me for a student membership but i did not complete the process and do not access to premium features!,Payment_Refund
"description of payment is Spotify P03893955E, but I never registred my card, so it might be hacked or I dont know.",Account_Security
"app is crashing every time i try to select share. Have uninstalled, cleared data, reinstalled and rebooted. No luck",App_Technical
I accidentally added a song to some list and now it always plays 2nd after I start playing songs. How do I remove that?,Music_Content
"Hey Spotify, why did you bump up my subscription to a family plan without telling me then charge me a week early?",Family_Student_Plan
"Spotify doesn't seem to work at the moment. Says I'm offline while I have internet, and now when I logged out, I cant log in.",Downloads_Offline
[askmf] cara ubah playlist spotify yang dari shuffle play jd ke putar urut gmn sih?,Playback_Issue
PUT ZHANG YIXING AKA LAY’S SECOND ALBUM SHEEP ON SPOTIFY RIGHT NOW THANK YOU,Music_Content
"please help, my account has been hacked and they have changed my email address so I can't log in 😬😱",Account_Security
I urgently need help. I am being charged monthly but unable to access my premium. Help page not useful.,Payment_Refund
Hi my Spotify application on my pc is not working. Any way to fix this?,App_Technical
My android app crashes every time I try to share a song. I've cleared the data and re-logged in but it still happens.,App_Technical
"Hi, it appears that my account has either incorrectly been deleted/disabled, or hacked. Please advise on how to fix this.",Account_Security
"Well the King of China just released his new album ""SHEEP"" and it's not available on Spotify yet",Music_Content
I’m being over charged!!! - I am a student but my premium has changed to the full account for some reason - help!,Payment_Refund
"Naka globe postpaid ako, mag spotify premium sana ako yung nadadagdag lang sa bill ko. Pwede ba yung student discount don? 65 per month.",Family_Student_Plan
Spotify failed to verify subscription to family plan. Please help.,Family_Student_Plan
I've been having real problems with on the desktop just deciding it can't play any song recently :/,Playback_Issue
"I'd like to clarify that I am on a UK student premium acc that's due to expire, and as I'm back in M'sia I'd like to get on my family's plan",Family_Student_Plan
Okay we're gonna have to talk about this. How is it that my downloaded music stops mid song with data on but perfect when off?,Playback_Issue
is there any way to save song offline on PC (win10). I’m premium user. Thanks.,Downloads_Offline
hey why does nothing on your app work offline anymore,Downloads_Offline
Thanks. Did Webchat and they sorted it. I'd been hacked.,Account_Security
I'm a poor college student in need of a partial refund so I can buy food LOL,Payment_Refund
switched credit card info to pay for my premium ended up getting charged twice & premium isn't working now,Payment_Refund
"please add jazz back in the title and get rid of the nonjazz, i'm trying to ace college and i need your playlist",Feature_Request
Can y'all add Julion Alvarez's music back on Spotify??? I'm trying to cry myself to sleep.,Music_Content
I've been charged twice in a month and have not received my student discount that I was approved for.,Payment_Refund
I was charged twice for a student sub and I don't have premium.,Payment_Refund
there is still a bug when I play music on my ps4 I cannot use shuffle mode for any artist also ads will sometimes stop,Playback_Issue
Does this apply to someone who already has and pays for the student discount? Or do I have to cancel and repurchase?,Family_Student_Plan
I download a playlist but I can't listen my music offline. I don't have wifi where I'm living to download a Playlist again.,Downloads_Offline
I need you guys to fix this on going issue with my family plan please.,Family_Student_Plan
I’m thinking about getting Spotify next month do i get a free trial with the family plan,Family_Student_Plan
hye i cannot log in my spotify in my dekstop. help me!!!!!!!,Login_Issue
"I sent a message to support about my hacked account but they said they'd get back to me at my hackers email, what should I do?",Account_Security
my unidays discount is saying it's already associated with another account. Can you help please?,Family_Student_Plan
"Whatever you are doing to manage your member accounts and family plan, it's bullocks",Family_Student_Plan
how I wish a family plan but I do not have a card opened way to get it,Family_Student_Plan
Premium Family invitation from christinakvamme the password wouldnt work.,Family_Student_Plan
I got charged twice for my student membership. Can you please help with that. Thank you.,Payment_Refund
put conor maynard - mi Gente on Spotify plz,Music_Content
I can't remember my password/email I used on my phone and I made a premium account using my student discount. How do I recover it?,Family_Student_Plan
"Would be great if I could recover my account, but y’all gave up. #customerservicesucks",Feature_Request
"hello, I want to transfer the ownership for my premium family account but I can't access my previous account. what to do?",Family_Student_Plan
"hi! I really really love my ""time capsule"" but why can't I shuffle it? 🎶",Playback_Issue
"Hi, charged Student Discount rate straight away despite switching to Premium immediately have you an email? thank you",Family_Student_Plan
"Cant login to Spotify on Xbox one if you login via facebook? keeps telling me to change my FB password, WHY? #Doesn'twork",Login_Issue
contract premium family but the premium is not applied in my main account.,Family_Student_Plan
how do I download my music for offline use on the Windows PC App?,Downloads_Offline
any reason why I can't login with my FB credentials anymore? Haven't changed anything but I can't get in! #plshelp,Login_Issue
"I don't get the Spotify student discount, but I have Spotify premium. Can I still get in on this?",Family_Student_Plan
My credit card was hacked hours after updating my payment info.... HMMMMMMM,Account_Security
How long does it take to clear my recommendations of the rubbish that was played when my account was hacked. over 6 months,Account_Security
"hi! I’m a student premium member and I’m trying to connect to my Hulu account, but I’m having trouble.",Family_Student_Plan
"hello, my account was hacked - could I get support ASAP?",Account_Security
"Uh, my Discover Weekly playlist has a lot of Japanese pop and folk songs. Either the algorithm is jacked or my account is hacked.",Account_Security
"Dear Spotify, Your 'shuffle' button played 'I'm Gonna Get You Baby (Thunderpuss 2000 mix)' RIGHT AFTER 'I'm Gonna Get You Baby' #NotHappy",Playback_Issue
"I subscribed for premium for family & a family member's account on the mobile app still lists as ""FREE"" & they get ads. ???",Family_Student_Plan
I was charged twice and I need the money refunded to my account,Payment_Refund
Hi have an invite pending to my family plan but the person isn’t getting an email invite. Help?,Family_Student_Plan
"my wife was kicked out of my family plan, and she's not able to join back, can someone help im about to cancel my subscription",Family_Student_Plan
. why is my student subscription not working for Hulu?,Premium_Subscription
checking in w/ because someone apparently changed my account email address and now I can't log in. I emailed but no response,Login_Issue
please I want to be able to add a song to my library right from the lock screen or control center,Music_Content
"im asking from the bottom of my heart, please add ""Kanashii Urashii"" by Frederick...i NEED IT",Feature_Request
can you please add all of music please? and Please that would awesome.,Music_Content
why can't I access the student discount?? says it can't verify me as a student???,Family_Student_Plan
"My account has been stolen, and as I can't log in, I can't report it via the form in support. How do I get hold of you guys?",Login_Issue
"Hi, several years Premium Plan subscriber:-) I upgrade to family plan, enter wrong name on family plan account... what to do?",Family_Student_Plan
The song shuffle on is absolute cancer.,Playback_Issue
"hi, can someone please tell me why my offline music is undownloaded on a frequent basis?",Downloads_Offline
hey fuckers. stop recording to my instrumentals and selling it or putting it on spotify without my consent.,Music_Content
Can anyone tell me why my suddenly won't play any of my saved songs unless they're downloaded?,Playback_Issue
Yep it was none of them to my knowledge. Offline mode was turned off so wasn't that and the app is the most recent. It was working at 1am?,Downloads_Offline
"Spotify does not care! Tweeted them, no reply. I'm paying for this! To get hacked & listen to crap music",Account_Security
I’m trying to get my mom set up on my Spotify Family Plan but keep getting a ‘something went wrong’ message?,Family_Student_Plan
I'd like a refund,Payment_Refund
"having issues with my Family Premium account, it won't send email for other family member to join.",Family_Student_Plan
"my account has been hacked on three separate occasions, most recently today (fixed it on my own). What's up with your security?",Account_Security
"hello, I got charged twice this month. Once 4.99$ which is monthly and one random 9.99$. What is this?",Payment_Refund
"my app barely even works, random songs skips, horribly repetitive shuffle and full of glitches... i pay for this",Playback_Issue
are premium subscribers allowed to listen to a full album in order? Your $15 family plan has me interested but I like albums.,Family_Student_Plan
is there any discount if you buy the family plan by the year instead of month?,Family_Student_Plan
I want to extend my student discount but I don’t see the option on your website. Pls help.,Family_Student_Plan
my account is hacked I received email that my email has been changed but I didn't request that now i cant login plz help,Account_Security
Hi I need your help we have recently upgraded to a family plan and every time my son tries to log in we get an error 601,Family_Student_Plan
help I've been charged twice for premium and I need to buy birthday presents!,Payment_Refund
when are you going to put Empire State of Mind with Jay-z on Spotify I've been waiting ages,Music_Content
"unable to login, not getting the email for resetting password, would LOVE to send you an email but can't because I can't login",Login_Issue
I have removed someone from my premium family so they can set up their own account but says they are still linked to mine?,Family_Student_Plan
"Online when I'm connected to the Internet, when I press connect it just doesn't respond so I can't log in. Thanks!",Login_Issue
just noticed that all of Led Zeppelin songs on Spotify unavailable to me? Other members of my family plan have no such issue.,Family_Student_Plan
I didn't get a renew subscription for my student premium and got charged full price. Just wondering why I didn't get notified?,Family_Student_Plan
"OK thanks, just annoyed I have used up a lot of my data allowance for this month as I hadn't realised. I assumed they were offline forever",Downloads_Offline
"Seriously it's so bad, even the 19 month old stops what she's doing when the music stops and says ""messed up"". Way to go, guys.",Playback_Issue
"When is going to add a ""like"" feature so I can troll all my friends' music selections",Music_Content
I already have Spotify Premium how do I sign up to get the student discount?,Family_Student_Plan
I was double charged for Spotify Premium. How do I fix this?,Payment_Refund
can y’all do a shuffle option with all songs downloaded please I’m sick of changing albums when I’m driving thanks,Playback_Issue
purchased a student spotify premium and was charged but it's not working. How do I fix this?,Premium_Subscription
"my acct was hacked. Was talking to someone at Spotify in chat, they locked me out. Went to get a screenshot they asked for…",Account_Security
"is there a way to get the student discount/combo deal, if I already have both, without having to delete my current accounts?",Family_Student_Plan
"got an idea, why don't you add a feature that you can add a playlist to the queue?",Feature_Request
is it possible to filter explicit content from accounts for younger family members in the family plan?,Family_Student_Plan
Why is my Premium not working? Have tried logging out and in from the App and rebooted my phone but still no luck. Assistance please?,Premium_Subscription
my offline music keeps deleting from my device every few weeks. It gets really annoying every time I have to re download again,Downloads_Offline
"I have a student premium account, got charged for regular and my account was overdrafted, you guys picking up the fee??",Family_Student_Plan
After been kicked out from my family plan I finally can try thanks for poor support 👌👌👌,Family_Student_Plan
"I got charged twice, 65php and 195php for my student and family subscription. I did not cont. student subscrpt. semarfepaquet",Payment_Refund
I signed up for the student premium/Hulu deal but wasn’t verified as a student yet was still charged $5.33. Help please,Family_Student_Plan
what happened to the the album Wheelhouse by it had disappeared and has been missing for months,Music_Content
"#Spotify I was wondering if it is possible to add more songs on spotify,there currently are only three, and there are so many more songs that are amazing by them! Plus they just released a new song! I guarantee you many people would listen to it!",Music_Content
"I have an iPhone 8 running iOS 11.1 and most current Spotify. See a playlist like Rap Caviar. Only a play option, no shuffle.",Playback_Issue
"That works. I just miss the functionality to select ""shuffle"" when first opening a playlist, the way it used to be.",Playback_Issue
i really can’t stand that stopped making certain playlists shuffle-able 🙄,Playback_Issue
"so, like, what's up with this? It won't let me download anything for offline play, at all...",Downloads_Offline
There are songs I come across that I wish to never ever again. Please add a blacklist option.,Feature_Request
"hi i live in the USA and theres a song on Seventeen’s new album that is listed but wont play. i, along with everyone else, is unable to listen to the song. please advise.",Playback_Issue
"i'm a student with a student discount but it charged me £10 this month, whats up with that ?",Family_Student_Plan
"I just paid 9.99 instead of 4.99, I have the student discount, how do I fix this?",Family_Student_Plan
"we have to talk: you eat *way* more than necessary, on android. I get it that you have to cache files for better experience, but maybe you can delete them at some point? When I want offline music, I download it offline :)",Downloads_Offline
"Whatever fucking idiot throught putting strobe effects on spotify when listenin to: Kyle Dixon & Michael Stein – Stranger Things, Vol. 1 (A Netflix Original Series Soundtrack) should be shot in the foot... #epilepsyawareness #youfuckingidiots",Music_Content
"Also, can you please add a sleep timer function so my music doesn’t play for 6 straight hours/until my phone dies on a red eye? ✈️😴",Music_Content
Thanks for the response-- Tracks I've downloaded to my iPhone for offline playback don't play when selected. Clicking on the affected tracks does nothing.,Downloads_Offline
"Add me to your playlist, new music coming soon 🎶 follow and Retweet to be notified",Music_Content
can you tell me why my app keeps removing all downloaded songs. 2nd time this week it's happened. I listen mainly offline so need downloads,Downloads_Offline
"paid for premium, showing free still. Reinstalled app and nothing",Premium_Subscription
hi! my student approval is taking too long. Can you refund me my $4.99 charge so I can just buy premium?,Payment_Refund
Yo how come I’ve added hundreds of songs to my playlist but when i hit shuffle you always play me the SAME SONGS?? Plz fixxx,Playback_Issue
"I have a Spotify account with a certain name, premium, now it has taken my facebook account name !!! I cannot connect with my real spotify name !!! how do you dare to change such vital informations?? I cannot log in now",Login_Issue
Offline pembayaran mulai jam 9 malam sampai 3 pagi. Begitu kata kasir .,Downloads_Offline
"I have a prem account and just went and joined my Bro's newly created family plan, does this mean my personal premium acc, will automatically be cancelled now that I've joined his plan?",Family_Student_Plan
"hello , i signed up for student premium and it went thru but i was charged twice on my card",Payment_Refund
you charged me twice for a month's sub. you charged me student and regular. Please reverse the charges for the student sub. Not impressed.,Payment_Refund
When you go through your bank statement and realize you got charged twice for your membership and didn’t get your student discount 🙃,Payment_Refund
"Y’ALL CHARGE ME TWICE, AND THEN WHEN I️ COMPLAIN YOU STRAIGHT UP TAKE AWAY MY PREMIUM? RUN ME MY MONEY, AND MY STUDENT PREMIUM NOW",Family_Student_Plan
"Hi, my app crashes every time I press the “radio” button. How can I fix this?? I neeeeeeed to listen to my 80s radio 😂 thanks",App_Technical
your app stops playing music when i close the app,Playback_Issue
should add an option to be able to add our own personal files/songs to our playlists when we pay for premium,Feature_Request
I paid for premium membership last weekend and now you’ve put me on Free. Hugely annoyed!,Premium_Subscription
"I made a spotify family plan, and I've managed to successfully add 3 family members. but 2 of them aren't receiving the email invites at all. I've sent it 3x already.",Family_Student_Plan
"hey, i was wondering why there was only four songs from heathers: the musical. i’d love to listen to all but only have access to four of then when i’m offline - lily",Downloads_Offline
Ironic that not all students can benefit from the student discount. Not everyone has a credit card. Anyway I hope this will be solved thnks,Family_Student_Plan
What is going on with my account? It keeps getting hacked. #frustrated #spotify #equifaxbreachvol2,Account_Security
a family is not defined by living in the same address in this 21st century. with divorced parents and kids at school it just seems archaic that a family plan is defined by a physical address,Family_Student_Plan
"trying to extend my student discount for another year but when I log into unidays, the pop-up to log in comes back. What should I do?",Family_Student_Plan
hi i deleted my Facebook and started a new one (and no longer use spotify) and cant log in through Facebook or any other way to cancel my subscription. could you help me with this?,Login_Issue
please add 's Battle Of The Nudes to Spotify,Feature_Request
"I need my app to work like it’s supposed to lol. Been really laggy, wont play audio unless I restart app, music won’t stop playing when I disconnect Bluetooth, etc etc.",Playback_Issue
your app is shit. Deleted my entire offline library with no warning 🤷🏻‍♂️,Downloads_Offline
"hey guys, since last iOS update, my shuffle won’t work on my . Is this a Spotify problem or Mazda?? Please let me know so I can fix...",Playback_Issue
"Yes, all playlists, specially since the update. Before I had to click on shuffle button every time I turned on the car, but it would stay. Now it doesn’t, and I️ use Bluetooth to connect...",Playback_Issue
I restarted my phone and deleted and re downloaded the app and it still won't play,Playback_Issue
So my app won't play music.. fix it jesus,Playback_Issue
Are you guys currently having issues? I can’t add family members to my family plan,Family_Student_Plan
"Hi there, I wanted to clear my listening history as someone else was using my account and they have very different taste to me! Can you help please? Thanks.",Account_Security
I was told to go to that last time and it still doesn't mean anything to me.. it still doesn't make sense that two songs would be missing off an album,Music_Content
"so as if it isnt bad enough already that you don't have Stuck by Adelitas Way, you also don't even have the entire Symbol of Life album by Paradise lost... It's missing like 2 songs. Things like this make me hate streaming music",Music_Content
Trying to migrate my acct over to a family plan. Doesn't seem to be working...ayudame porfa,Family_Student_Plan
my app stops playing music when I switch in between apps. What’s up with that?,Playback_Issue
Someone's been hacking my spotify. I finally Rick-rolled him... but would be great if there was some punishment for Mahamed Bouchaar (GT-190601),Feature_Request
Your process for a family member to join family premium was cumbersome & waste of time. Never got it to work.,Family_Student_Plan
i got charged twice for my premium account this money. i need my money back,Payment_Refund
"i have a collaborative playlist w/ 460 songs, yet whenever i️ shuffle, u only play “pretty boy swag”, “gasolina”, “wobble”, etc. please explain urself...",Playback_Issue
So can you contact JYP so he can put Got7 on Spotify and Source Music to put Gfriend's album LOL on Spotify?,Music_Content
"yo my dudes my account was charged but i wasn’t given premium access plus you guys don’t recognize my school so i’m kinda super stuck, i sent y’all a message i’d just really like an answer because i’m broke",Payment_Refund
"I want to redeem the Spotify + Hulu deal for students. However, my current account is already under the family plan and does not have my school email on it. What should I do in order to redeem the Spotify+ Hulu deal?",Family_Student_Plan
3 days and so far no issues with Spotiamb. Scary that someone hacked me. Thank you.,Account_Security
How can I stop someone who isn’t me from using my student discount ??,Family_Student_Plan
I have another big problem. My account was hacked and my debit card info is on that account I really need some help right now!!!!!!,Account_Security
"I have the student discount for spotify premium and I got charged double this month and my hulu stopped working, what can I do to fix it???",Family_Student_Plan
hi I can't upgrade to premium with my card keeps saying I have reached my limit.. I've even tried to use a Different card still not working can you please help me,Premium_Subscription
Y’all need to put Soulja slim the streets made me album on Spotify,Music_Content
Hey I signed up for student premium like 4 days ago and it still has not activated or refunded me please help!!,Family_Student_Plan
i was charged for spotify premium on my credit card. But when I was about to invite someone to my account. It said that i'm not subscibed as a premium member.,Payment_Refund
So will i get a 30 day trial with the student discount offer?,Family_Student_Plan
If I start a 30 day trial for 10/mo can I get the student discount plan later?,Family_Student_Plan
how we get a song put on Spotify? Because I would love to see this girl by laza morgan in Spotify right now,Music_Content
Hey It’d be sick if you had 2 factor authentication. Account was hacked and it was a hassle to swap everything and restore. Feel like 2 factor would’ve avoided this.,Account_Security
"It’s shite, hence my tweet, intelligent/smart shuffle could be another fuction implemented to premium.",Playback_Issue
"How about a “smart shuffle” function that selects least played songs, im sick of my playlist playing the same songs even though there’s more.",Playback_Issue
"Good to know. Does that mean subscribers can make fresh downloads for offline listening, and stream music when abroad for extended periods of time > 14 days ? In other words, are there any limitations for subscribers at all when abroad > 14 days ? Thanks 🙏.",Downloads_Offline
your shuffle sucks. This is on a playlist with 350+ songs. I have probably 10 songs by Betty Who and four in a row on a playlist of this many songs should never happen. This is not the first time this has happened. Please fix your shuffle. I’m sick of it,Playback_Issue
"Is there any kind of two-factor identification available for the app yet? Just got a scare of possibly hacked account, already took all steps to secure it, but I'd enjoy extra safety!!",Account_Security
my account has been hacked and I have had my subscription changed to family and had 5 random people added to it & all my playlists gone. Help!,Account_Security
"hello, i have problem with my student discount, i already put my CC number and get a bill. When i want to upload a document, its cant uploaded, i already click upload button for many times and its not works...",Family_Student_Plan
"I received an email saying I changed my email address when I hadn't, now my account has been taken by a stranger. Help please!",Account_Security
Please add functionality of removing a song from playlist while listening the song from a personal playlist #easywin👍🏻,Music_Content
"hey , where is this cover? Please add this tribute album! Or just this track.. please. #WorkingClassHero",Feature_Request
"""Can't play the current song"", then plays after a few seconds, but randomly stutters.",Playback_Issue
Yesterday I signed up for the student discount. I was charged the 5$ and change but I still don't have premium?,Payment_Refund
Hey - I had some playlists show up that I didn't create. Looked at my family plan and saw a bunch of unauthorized users. How can I lock this down so I'm not paying for someone else's use? Can you monitor how those accounts were added?,Family_Student_Plan
"I️ have a student discount but I️ have charges for $10.59 on my account, help☹️",Family_Student_Plan
EUGH! My account has been hacked and all my playlists removed. Why on earth would anyone want to hack my spotify?!,Account_Security
I’m getting charged for premium but none of the accounts in my family have premium.,Payment_Refund
I need a refund please I only just upgraded to premium u said u was gonna take out a temp charge.. U took out 10pound can I have my money back please. I just cancelled it,Payment_Refund
really.. if you are going to force me to listen to adds at least wait longer than 1 song and at least make sure the two adds u force on me are different. Sick of hearing the exact same add twice in a row.,Music_Content
"Hi, thanks for getting back so fast! I think it’s sorted itself! The message has gone and I can do more than shuffle! Thank you anyway! :)",Playback_Issue
I have a problem with my account. I can’t add anybody to my family plan,Family_Student_Plan
website states to sign up to nus discount i use nus extra however when trying to sing up link takes me to unidays ? help please,Family_Student_Plan
"My Spotify was hacked a short while ago. Now my BELOVED ""Discover Weekly"" is screwed and useless :-/ Can I get your help to reset it?",Account_Security
"My son cannot accept family invite as the redeem token button does not appear, please help",Family_Student_Plan
"I have an issue where if I go to play music on my phone after I've queued music on my computer, I lose all the music I added to my computer's queue. Even the recently played section only has what I played on my phone, not anything from the 6 hours of music yesterday",Music_Content
Hey is there any way I can reverse my payment on spotify to make me have the student discount. When I went to change the payment last time the website crashed and now I am being charged extra when I should have the student discount. Please help me thank you,Family_Student_Plan
"is there a way to refresh my daily mixes? they are literally always exactly the same songs, it's essentially just a normal playlist and i can't even shuffle",Playback_Issue
for the third time this month all my downloaded music has been removed in the offline modus... im the only one on my account with one device connected to it. this is getting to be really frustrating,Downloads_Offline
Hey it would be great if my app didn’t pause my song as soon as I start using another app,Feature_Request
my 2 week premium has expired and it won’t let me upgrade to premium again how can resolve this problem ?,Premium_Subscription
"Thanks for the reply. It was popping up with ""Can't play this track"" blue box on every song for a while, but now it seems to have stopped. I'm on a PC running Win 7.",Playback_Issue
"Hi , just found out that I was removed from the family plan, even though I gave you the same address like we all use. Could you please check what's wrong with my account? DM me please for any additional information regarding my account. Thanks!",Family_Student_Plan
my Spotify won't link to my unidays cause it says it's already in use but this is my only account?,Family_Student_Plan
I have a high schooler who pays 9.99 for premium because he plays his songs offline when he's doing his basketball workout outside and there's no internet. Is there a way for him to be on the student plan? It's a bummer that he has to pay.,Downloads_Offline
"So, i haven’t had access to my premium account in 3 months but I’m still being charged. Can i get a refund? This is getting frustrating.",Payment_Refund
"Hey, I've been having some issues with the spotify app on my macbook pro, deleting/re-downloading it does not help :( It's very slow and doesn't work a lot of the times.. Please help! :)",App_Technical
Premium for Family invite directing me to log in page. Nowhere to redeem code. Help,Family_Student_Plan
"Shuffle button my ass, that thing shuffles like the same handful of songs in the same order every time",Playback_Issue
Y’all charged me twice. Why are you stealing from me,Payment_Refund
"Please stop adding Kelly Clarkson ""Because of You"" to ""Romantic Ballad"" or ""Timeless Love Songs"" playlists. The song is about the emotional distress of her father leaving, not a love song!!!!! #SortItOut",Music_Content
"How can I change the name of the primary for the Family Plan? When adding my kid, it wasn’t clear it wanted my name😖",Family_Student_Plan
sucks keeps deleting my downloaded songs and adding unwanted music to my library im done paying for this bullshit,Music_Content
spent three hours dealing with my hacked account. now having to waste yet another evening. Won't talk to customers. #poor,Account_Security
I wish would stop adding random songs in between every song in my playlist 🤷🏻‍♀️😑,Music_Content
can we get a thumbs up button for well played shuffle sequences?,Playback_Issue
"your shuffle function is useless, out of a 300 song playlist it's always the same 30 songs that play in shuffle, get this fixed NOW!",Playback_Issue
my UNiDAYS credentials are being used for a spotify that I don't use anymore&I don't know how to disconnect the accounts,Family_Student_Plan
In all seriousness when the FUCK is Beyoncé putting lemonade on Spotify,Music_Content
my sister lives in nyc can she still use our family plan?,Family_Student_Plan
I've had my premium account hacked and have been contacted by someone with the email address: __email__' asking for a copy of my earliest Spotify email receipt or a bank statement. Is this legit?,Account_Security
"My apps have been going crazy here lately. Playing on devices not authorized, devices that don’t exist, etc. Also just stops playing for some reason. Any suggestions?",Playback_Issue
need help with family account. family member's invited not getting premium,Family_Student_Plan
i press shuffle play for bts on spotify and i get craig david,Playback_Issue
can't login for some reason. It let me reset my password to the same thing 3 times in a row. All login info was triple checked,Login_Issue
"hey your app crashed and wiped all the saved songs from my listen offline, now I'm kinda screwed on this long drive",Downloads_Offline
the web player won't play on Chrome and Firefox. It is stuck on advertisement,Playback_Issue
My Hulu account won't work and I have a student premium account. It says it's having trouble authorizing my Spotify account but I used it last month. Help!,Family_Student_Plan
Hey I'm now blocked from my account and unable to log in w FB. What's your email? I was chatting with tech person and now lost them,Login_Issue
"Wish didn't include artist commentary tracks when you shuffle an artist. Kills the vibe, man.",Playback_Issue
Is your website down? I can't log in and I'm having payment issues to renew my subscription for premium,Login_Issue
need help with family invite can't activate on wife's account,Family_Student_Plan
my account has been hacked. I️ need help with a fix ASAP.,Account_Security
I've already done that and been told to contact some one else to claim my refund. It's ridic!,Payment_Refund
I don't even tweet...but if isn't extortionate enough. They want to charge me twice then have me jump through hoops for a refund...jokers,Payment_Refund
"MAKE THE SHUFFLE BUTTON BIGGER, PLEASE!",Playback_Issue
Just updated Spotify and it will play 1 song on album shuffle and then just stop playing,Playback_Issue
Can you add a prompt to the download button? Way too easy to hit it and lose all your music.,Music_Content
"literally haven't had a problem with it since 2011 until this year. completely deleted all music 3 times, and now the whole concept of ""offline"" music has been revolutionized by your requiring I be online. how do you break one of your core functions?",Downloads_Offline
"When I am scrolling through twitter and a video starts to auto play, my music stops playing. Never used to do that.",Playback_Issue
you should really consider offering the student discount for high school kids. i’m trynna graduate and bump beats at the same time.,Family_Student_Plan
can u pls put spooky blacks black silk album back on Spotify pls xx annoyed that u removed it xx,Music_Content
"I'm in the upside down! I am so disappointed that still have not implemented ""queue next"", and ""add to end of queue"" functionality. I would deff leave apple music if queue functioned better. Guess I'll check again next month.",Music_Content
". I would like to resolve an issue where every once in a while while I am listening, it stops playing, I press play, and the cycle just continues until I give up and try it again the next day, where then it works",Playback_Issue
can you please add support for the #iPhoneX. One of the top apps on the App Store and no update yet? 🤔,Feature_Request
reputation is not available on spotify yet :(,Music_Content
put Tool's songs on spotify!! 😤,Music_Content
i hate asking for refunds. but my sister just asked me to ask spotify for a refund And im looke im so sorry i love your app and i pay 10 dollars a month for your servcie my sister just wants her 5 dollars back please thanks,Payment_Refund
"Waarom worden m’n afspeellijsten steeds opnieuw gedownload als ik Spotify open? Wil straks offline luisteren in het vliegtuig, moet ik dan vlak te voren eerst weer alles downloaden voordat ik offline kan luisteren? #weird",Downloads_Offline
"Dear Spotify, I have a playlist of 788 songs. But recently it became almost impossible listening to the very last songs I added when I use shuffle mode. Is there anyway we can solve this? Thank you in advance.",Playback_Issue
"account hacked, cant log in, contact number please?",Account_Security
Paying but not having a service is less cool! The lack of telephone support is ridiculous! Info. Sec. is a serious business and you've allowed my personal data to be hacked! #gpdr,Account_Security
Hey Friends. Any way to see a history of your account activity? Seems some of the songs i favorited are gone. Wondering if it was a slip of hand with the app or bug. Would love to remember what they were.,App_Technical
. Can y’all consider adding a feature where i can type in song lyrics to find a song if i forget the name 🤔,Music_Content
Still having issues with playlists and offline content!,Downloads_Offline
Fucking Spotify won't issue a refund for the month!!! Da fuq i was supposed to do??? Everything is and still spotty af.,Payment_Refund
I tried it just now and it still wont let me play music after playing a video or taking a call.,Playback_Issue
"#Repuation #Repuation Come on, grow up and put it on Spotify",Music_Content
Someone hacked my spotify and played quite a bit of Mexican rap and some Beck.,Account_Security
how do we put our podcast on Spotify??? Thanks,Music_Content
why do i always get the exact same shuffle every single day ???,Playback_Issue
Hi my account got hacked and they changed my email address. Can you help?,Account_Security
Hey you should add a messaging/send song feature,Music_Content
"Hey Spotify, I had premium through Rogers, but have since made changes to my account. I should lose premium, right? Your site is still saying I have premium thru them. I wanna change to a family plan. How can I do that?",Family_Student_Plan
I have student discount but I’ve just been charged full price?,Family_Student_Plan
can you please add the like/dislike button as standard in the song screen in the android app? so we can also like/dislike songs in discover weekly and new release radar? thanks!,Music_Content
"I need help, I can not into the a family plan premium.",Family_Student_Plan
"iPhone 6S, iOS11.1 and 8.4.25.906! It shuffles between the first 4 albums on the playlist, and if I start it from another song further down it’ll only shuffle the 4/5 albums around the song I’ve chosen :(",Playback_Issue
I have a playlist of almost 1000 songs and when I shuffle it there’s 4 albums that are shuffled and that’s all I get in the queue then it’s finished?,Playback_Issue
I'm pissed because someone hacked my and now all my playlists are gone. #trash,Account_Security
can my daughter transfer her huge music collection on playlists etc to our Premium family account?,Family_Student_Plan
I believe someone has hacked into my Spotify account. When I log in via facebook there is an unknown email attached to my account and when I try and listen to Spotify it says a device I don't know if playing music. Please help.,Account_Security
hi there I was trying to get my student discount but when i get to payment it says we can't confirm that you are student! Help,Family_Student_Plan
What is Spotify connect? Why does that make a difference for shuffle?,Playback_Issue
will you please fix the shuffle function? I’ve been loyal for year. Is this such a big ask? Really?,Playback_Issue
hey what happened to my student discount? don't do me like this,Family_Student_Plan
there are 4 yopmail addresses assigned to my family plan where my kids used to be. Clearly my account was hacked. Is my credit card info safe? Do I need to delete this account?,Account_Security
"I'm still waiting, I pay my m9nwy and no help from you guys, wth am I paying for???? I want a refund now!!!!!!!",Payment_Refund
redeem code for premium family not working. Have cancelled and resent but still says code does not seem to be valid when redeeming. How can I fix this??,Family_Student_Plan
hey y’all double charged my account this month and i can’t figure out how else to resolve this matter. could y’all DM me?,Payment_Refund
"That’s the thing, though. Each individual mix doesn’t seem to shuffle; the first several songs are the same & in the same order on multiple days. Do the lists not have enough data to give an actual daily update?",Playback_Issue
"Hi, I guess my account was hacked and getting no where with customer service, I asked for a supervisor and was told there weren't any.",Account_Security
This won't play on desktop in PH .... it says unavailable. :( I had to listen on my mobile app. #SpotifyMVP #betterwithspotify,Playback_Issue
"Hi, why is it not possible to pay with a debit card for a student premium subscription?",Family_Student_Plan
"Dear : ""RESUME SHUFFLE PLAY"" & ""SHUFFLE PLAYLISTS"". Why you not?",Playback_Issue
"Since when has the album Think With Your Heart explicit lyrics?!! Also, please add the Ms. Vocalist album and the single for Rise.",Feature_Request
everytime I seem to go on a flight my Spotify crashes and I lose all my saved songs. I'm flying to Australia from UK on Sunday... downloaded thousands of tracks and guess what... All gone Again! I pay £10 a month for this. Can you please advise other than reinstall app,App_Technical
When I put playlists in shuffle in it’s always the same damn shuffle. That’s not shuffle.,Playback_Issue
hey my account “nick_murray4” was hacked and had the email changed on me without me doing it. Can you guys check it out and see if you can get it back to me?,Account_Security
"Dear , it would be nice if I didn't lose my offline playlist because I can't afford premium, sincerily, a pissed off user.",Downloads_Offline
"I don’t like that I can’t play my playlists in order, I have to shuffle play them",Playback_Issue
spotify isn't allowing me to upgrade to the student discount 💁🏽‍♀️,Family_Student_Plan
im listening to music as i clean my bedroom and all the explicit songs are coming on shuffle do u not get that my mother is lowkey listening in the next room?,Playback_Issue
Spotify Account is hacked .,Account_Security
"On iOS 11.2 Beta 2 with #spotify 8.4.26.793, when I remove the headphones from my iPhone, the music keeps playing. This didn’t happen on other versions and also doesn’t happen on iOS Music app. Can you confirm this #bug?",App_Technical
Things I listened to this morning offline are suddenly unavailable without re-downloading. Wtf.,Downloads_Offline
Help! I signed up for Spotify for Students but I was charged twice at the same time :/ What can I do?,Payment_Refund
"hey team, why have I been double charged?",Payment_Refund
"After sending my email, password, debit card # and bank statement still hasn't been able to find my account someone hacked into. GOOD WORK, 10/10.",Account_Security
am i eligible for the student discount with hulu if i am applied and going to go to GRCC in less than a year?,Family_Student_Plan
hello when is reputation being put on spotify,Music_Content
Closing it in app switching mode in iOS and re-opening brought it back. I just wanted to report it as a possible bug 🤓,App_Technical
i was tryin to buy student premium account n i got charged 2 times in a row. aswell as i dont have access to premium. can i get refunded?,Family_Student_Plan
"You need to clearly define for family plan- Step 1. Send invite, step 2. Have family member create used id and password onsite first, step 3. Family member accept invite. Better yet, automate family account creatation via invite. Sheesh.",Family_Student_Plan
please add a feature that lets me completely remove an artists from my suggestions. please. i am begging. No matter how often I downvote certain artists on my stations I still end up with 5 more songs suggested for the radio playlist.,Feature_Request
All I want is to be able to run a playlist in reverse. Just play it in order from the end. Not shuffle. Just backwards. Please.,Playback_Issue
add Yung Lean to New Music Friday playlist or I'll unsub,Music_Content
I was charged for the Spotify and Hulu bundle but it says I don't have Premium.,Payment_Refund
The link to set up my account for our family plan never sends. Can you please fix it!,Family_Student_Plan
"hey, my boyfriend added me on his premium family plan. still haven't received the email confirmation or the invite.",Family_Student_Plan
Love when doesn’t tell me my student discount is expiring and I have to spend forever talking to customer service 🙃,Family_Student_Plan
I have a new Moto G5 but I had the same problem with my old phone. Even when offline.,Downloads_Offline
someone hacked into my account and changed my email and worst is this bastard resubscribed to premium oh what a nightmare,Account_Security
"Hi, Would you check a song 'Don't know why, Norah Jones' Because i cannot play it on my Mac. after 3 sec, it is skipped to the next song. Thank you.",Playback_Issue
"I'm having trouble signing up for the Hulu+Spotify Premium deal and it's just not working for me, I have canceled my subs on both websites and did the process over all again and it still doesn't work, I hope I'm not charged twice. Help me get the $4.99 thing done TY",Payment_Refund
accidentally refunded the payment&now I cant login on my spotify but I have payment transferred. Do I get my ac automatically🔙,Login_Issue
"English is fine! I have spotify premium but i would like that student discount, how do I change that?",Family_Student_Plan
i sent a dm regarding my premium refund thing for family - thanks,Payment_Refund
"looks like you updated the app recently and because mine was set to offline mode it wants me to set it to online but how to do it without loging on, oxymoron! old problem, commonnfix it for your paying users!",Downloads_Offline
hi! i'd like to change my country so that i could be added to my roommates' family plan! pls assist,Family_Student_Plan
"I've got student premium+hulu but can't log in to hulu anymore. ""We’re having trouble authorizing your account with Spotify. Please contact Spotify support to help resolve this issue.""",Family_Student_Plan
Hey . Please stop suggesting I add XXXtenacion to every playlist. My taste in music is shitty...but not that shitty.,Music_Content
y’all need to fix your app on iPhone. Constantly crashing,App_Technical
When I'm on a playlist and I try to shuffle it only shuffles by artist and not by song. It's like some weird algorithm that has. Are there solutions to that or what's the deal,Playback_Issue
why am I not getting my premium access even if I'm in a premium family account,Family_Student_Plan
when will you put #reputation on spotify I'm waiting like..😤,Music_Content
just opened up Spotify to find all my playlists were deleted and recent music were songs I haven't ever played. Was I hacked?,Account_Security
why can’t i shuffle multiple (or all of my) playlists?,Playback_Issue
hey I accidently added premium to the wrong account. Can I get a refund?,Payment_Refund
Having trouble with my premium family account. It keeps asking me to upgrade to premium...even though in my account it shows that I am Premium Family. Help please!,Family_Student_Plan
I have been charged twice since September. Please refund or apply to future months. Thanks!,Payment_Refund
Help! I can't log in again? Is the System Down?,Login_Issue
I have saved like 2 albums offline each like 14 songs or less because I don't really save them for offline,Downloads_Offline
so I went to try out the student discount for Hulu but they charged me even thought I didn’t sign up for it after all what’s going on??,Family_Student_Plan
"Hello, can I change any setting so that when listening on shuffle there's no slight stutter between tracks?",Playback_Issue
"I started a premium subscription with a 60-day free trial, which should go until 1/9/18. Switched to a family plan and now it says I'll be charged on 12/19/17? Did I lose my free trial by activating family plan?",Family_Student_Plan
hello I just signed up for you student account and my card was double charged the $4.99. What can be done.,Payment_Refund
"Sorry, that's frustration more than anything. But yes. I listen mostly on my iOS device, and frequently notice patterns like that when shuffling. I am not kidding when I say shuffle played an ENTIRE album almost in a row last night",Playback_Issue
"Spotify's shuffle is SO BAD. On a 300 song playlist, I heard an ENTIRE ALBUM within 30 songs. Please take a second look",Playback_Issue
"can you please add General Public, most especially their song Tenderness, to SpotifyAU? My 80s mix isn’t complete without it 🤧",Music_Content
hi I have premium account but wanna activate my student discount? Do I have to cancel my current plan and reactivate it as a student one??,Family_Student_Plan
Just found out my account’s been hacked! Thief locked me out and ALL playlists were removed #wedding #holiday #birthday #balaeric can you help out??? #spotifyhack #sentimentalplaylists #spotifysecurity #Spotify #SpotifyPremium,Account_Security
need help. My premium family plan won't work,Family_Student_Plan
How about allowing us to download more songs for offline listening? Apple Music and Google Play allow you to download much more music!,Downloads_Offline
I was trying to set up a student account and I was charged even before I could see that my college wasn’t listed! I would like a refund ASAP thank you.,Payment_Refund
I was charged for premium but do not have premium on my account,Payment_Refund
"I don't have my facebook account linked to my spotify anymore, so now I can't log in. What can I do?",Login_Issue
Can you please add Migos - Emmitt Smith ?,Feature_Request
please help me get back into my spotify account. it got hacked and then your customer service apparently canceled my account and I can't use the chat or the help site because i can't log in.,Account_Security
- Yr App is killing my business. Keeps crashing/pple complaining/ music keeps stopping. Not happy😢😢😢,App_Technical
Specifically chose to shuffle play Kanye’s 808s and Heartbreak album. The algorithm came no where close,Playback_Issue
why hasn’t taylor put reputation on spotify yet,Music_Content
i cant sign up for student discount after i canceled my premium account.,Family_Student_Plan
hey can you add a song identifier natively on the app it would help a lot #thanks #🎵,Music_Content
":: I need help! I have been a student premium member since May 2017. How did my account suddenly change to Spotify for Family? And the subscription renewal date also changed to 11/23, when I just paid 4.99 on 11/1!! 😠",Family_Student_Plan
i have some trouble issued. i already paid for the premium but why my acc still on FREE ACC.,Premium_Subscription
Requesting please add Adore in spotify huhu,Feature_Request
I tried to get the Student Discount and have been charged 4 times but I do not have the subscription active.,Family_Student_Plan
Anyone know why #reputation is not available on spotify?,Music_Content
can y'all improve the shuffle feature bc it sucks and plays the same shit all the time,Playback_Issue
Got premium. Signed up for Unidays. Says it’s not available in my location. I live in Australia. What’s the go ?,Family_Student_Plan
of all the songs you guys have you don’t have Hindsight by Dry Kill Logic. Pretty please add this song. I bought the cd from apple just for this song and they took that one song away and idk why.,Music_Content
"I was listening to Spotify offline yesterday, no issues at all, today all my albums are no longer offline (playlists are fine). Why do this going missing? Running Android V8.4.26.770 - currently redownloding all my albums again. Signing out and in didn't help",Downloads_Offline
Hey why does your app crash when I press play on any of my music??,App_Technical
please add my new Christmas cover “Silver Bells” to your “Christmas Pop Playlist” Thank You. ::,Feature_Request
I can't log in to Spotify on my ps4 because I need to unlink from a ps3. I don't know which PlayStation account I was logged into Spotify on so I can't log out. Is there another way around this,Login_Issue
my husband can't accept his family invite. Won't acknowledge his account even though he's logged in. Please help,Family_Student_Plan
"i am paying for the premium service, but its not working, i cannot shuffle or forward more than 6 times, can you help please",Playback_Issue
"Hi I don't know what to do, I tried the student discount offer but my school wasn't on the list so I got the basic premium subscription and when i went to my bank account and i saw that there were two 3.49€ payments all though I didn't purchased it, please help",Family_Student_Plan
I can't login to my account... everytime I do it just kicks me out....,Login_Issue
"Hello, I have a family plan but cannot add family members. Email invite points to my main subscription page - not token redeem page. Please advise asap. Thx",Family_Student_Plan
"hey pls put ""i need a hero"" from the shrek 2 soundtrack on Spotify immediately or i WILL be deleting my account",Music_Content
"Already having a pretty crap day, then I get charged 6 TIMES by when trying to sign up for the student discount in which I was still denied. Why is a card even allowed 6 charges simultaneously for the same account for the same subscription...Happy Veteran's Day I guess",Family_Student_Plan
"hey I wanted to cancel my subscription cause I can't afford it on my student budget, but instead y'all deactivated my account? I was hoping to start a family plan in January ;-;",Family_Student_Plan
"I keep getting this error message. I was previously on the student plan but switched to the family plan, but now I'm going back to the student plan for Hulu and it won't let me verify. All of my information is correct.",Family_Student_Plan
"I'm going to upgrade to family plan. I just renewed my monthly subscription, will I be billed in full again?",Family_Student_Plan
hi! I'm trying to get the Family plan for my account in URL and it doesn't allow me to continue with the postal code C1427EFJ. Can you help? Thanks,Family_Student_Plan
I would like to sign up for family plan. We would like to keep our playlists..how?,Family_Student_Plan
Why have i been charged £14.99 when I use the student discount for my account ?,Family_Student_Plan
"trying to reactivate my student discount before it expires, it says discount is already attached to another account? But I only have this one?",Family_Student_Plan
"Hi! My husband & I️ signed up for Spotify Premium Family last week thru my account. His account stopped being premium this morning for some reason, any thoughts?",Family_Student_Plan
why do you only have 2 songs from Jaco's s/t? There's atleast 11 songs on there and you're missing his best (Portrait of Tracy),Music_Content
"barely works for me, the desktop app is un-useable and the mobile app crashes all the time, I'm basically throwing my money away here",App_Technical
"trying 2 play a podcast on my ps4 but ny phone wont connect w. Ps4. It says ""can't play it right now""",Playback_Issue
"Why doesn't have a Shazam-like plugin to listen, identify & then ADD a song to a playlist... #YoureWelcome #RoyaltiesAccepted 😉",Music_Content
please add “put em under pressure” absolutely ridiculous its not on Spotify #COYBIG #ireland thanks lads 🇮🇪,Music_Content
"Hey there. Are you guys planning to support iPhone X displays? As a number 1 app on the store, it shouldn't have to be a feature request, or is it?",Feature_Request
"Hello, my spotify and hulu aren't working and spotify charged me another 5 dollars but I already have premium and paid for this month",Payment_Refund
"The first couple of songs are missing from Miranda Lamberts albums. Why? They werent until recently. I think its due to a glitch, not a contractual issue.",Music_Content
"“Crazy Ex-Girlfriend” is missing 2 songs, “Revolution” is missing 4 songs, and “Four the Record” is missing 3 songs. Weird. Those albums probably need to be readded in full.",Music_Content
I've got a premium family account. My account won't let me skip past 5 songs but it's telling me I have got a premium account,Family_Student_Plan
"Thanks for the prompt response! My phone seems to be recognised as multiple devices on the 'Manage Offline Devices' screen, which could be the source of the trouble.",Downloads_Offline
"It is supported, it is the 2017 Model mentioned on Apples page (2018 is just the manufacturers build model). I searched the internet an there are tons of people mentioning Spotify is not working as expected with Carplay. Like I said, all other apps beside Spotify work just fine!",App_Technical
i tried to get the student discount but as soon as i saw that was impossible to me for now i found my card with no money,Family_Student_Plan
"Good Morning , my account logged out by itself and I can't login because is asking for my FB credentials and I don't have FB anymore. I cant create an account using my email cause it keeps sayin an error occurred. Help me please.",Login_Issue
"Hi , I've been #hacked and asked to send details to __email__, which I am not convinced is yours, Please resolve.",Account_Security
when will spotify add all of twice's music to their app,Music_Content
"Hi i have a problem adding an existing nonpremium account as a family member. i was invited by a fam member but when i inserted my data, it said that there was an error, even though the data i input was the same as the one my fam member input.",Family_Student_Plan
lmao sorry its taken care of i think its because i used to be a part of another family plan,Family_Student_Plan
"it sure would be great if you didn't play ads with f-bombs in them during breakfast with the Beatles with my 3 yr old. And don't try to sell me Premium, I already pay! Just wasn't logged in on this computer",Feature_Request
Is it possible to have continuous playback of albums on Spotify? After an album ends my music stops but I want it to just play the next album,Playback_Issue
also how can someone get around the unidays not working? UK university.,Family_Student_Plan
Can not seem to get a device connected on the family plan. Trying to use a samsung Galaxy SIII on my family plan.,Family_Student_Plan
please add thing joint right here,Feature_Request
been waiting 2 weeks for my student discount to work... spotify free is 💩 please change it or I’m just going back to,Family_Student_Plan
trying to remove an account from my family plan and cant do anything. The page with the emails don't even show. When they did and I tried to remove still nothing. I need to remove an account immediatetly please help,Family_Student_Plan
Man someone hacked my Spotify account😒 y’all better fix this or I want a year of free music,Account_Security
Hey I paid for premium but it still has me on free,Premium_Subscription
someone hacked my account and deleted my playlist is there anyway of getting it back?,Account_Security
Please add this song. Like/reshare if u agree #itsarevolution #Revolution,Music_Content
"Hey, can you help me get my songs on my iPod and keep them on my computer. I cannot play songs only shuffle but on the computer version I can play any song.",Playback_Issue
Hi can you please make the student discount available for postpaid in the PH bcs we're broke af and we rly don't want to go back to illegal downloads. 🙏🏼,Family_Student_Plan
"I am trying to log in to my account but it says that all the login info is wrong. I have been log out on all my devices where I had the password and log in saved. I can't log in on the website under ""contact us"" even though my info was saved. What is going?",Login_Issue
", help! Every time my iPhone X locks, my Spotify stops playing. Any suggestions?",Playback_Issue
will Taylor Swift put her new album Reputation on spotify? thanks,Music_Content
someone hacked my account and changed it to premium family so I have been overused (they never managed to link an extra account so never used family features) - could I please be refunded the difference? (I was already premium),Account_Security
Absolutely loved until I realized there is no explicit filter. What’s the point of a family plan if there are no family settings. You lost a subscription - shouldn’t that be enough for a PM to make a business case to build this feature?,Family_Student_Plan
Another thing it seems to do is shuffle my like100 most recently added songs or something so it won't bother playing older songs I've saved.,Playback_Issue
I need a CONTACT # for because I was charged twice 🤬,Payment_Refund
"struggling to get the family plan to work!! please help? when i send invite, the invite is accepted and address input, then get the ""oops something went wrong"" error.",Family_Student_Plan
"yo this iOS app update you pushed yesterday fucked everything up, if you make a single tiny sound in any other app the music stops but the slider continues (not sure if just Bluetooth? but fix it thanks)",Playback_Issue
hey!!! O need u to refund my money. U charged me twice!!! I haven’t even used it!!!!,Payment_Refund
Somehow I can't play local files on my phone anymore. Why?,Playback_Issue
need help logging into my account. Just made and I am being told I am offline need to login to reset wtf,Downloads_Offline
I've been charged for premium family but am not getting it on my app; already tried updating app and logging out/ back in,Family_Student_Plan
aye whenever I leave the Spotify app my music stops playing. And sometimes i will have headphones in and it’ll just stop playing all together. Please help me ;(,Playback_Issue
"Just to be clear, the playlist will still be there with all the songs, but I'll just have to re-download it to ""offline""? 🙂",Downloads_Offline
And it appears the account has been hacked again. Someone is using my account to listen to music on what appears to be their own devices. Please help!,Account_Security
"i have paid for premium account, but my spotify still labeled as free account. please helpp",Premium_Subscription
"last night I upgraded to the family plan, but is not letting me to add a third account into my plan, don’t know why",Family_Student_Plan
"Yo, so I love Spotify like a lot! I just wish there was an add to playlistS option where you could add one song to multiple lists.",Music_Content
"feature request: bluetooth pair w/ treadmill, adjust treadmill speed to my current song's BPM so I can always run to the beat. Playlists automatically become curated workouts",Feature_Request
"Hi there. Can you tell me why, when I press shuffle play on a specific album, I keep getting all these other unwanted tracks instead? Will have played 8 tracks of other stuff before I get to what I actually clicked on. 🙄 Deeply annoying.",Playback_Issue
"help! My daughters premium for family invitation code is not working (invalid) however it is correct, and was cut and pasted to ensure no errors. Help!",Premium_Subscription
"Hi, I was invited to a Premium For Family, and I accepted my invitation through email. When I filled out all the information, I get this message (picture). Tried a few times now, still not working. The account admin and me live on the same address. Please help",Premium_Subscription
Every week my songs get deleted from Offline and I have to redownload them. This is becoming annoying to deal with. Please fix this !,Downloads_Offline
can you please add Barking onto your app x,Feature_Request
put Ramz-Barking on Spotify ffs,Music_Content
"In a upcoming update you guys & gal's should add a ""shuffle but start with this"" button.",Playback_Issue
my account in spotify was charged for 8 times but my subscription is still for free. i was charged 6 times for family bundle and 2 times for regular premium acct. please check how can i settle this problem,Payment_Refund
I was overcharged for my spotify subscription. Who can I contact about this?,Payment_Refund
"Hi, i just recieved an email saying my email address has been changed and now i cannot log in to my account. Can you help?",Login_Issue
do i play christmas songs on my drive to work this morning? or will i want a bop? or will i want an all out disney sing along sesh? or to cry to bob dylan? aka why doesn’t have a shuffle all playlists option. that is all.,Playback_Issue
Why have I been charged twice? 😐,Payment_Refund
"Your shuffle algorithm is shit, get it together please",Playback_Issue
why is reputation still not available on spotify what about ur broke fans tay this is unfair,Music_Content
can students still use their NUS card for student discount?,Family_Student_Plan
. You guys have charged me twice a month for the last 3three months I'm not happy dm me to fix this,Payment_Refund
"Hi, I have invited my daughters to a family plan, but they are experiencing problems in accepting the invitation. They are momentarely abroad for study, but still reside at my home - is this the issue? Thanks",Family_Student_Plan
"Hey , an important question...if I upgrade to the family plan today, will I be billed today or at the usual time of the month? Thanks!",Family_Student_Plan
"I have tried to get a refund, it didn't work out so I have have paid for premium that has been cancelled and I never used.",Payment_Refund
could you make it so that the add/remove song option is not shown on the lock screen please? It's not really useful and it might cause us to accidently remove a song while our phones in our pockets or something. Thanks #spotify,Music_Content
hi! I just paid for my premium student account but i am still on free??! please fix that. i didnt even got an email but the money is already charged from my bank account,Premium_Subscription
"Dear I've asked a couple of times, nicely I may add, for you to add a feature that blocks space rock from my Discover Weekly thread. There has never been a case for space rock, never will and you stick a disproportionate amount of its nonsense in my feed. Please fix x",Feature_Request
"hi, I have been away, now notice I am not getting student price, want to re-subscribe to student, and RECEIVE REFUND. Help Pls",Payment_Refund
"Not working, keeps telling me I'm offline when I am not :(.",Downloads_Offline
so i was charged for premium but I have the free version.... why did I pay 12.99 if you’re not gonna give me premium,Payment_Refund
Just signed up for Premium family and am unable to log in via phone or set up family accounts,Family_Student_Plan
I just bought the premium account but on the app it still says that I have a free account so I am not getting the premium status,Premium_Subscription
Spotify won’t let me play any of my offline tracks even tho I have premium. Help me. I can’t select anything,Downloads_Offline
Hello suddenly I’m getting charged $10 rather than the student discount on spotify ???? Help I’m so broke I need this fixed can I do anythin,Family_Student_Plan
My Spotify premium still isn’t working and I was charged twice 🤧😡,Payment_Refund
"that time you take my money for upgrading to a family plan, but don’t allow me to add fam members #scam #noCustSvcNum",Family_Student_Plan
"Please add the ""explicit"" tag to the following song spotify:track:021txSheRym293iUdf6vPZ at 50 seconds in is the F word",Music_Content
I can't login to my account no matter what I do! There is no way to contact you if I can't sigin,Login_Issue
"I can't listen to specific artists on spotify, it shows them but music won't play",Playback_Issue
I didn't get an email about my student discount running out and have been charged £9.99 for September and October - please help x,Family_Student_Plan
Can put Japanese album ‘YOUTH’ on Spotify please??,Music_Content
hi Spotify guys! My name is displaying wrong on my family account (some dozy family member has changed it) and I can’t work out how to fix. How do I get it corrected?,Family_Student_Plan
By the time adds Saint Mary's (San Antonio) to their student discount I'm going to be graduated and can't use it.,Family_Student_Plan
"Most apps updated to the iPhone X layout, the rest don't crash. ? Not adapted and full of problems :(",App_Technical
I paid for premium and it’s not working can you look into this? Been 3 days and I’ve gone through all trouble shooting tips,Premium_Subscription
I’ve got a ton of saved offline content so I’m not eager to do that unless it’s really likely to fix things...,Downloads_Offline
Someone has hacked my spotify account. My id: __email__ I have been charged today via Paypal but I cannot Access my account for it says that there is no such email in the database. I also have received and email saying that my email Access has been changed,Account_Security
"good morning I'm having problems with the payment of the premium subscription family that could not be charged when I always get the visa visa the bill is not expired, it is international, how can I solve the problem and I try to load other means of payment",Premium_Subscription
Please add more old songs . Thank you,Feature_Request
"Hello, I wanted to contact you because all the members of my Premium Family Account were kicked out and cannot rejoin. When Spotify checked our address and Postal Code we all wrote the same thing, but still this happened.",Family_Student_Plan
"i pay for a student acct (4.99+tax) but every once in a while it charges me 9.99+tax & i want a refund, how do i go about that",Payment_Refund
Is there a way to shuffle all artists?,Playback_Issue
Seems like shuffling artist should be a pretty basic function. You should really think about creating a shuffle option for all artists...,Playback_Issue
"Help! I am being charged twice on my account, I only have 1 account. Rogers will not help me. They are sending me to you!",Payment_Refund
put Maria I'm Drunk back on spotify now,Music_Content
account hacked. U allowed email change w/o verification. Skidmark1960 is user name. __email__ is email. Fix this,Account_Security
how come I can’t search my library while offline? It’s dumb af,Downloads_Offline
I just purchased the student discount but already had premium. Will it automatically update? Or will i charged twice?,Payment_Refund
Someone else is logging onto my account and playing different music. I have changed my password and this still happens. Would like to speak to an actual person about this - is that possible?,Account_Security
"Well done you've logged me out of the Android app while it was set to offline. Now I can't log back in, no matter how often I hit the provided ""connect"" button.. 🤦",Downloads_Offline
"Also I still wish they would bring back the ability to shuffle all the songs in a folder, across multiple playlists.",Playback_Issue
Does anyone know how to contact ? Someone else is using my account even though I’ve repeatedly changed my password and email.,Account_Security
"my boyfriend and I share a family plan. We’re both also students, how do we go about switching to the student plan? Will we have to separately do it?",Family_Student_Plan
Free desktop version lose the shuffle function for only the songs of that artist you are listening to? Mine is skipping to various artists instead of just the one.,Playback_Issue
My desktop has always stayed with the same artist on shuffle. This is a new issue for me.,Playback_Issue
"Yo , can you please add “Turnover Chain” to your music lineup? Thanks.",Music_Content
How do I put a song on Spotify? #spotify #spotifycares,Music_Content
I pay for premium for music at work when I have no net. When I use offline mode after a short while I get logged out and can't get back into app with out deleting it!,Downloads_Offline
hello i must have put wrong address when i joined my family plan and now the buyer of the family plan reinvited me and i tryed writing right and wrong addresses and still i get this error 3 - Oops something went wrong.... My spotify name Milda Banevičiūtė,Family_Student_Plan
"really doesn’t want me to get this student discount. I’ve uploaded my student ID, current schedule, and transcript and been denied three times. Like wtf? I’m just trying to save money.",Family_Student_Plan
Is there a way to set it so that it automatically goes into offline mode when I'm just on 4G? Because I could do that before I updated the app - have you removed that feature?,Downloads_Offline
My account was hacked - why don't you have a customer support phone number? I need to talk to someone about this ASAP,Account_Security
I have a spotify subscription but it was set up a long time ago with my email that isn't associated with my University email. I wanted to see if I could change my email to my universities email so I can get the Student discount which includes Hulu. Is this possible?,Family_Student_Plan
"Dear , ily and stick up for you when someone says Apple Music this or that, but can y'all learn how to shuffle my music though? Please",Playback_Issue
"please add a ""clear cache"" feature",Feature_Request
Hey I have signed up for the student discount but have been charged the full price for the past 3 months now,Family_Student_Plan
... months without asking or prompting a change. THATS SO UNFAIR. I WAS PAYING FOR THIS UNKNOWINGLY... REFUND MY MONEY. 😡😡😡,Payment_Refund
My card expires at the end of the month & I've tried updating my payment info 5 times now. It's not saving my info & it's prompting me to sign up for the $4.99 student discount. I'm not a student. I don't need a discount. I only need you to update my card info!,Family_Student_Plan
I’ve been charged twice for student premium and don’t have it. Can’t access my fb email. Can I️ pls get refund.,Payment_Refund
should add Jeff Allen’s- Raised On Gettin’ By album.,Feature_Request
looks like one of the accounts on my family plan has been hacked - the email was changed. I️ tried to remove but received error message that something went wrong. Can you please help recover?,Account_Security
"I started my family's spotify account a few months ago with a prepaid credit card, and now it doesn't work. It now says on the website you can't pay for a family plan with a prepaid credit card, but we don't have another method and we already paid for the card.",Family_Student_Plan
"hey Spotify, so my account rolled off of student discount to premium after a year. I went to put it back on it and it worked, but now Hulu won't work (student discount doesn't kick back in till next month, 12/12). Is there any way to get Hulu back until then? Thanks",Family_Student_Plan
hey can u unlock agust D's mixtape for everyone to listen? and pls can u put RM mixtape on spotify?? we want to listen!! but we don't have those options -_-,Music_Content
I am having problems with my subscription. I have been a Premium member for a while and have been receiving the student discount (because I'm a student). I am now being charged $9.99 instead of $4.99 for some reason. Help?,Family_Student_Plan
Love that you've added touchbar support but instead of the scrubbing bar song title/artist info would be more helpful,Music_Content
Good day Spotify Cares! Why is it that my behind the lyrics isn't working? Im on a premium family account. Hope you can help me regarding this concern. Thanks!,Family_Student_Plan
"if your app crashes on my phone and forces me to redownload my entire library one more time, I will switch to Apple Music. Third time I’ve had to do this in a matter of a couple months.",App_Technical
"I updated my payment info, you guys charged me but I’m still getting notifications that I’m gonna lose my premium ☹️",Payment_Refund
y'all charged me the regular monthly rate since my student discount just experienced? Can my broke ass get the 5$ diff. back?,Family_Student_Plan
meant charged. Refund what I was charged,Payment_Refund
"hi i already have spotify premium but i’d like to get the student discount, but when i go to change my plan it doesn’t allow paypal as a payment option. pls help",Family_Student_Plan
can you make a shuffle all for your entire database?,Playback_Issue
"What? Not your data, your music database. Are we on the same page? 100% Shuffle All",Playback_Issue
yo shoutout to 🙏🏾 🙏🏾🙏🏾fixed my problems with signing up for the family plan within an hour and all through me just sending them a DM #TakeNotesApple #CustomerServiceForDays,Family_Student_Plan
"dear spotify,i was downgraded from premium family plan to free subscription. i m the only one who’s experiencing dis in d fam. they tried inviting me back i even made a new acc but still cant join the fam plan. does this mean they secretly don’t want me in the fam or...?",Family_Student_Plan
"Hi, I have premium spotify subscription wtih FIDO which is expiring Nov 21, 2017 as shown on the FIDO webpage. But when I logged into my spotify account, the status listed ""FREE"" since Nov 10, 2017. Why i1s that? I still have 11 days to go till it expired.",Premium_Subscription
So I tried to add to my and I don’t see the option can someone explain this too me? I want to add my music on my profile. I don’t see it.,Music_Content
Apparently I can't screenshot an app on so here are pics from my phone. These are the three tabs I see when searching. Hoping for an artist tab so I can shuffle all their music.,Playback_Issue
"No matter how many times I change my Facebook and Spotify passwords, my account keeps getting hacked and I have no idea what else to do. I’ve had to cancel premium to avoid potential credit theft... I’m at a loss.",Account_Security
on my desktop says offline for 2 days but I️ have WiFi and it’s not checked for offline under file. Even uninstalled and reinstalled.....,Downloads_Offline
i hate spotify so much like i am trying to listen to nialls album and it keeps putting different songs on shuffle,Playback_Issue
Hey What’s the deal with wiping all the downloaded albums from my iPhone? No offline tunes for my commute yesterday ☹️,Downloads_Offline
I lost connection with support last night mid chat & now can't login or contact support in any other way-can you get in touch?,Login_Issue
Why doesn't the code for Premium family get accepted on my sons account?,Family_Student_Plan
"Btw, u still have some songs missing from 's Take Me Home Album! Wanna say something about it?!",Music_Content
is there any way I can ban from coming up on my shuffle? I can't take it any more. It's like every 3 songs.,Playback_Issue
I have nus card but can't get the student discount because I need a unidays? Im a mature student and they dont give us the .ac email address 😥,Family_Student_Plan
It's been a while now since I can't log in to my Spotify account. It's about 2 months now. Can y'all help me out?,Login_Issue
please add lovelyz new album,Feature_Request
can you make your Spotify a student premium account with a NUS cards rather than a Uni Days account?,Family_Student_Plan
any reason why I see my family plan was paid for this month but I'm seeing/hearing ads? Could we please rectify this?,Family_Student_Plan
"why'd I get charged twice this month, once for normal 10 second for 15",Payment_Refund
someone has hacked my account and replaced my albums with Mexican stuff I've never heard of. Help quickly please! I have 10 years of playlists on here,Account_Security
I was charged for a premium subscription but do not have access to premium feature,Payment_Refund
"also.. if you can't recognize your own links what i wrote in first tweet and i have to dig links for you, that is called amateurism... ""album/10T9Ym4PQ28poilOtoUT7O"" ""artist/55Of1EYV7uMJ7VDBG2TpxA"" there is only missing but those links are correct",Music_Content
hey! was rejected in spotoify premium for students but i'm still charged. please give me a refund as i have not been granted premium account.,Payment_Refund
I work with one or two people. The kitchen is next door to the cafe. I just want to make sure i am not breaking any rules as we have just found out we cant play the radio.,Playback_Issue
"Dear please add a function where you can sort by an artists newest released song, not just albums or singles...",Music_Content
"It pisses me off seeing all of my downloads disappear. Used the app before I went to bed, tried to use it on my way to work and it had logged me out. Removed all my downloads so everything had to be re-downloaded. It has happened several times. And shuffle STILL DOES NOT SHUFFLE.",Playback_Issue
I downloaded some playlists to listen offline last week & it still worked just a couple days ago but today I found out that the playlists were no longer downloaded.I had to go online & download them again. Its happened a few times now.Is it supposed to be like that?,Downloads_Offline
Hi how can I change to a student premium account from my regular premium account? You're great x,Family_Student_Plan
Dear . I would like a feature to add a song to my playlists at the beginning in stead of at the end. Is it on your backlog?,Music_Content
"Fingers crossed for sure. It's some pretty obscure content, honestly. You have most of the artists, but certain albums are missing. The Explorers score by Jerry Goldsmith, for example. Here's a full list. A lot is missing from the catalog",Music_Content
"Hi, my email isn't working for student discount, keeps saying it's already in use when it isnt.",Family_Student_Plan
yo can y’all help me with this family plan? Every time I try to add a member it won’t let me redeem them,Family_Student_Plan
"hello, I've been told to contact you by to request a refund as I'm being billed twice by Spotify. I told EE when my first bill was produced to remove the charge but they haven't. Can I have a refund for the 13 months I've been paying via my phone bill please?",Payment_Refund
"realized last night I'm getting double charged on my account for two diffrent premium accounts. I'm not sure how this happened but iv been paying for months now, I have access to the account I use but I don't know how to gain access to this other account to cancle",Payment_Refund
"my current email address (__email__). I would like to close both accounts and open a new, student premium account with my current email (__email__). I hope that all makes sense. Thanks for your help!",Family_Student_Plan
can you add JLo's song Amor Amor Amor to this playlist,Music_Content
"a new Release with a song of mine Jay Holler ""Wir sind frei"" doubbled my profile on Spotify. Please add the Song ""Wir sind frei"" to my old profile and delete the other ✌️",Music_Content
Hey! I avail your student discount offer and my account wasn't still premium. Please help.,Family_Student_Plan
i paid 3 times into premium subscription and still i’m in free mode. please fix this as soon as possible,Premium_Subscription
Why do you continue to ignore this most popular feature request?!?,Feature_Request
OMG really!! Can I still get student premium if I already am on the regular premium one? Please!!!! Pretty Please!!!,Family_Student_Plan
i’ve been charged twice this month for premium???,Payment_Refund
updated to today’s version and the app just crashes on my X. sucks.,App_Technical
HELP! My account has been hacked and now the email address has been changed so I can’t reset the password.,Account_Security
"Hey , I'm trying to update my billing info and when I hit get premium, it's only giving me the option to get the family plan that I do not need. Help a girl out before I switch to 🙃🙃🙃",Family_Student_Plan
"my friend signed up for premium, deducted the $4.99 but she’s still on the free account, it won’t let her go premium",Premium_Subscription
Your family plan for premium users doesn't work! Please fix asap!,Family_Student_Plan
"Hello, I ran out of the student discount, and it says I can reapply, but will not let me. Please help.",Family_Student_Plan
ares I’m having a problems adding family members to my premium family account. Could I have some help please. I don’t want to have to cancel.,Family_Student_Plan
I am trying to enable the student discount on my account. Can you help me out?,Family_Student_Plan
"Spotify replaced shuffle and repeat buttons with thumbs up and thumbs down...wtf. please bring those buttons back, this is dumb.",Playback_Issue
"every time I turn phone off all downloads disappear, have followed online advice, clearing cache, removing offline devices, uninstalling and installing, have now formatted sd card and tried again to no avail. Service is poor",Downloads_Offline
"Is there an issue with streaming right now? I'm getting the ""Can't play the current song"" error no matter what I try to play, on desktop client and mobile app",Playback_Issue
i wanna listen to reputation so bad can they please just put it on spotify already,Music_Content
"just signed up for the student premium, took money out of my account but it is not premium.",Family_Student_Plan
Have problems with invite for family member not working,Family_Student_Plan
"Have as part of my contract but won’t let me select a song can only shuffle, shouldn’t I have full access?",Playback_Issue
I already paid for premium account but why my account is still free ?,Premium_Subscription
"when on an artists' Spotify page, why isn't there an option for seeing a big list of all songs by that artist? I have to either trawl though loads of albums to find a song or search for each song individually! Such a basic feature and it's missing - very annoying! #Help",Music_Content
why have I been getting charged twice a month from you guys? :/,Payment_Refund
I have now had my account compromised for the 4th time in 2 weeks. Can you please give me an idea on what I am supposed to do? I have changed passwords 3 times and I'm still having all my saved music deleted and someone listening on a tablet somewhere...,Account_Security
Hi I have a premium account as part of my bundle. I'd like to have premium family but am not sure if it's possible due to the account type I have. Can you advise? Thx,Family_Student_Plan
my account has been hacked and I need your help?! How can you not have a contact number 🤦🏾‍♂️😡,Account_Security
Feature Request: Make it easy to separate singles from albums in new releases.,Feature_Request
"Hello, there is a song that seems to not be there on the app and i was wondering if there was anyway that you would be able to add it in. The song is called Everything's Alright from the game to the moon and hopfully the cover by Laura Shigihara.",Music_Content
as a heads up. The colour change in the shuffle symbol is very difficult to see when colourblind with an iPhone on night shift,Playback_Issue
"Additionally, it could provide metric on discover weekly 'success' via song retention. e.g. how many of the 30 songs are users 'keeping' per month? Will vote, ty.",Music_Content
"Been paying for for almost FOURYEARS now! Y’all really playing games... like what even made you allow 3,333 songs to be downloaded for offline play!?",Downloads_Offline
how can i get a refund? You charged me $9.99 for premium when I am still a student and registered as a student 2 years ago?,Payment_Refund
I think my damn account was hacked... Tf,Account_Security
. Been trying to add my dad on my Spotify premium since yesterday. I might just switch to Apple Music. .,Music_Content
"""When you download to the additional device, the device with the earliest downloads will be automatically removed from the Offline devices list...."" Huh?? So your most cherished collection on your most used device??? #crazy",Downloads_Offline
"- account compromised, got all reset now but lost all my playlists. looks like duplicate account was canceled. any way to retrieve ?",Account_Security
Looks like my Spotify got hacked and email changed. How do I regain access?,Account_Security
I'm paying for Premium but I can't play music offline????,Downloads_Offline
needs to stop playing around and put Julion Alvarez back on Spotify. I’m tired of having to go to for his music 😂,Music_Content
Hello & - when will we get the playlist folder shuffle back to iOS version?,Playback_Issue
Spotify stops playing music every time I open a picture on twitter now. I can't do this,Playback_Issue
Hi. I bought student premium today. I sing with fb. I check my bank account everything is fine.But I'cant still use it.,Family_Student_Plan
"Hi, I can't join Premium Family - got kicked out last time, got invited again and try to fix the address. Still not working. help",Family_Student_Plan
"Now when I try to create a new account with my facebook login, it says ""Oops! Something went wrong, please try again or check out our help area"" and I can't login with it either. So it's useless, even though it's a different email than the work acct? Plz.. help me I keep Premium.",Login_Issue
"I tried to update my payment info through the app and it says ""Oops something went wrong"" but I got charged anyway. Tried it again from the browser and the same thing happened. So now I've been charged twice and still have no access to Hulu.",Payment_Refund
"Hey, I accidentally purchased two student discount accounts and I was wondering if I could get my money back",Family_Student_Plan
"hi help pls, every time I️ try to update my payment details for premium, it makes me register for the student discount & I’m not a student, so it gets rejected every time and then my card details aren’t saved. 😒 (also why don’t y’all have a phone support line)",Family_Student_Plan
I just added Premium Family and added my son. He was previously on his own acct. How do I ensure I do not get double-billed?,Family_Student_Plan
"So my Spotify got hacked. And by creating playlist me and the New ""buyer"" communicated. Turns out he paid 5$ for unlimited access to my account. Plz explain this??",Account_Security
shuffle play isn’t working on mobile. Also my discover weekly is the same as last week. Any thoughts?,Playback_Issue
"Hello, I was wondering if I could get a refund on this times payment that I recently submitted? I decided to switch over all of my music and go to Apple Music instead and just use the free since the features weren't being used much",Payment_Refund
Hey! Love the Touch Bar you guys did for Macbooks. 1 feature request though: Could we get song/artist inside the progress bar?,Feature_Request
"how about for me and only me, you allow 6,666 offline songs? ill put the little purple devil homie emoji in my profile as a shoutout to you guys",Downloads_Offline
"Spotify is a pain in the ass. It takes all my storage phone space even if I don't save any playlists for offline. The cache is keeping growing every day, its like 3,3GO now...Ridiculous. Im about to switch...Any solutions ?",Downloads_Offline
"Thank you, I got it. I had to scroll up for it to appear. Maybe have it fixed under the Shuffle button?",Playback_Issue
Why can't I add a song to my playlist,Music_Content
No error messages. The playlist I choose is just highlighted and stays that way. It doesn't add the song,Music_Content
- App not working when trying to sign in! What’s going on??!,App_Technical
"each update removes the songs I had available for offline, if they were only saved and not in a playlist. I then have to manually download each one from memory.",Downloads_Offline
__email__ i was charged 4 times for the student discount ? theyre are pending will i get my money back? or not be charged for three of the four?,Family_Student_Plan
"ok now I'm on premium but I got charged twice because I tried to subscribe again, not knowing I was supposed to wait for an email to complete the process. I need a refund",Payment_Refund
my spotify crashes like 20 seconds into every song i play can u reply to my dm?,App_Technical
what is going on. Cannot login. I am premium user not able to use your Services.,Login_Issue
"kamu suka dengerin musik di spotify???? Dengerin offline harus gonta ganti akun tiap minggu???? Yukkkk beli akun premium di akuu 1 bulan 3 bulan 6 bulan 12 bulan Yuk order boleh tanyw"" dulu WA 0859-5962-2112",Downloads_Offline
"As much as I love , it's time for me to move on. I'm paying for a service I can't use cause the app crashes my computer. Shame.",App_Technical
"look , I know I’m not premium, but if I shuffle I want to hear and not some other guy OK?",Playback_Issue
"hi, i think my account got hacked. i sometimes found playlist NOT created by me and i see unkown devices in my list. what should i do? i logged out from every device but it didnt work",Account_Security
"Why is Spotify's default mode for playing playlists on the iOS app ""Shuffle"" (there's a giant green button)? I don't like hearing my Operas in random order!",Playback_Issue
"have really, really annoyed me. Cannot re-apply the student discount to the same account. Accusing me of using it elsewhere, when I haven't. I know it was used on that account - I am not stupid.",Family_Student_Plan
"shuffle & repeat keeps coming on by itself, anything I can do? iPhone 6s+, iOS 10.3.3, Spotify 8.4.27",Playback_Issue
"Still doing it. I open the app, set a song playing from a playlist and it's set to shuffle and repeat once.",Playback_Issue
"hi , how about adding a feature in playlist management? So that when I have skipped a song twice/thrice, it will be automatically removed from that playlist. Or maybe you've got it already? if so, please inform me. thank you! just an idea from a hopeful customer.",Music_Content
I cant remember any details to my premium account and cant log in or change password.,Login_Issue
my account (ccdap) has been hacked!,Account_Security
"why do I have to re-download all my albums ? Also, why can’t I no longer access my green checked items offline Lastly, do u still want me to pay premium?",Downloads_Offline
Is there a way to filter by downloads/offline in a playlist?,Downloads_Offline
"for the family plan on Spotify should there not be more than 3 devices to listen offline? That is, we are 5 but only 3 can, because afterwards it is deleted from one so that another can listen offline",Family_Student_Plan
Why do I see a pattern in 's there 'shuffle' play? It doesn't seem that random to me anymore. And it keeps happening ... #spotify #music,Playback_Issue
why is the sound quality so shitty even in high quality premium service? you could at least let us reach HQ music when we download songs with offline music storage service.,Downloads_Offline
"Hi, I have an invite for family plan, when i tried to accept that invite spotify says ""Oops! Something went wrong, please try again."" I can't use my premium for ~2 weeks.",Family_Student_Plan
all my saved music has been deleted for the second time in 2 weeks. Why is this happening? Can’t listen offline.,Downloads_Offline
"I’m a family plan member, how come when my wife is on it boots me off? It never used to.",Family_Student_Plan
"If I cancel a premium account originated through iTunes and resubscribe under a new family plan, will I retain my playlists?",Family_Student_Plan
Bitch why do my songs get removed from offline randomly? Very inconvienient when I'm not around Wi-Fi and wanna fucking listen,Downloads_Offline
"if i sign up for the student discount again, will i be billed twice next time? or do i need to cancel my subscription first?",Family_Student_Plan
"Hey Quick question. Are you guys going to put ""Wicker chair"" by back on Spotify?",Music_Content
my account has been hacked please help,Account_Security
can you please add a search within the music library and within playlists...like ASAP,Music_Content
"I'm having trouble adding a family member to my Family Plan, the link goes to an ""Something's wrong, try again"" error, help me",Family_Student_Plan
"I can't log in on mobile app. When I do, screen becomes dark and that's it. No screen whatsoever. Please tell me what to do.",Login_Issue
i need help with my family plan. who can i talk to?,Family_Student_Plan
"hi team, keen to try premium with a view to getting premium family. Are you doing 30 day trials, please? (AKA save me from HMV this Christmas 😉🤣)",Family_Student_Plan
"It’s really annoying that I pay for a premium membership so that I can download songs to play offline, then your app deletes all my downloads. Over and over and over again, no matter how many times I save an album or song.",Downloads_Offline
"we keep getting ""can't play current song"" error and then it works again. We have tried all online suggestions. Would appreciate any help",Playback_Issue
"My music stops playing randomly in the middle of a song. The only way to prevent this if i️ stay on the spotify app. Can you fix this for me, i’ve had this problem for a few week.",Playback_Issue
Hi - where might I find the ‘shuffle entire library’ button?,Playback_Issue
I want to bring my son in on my spotify so a family plan. The phone is registered to my address but he is away at University. Can I do that?,Family_Student_Plan
I literally just want to cancel my account. I can't cancel it because I can't login because I deactivated my facebook account. I can no longer reactivate my facebook so I'm stuck paying for a service I can't use. Please help me cancel my premium account.,Login_Issue
You overcharged me for my premium promo. 9.99 instead of .99CAD.,Payment_Refund
"can't login with my premium account on android system, says that experiencing problem",Login_Issue
hey guys i applied for student discount and got accepted but still being billed at premium rate. please help me,Family_Student_Plan
"You need to bring back Touch Preview!! ASAP! Literally the only reason I used you guys over other music apps! Also, this bullshit with only being able to download 3,333 songs for offline listening is complete B.S! I pay for Premium, there should be NO limit!",Downloads_Offline
I paid for premium and my bank called to confirm but I don't have premium and I tried to switch from free and it asks for a payment,Premium_Subscription
Can we work on getting a select feature? So it's possible to select more than one song to add/remove from playlists at a time. It takes multiple steps for one song and takes entirely too long if you're trying to make a party playlist with 100+ songs.,Music_Content
My account has been hacked! Please contact me ASAP. My email is __email__ - someone at email __email__ has hacked it.,Account_Security
"Hi, it looks like my premium account has been hacked. Can you help? I am unable to login and am concerned about security and data protection. Cheers.",Account_Security
"think my premium acct got hacked, what can we do? 🤔",Account_Security
I am also unable to login through my television to play music throughout my home. Please advise.,Login_Issue
Who should I get in touch with to ask about albums missing from an artist?,Music_Content
put one step at a time back on spotify. now.,Music_Content
"iphone 6s, ios 11.0.3 ..it’s not showing how much of the song has been played, stops playing my music randomly & fast forwards randomly",Playback_Issue
Please add a feature wherein we can either start a timer or set an exact time when Spotify will stop playing.. Thanks!,Feature_Request
"Hi , your latest updates are causing probs. I can no longer play downloaded tracks in online or offline mode without a network connection. Only happened since recently update?! #help #dontjudgemylibrary",Downloads_Offline
Ii would like one of the following to happen shortly please: 1. Completely Refund my latest charge. 2. Charge my the additional remaining charge and change it back to family Premium. If i do not get a reply within 24 hours regarding this i will have to initiate a chargeback.,Payment_Refund
"My account got hacked and email changed any help in recovering it would be appreciated. Sent an email to support can you confirm this reference support number "" [ ref:_00DD0pxIW._500571cSQ7g:ref ] """,Account_Security
"please add deleting songs from discover weekly list. id love to discover songs you recommend, but sometimes it could be shit.",Feature_Request
Why is my premium not working offline??,Downloads_Offline
Can I have help adding a family member,Family_Student_Plan
My account was hacked over a week ago and still no resolution. I deleted Napster for this?,Account_Security
"dudes, fix your shit and put reputation on spotify, i've been waiting for like, a week.",Music_Content
so my phone always plays songs in order no matter how many times I press shuffle if I select 'all songs' on Android. Is this a thing?,Playback_Issue
Someone hacked my and now I have hella turkish playlists 😂,Account_Security
Too bad shuffle doesn’t work on mobile.,Playback_Issue
"iPhone 6S, IOS 11.0.2. Playlists won’t shuffle. Button turns off when it goes to the next song. Have deleted and reinstalled several times",Playback_Issue
You're shitty app just added a wack ass song to my playlist while I was trying to skip over it and driving. I nearly wrecked my Kia Soul!,Music_Content
"I knew that was a thing when i subscribed 4 years ago i just didnt think that you wanna chase customers away, or worse, to hacked versions.",Account_Security
could we get a feature to see how many songs we listened to in a session like after listening to a playlist on shuffle for a few hours idk why but i want to know,Playback_Issue
"Dear Spotify Team, I feel honored to be a user of Spotify. Could you please add add a new function to Spotify to such that we users can write down our comments to the songs, just like after we see the videos on youtube, we can write down our ideas?",Feature_Request
"Av alla dgr ngn skulle kapa mitt Spotify, var d tvunget att bli dagen j sitter o väntar på flyg + behov av offline-listor? #ilandsproblem",Downloads_Offline
"Okay, then why are you still charging me $11.99 ? Gimme my student discount 🙄😫",Family_Student_Plan
"hey i bought student premium with a new account, realized i spelled my email wrong, tried to change it, couldnt because i forgot that i already had an account with the email i was originally going to use. please help",Family_Student_Plan
why did I get kicked off my sisters family plan and now I keep getting error messages while trying to re-verify my account,Family_Student_Plan
"Please HELP! I have tried several times to add my husband on as a family member and every time it says invalid code. It's been over 3 wks and I'm extremely frustrated, why is it so difficult? Pls look into my acct and advise and not with the same steps on the website!",Family_Student_Plan
Hey how do I get y’all to add music. It’s unfair that Madgear and the missile kid isn’t under my chemical romance’s music but you have like six live versions of stuff from the black parade. Danger days was better.,Music_Content
Yes hello please add bon ivers cover of I Can't make you Love Me,Feature_Request
i was charged for the student premium after just putting my payment information in. I turned out not be elligible so why did I still get charged? (The 9.99 was intentional) am I supposed to be issued a refund? Thanks,Payment_Refund
hi I'm having trouble accessing my account. When someone searches me I'm still there but i can't login? What's going on??,Login_Issue
umm my student premium account isn’t connecting to Hulu anymore,Family_Student_Plan
My account has been hacked and subscription has been cancelled that I did not authorize,Account_Security
For God's sake your app keeps losing my offline music and has used up my entire months worth of data #fuming,Downloads_Offline
your website UX is awful. You guys make it impossible to accomplish anything. I received an email telling me I need to update my subscription to keep my student premium but there isn't any buttons that do what i need,Family_Student_Plan
I’m paying for the premium family plan & sent an invite code to my niece SEVERAL TIMES & she keeps getting an error message that the code is invalid this is becoming ridiculous it’s been happening for several days already,Family_Student_Plan
It’s considerably more steps to toggle offline mode and no clear indication it’s on. You could definitely improve in this area.,Downloads_Offline
So some feedback I’m sure you get all the time. Offline mode for iOS and Android is not useful. Somehow Amazon has nailed it. Since it costs my family a fair bit to go over their data plans these features save us money.,Downloads_Offline
"hi, just gonna ask why I cant login to my spotify when I'm abroad.. like few months ago when I were in Japan&China, I can't login to my spotify account..",Login_Issue
SHUFFLE MEANS SHUFFLE IT DOES NOT MEAN PLAY ERIC CHURCH FOUR TIMES IN A ROW NO MATTER HOW GOOD HE IS,Playback_Issue
No ! That was just an ITunes Normal subscription where I could listen to songs and download them to listen offline I didn’t buy any songs on iTunes,Downloads_Offline
"Accidentally signed up for spotify student premium on my friends account, got charged, cancelled, and now I can't get it myself",Family_Student_Plan
"I need help resetting my password. Someone got into my account and altered the email, and none of my passwords are being recognized.",Account_Security
can you put heartbreak in stereo back on spotify pls,Music_Content
I can't login to my account linked with Facebook. It keeps giving me an error.,Login_Issue
PUT HELLBOY ON SPOTIFY,Music_Content
"Hey Spotify, my account has been hacked. Yesterday I noticed someone changed my email/password and was listening to weird music, but I could still login through Facebook. Now I cannot anymore. Help?! (not regularly on twitter but yes I am a real person :-))",Account_Security
Hey I wanted to cancel my premium account but you already charged me before I wanted to cancel can I get a refund,Payment_Refund
not happy about being charged twice a month for 4 months :(,Payment_Refund
"I think my account has been hacked, it keeps playing on other device that I have never seen, I tried to change my Facebook password but it doesn’t work :-( PLEASE HELP! I just canceled my subscription hope to stop this issue first)",Account_Security
Android app asks to log on but when I try it says I'm set to offline. Then gets stuck in a loop. 7gb of downloads I need to access!,Downloads_Offline
actually entire take care album is messed up and it's missing a song. I try to play a song and it just bounces around the album and plays a random song. I checked other albums and artists and take care is the only one that's doing this...,Music_Content
"This is a screenshot after I selected ""go to album"" should show all songs and it's actually missing 2 HYFR is supposed to go after look what you've done and another song the ride is supposed to go after practice",Music_Content
Just has the ui friendlyness of trying to ride a camel with 3 humps. Samsung s7. Search for a song. Dont get the song i get the artist and asked to shuffle. Tried to add the song to a list. Was like working out whp did 9/11,Playback_Issue
Nah as if my app stops playing music when I go off of the app now I’ve updated my phone..this ain’t YouTube why you playing me for,Playback_Issue
"Seriously now , why do you delete most of my downloaded music library every once in a while? It's extremely annoying to find out that my music is suddenly not accessible offline and I have to re-download most of it every few weeks 😡",Downloads_Offline
"As far as I have noticed it happens with both albums and playlists, after a while they still appear on my saved music library but they are not available offline (even though I have previously downloaded them). Thank you for the response, I sincerely hope you can solve this :)",Downloads_Offline
mobile feature request - how about the possibility for folder creation on app just like full/web app. ^RJ,Feature_Request
"we are looking to get Premium Family but someone paid their monthly premium fee last Friday, how would the switch impact them?",Family_Student_Plan
Music not in my playlist begins to play whenever I shuffle my playlist. iPhone 6,Playback_Issue
Why can't my shuffle my playlists anymore?,Playback_Issue
"Not the album but thanks anyways. I meant to say you guys should add a ""you might also like"" feature with suggested albums at the bottom",Feature_Request
why all of a sudden im being charge for my premium at full rate when im suppose to be getting student discount,Family_Student_Plan
Just purchased the premium family plan but can't invite family members. Why is this complicated?,Family_Student_Plan
i still haven't heard reputation can they put it on spotify pls,Music_Content
"so you get a 30 day trial for individual, but not for family plan? I just signed up and see I was charged for family plan",Family_Student_Plan
Put the take care album by drake back on Spotify plz,Music_Content
"#HelpMe Can I reinstate my student discount if I have finished college, but am back in school and will be for the foreseeable future? let me do it with student prime.",Family_Student_Plan
Spotify keeps deleting all my downloaded songs. (Not the downloaded playlists though). I already reinstalled it about a week ago but that didn't fix the problem. And it's kind of annoying to open Spotify and find all your songs deleted eceryday,Downloads_Offline
i send you that spotify charge me again but you didnt reply.can you please refund my money asap.becuse i am very so sad to trust and do that again and you charge me twice per day.please stop doing this,Payment_Refund
"I was charged $10 this month even though I should be on student discount, can you help fix that?",Family_Student_Plan
Unable to add a family member. Getting undefined problem when submitting,Family_Student_Plan
I paid for my student premium over 24 hours ago but it still won't let me download my songs and keeps telling me to upgrade my account to premium. My debit card was charged so it's not a pending transaction and I tried logging in and out several times. Thanks!,Family_Student_Plan
keep being unable to access my songs offline ? Am a premium member,Downloads_Offline
Hey Are you going to update your website or app so I can update my payment options?! The websites keeps crashing every time I click on the LOG IN button. Even clicked on the SPOTIFY PREMIUM FREE TRIAL option and it crashed. Please fix this soon!,App_Technical
i'vr been trying to access premium family plan with my roomate but has been impossible..and the address is the same. Please advise,Family_Student_Plan
"How do I get a refund, your support site is like a black hole",Payment_Refund
"just upgraded to premium with a student discount, I received the charge but can't not access premium. #help",Family_Student_Plan
"I’m a premium member and I can’t listen to offline music unless I download!!! Help pls why am I paying $$ to not get all the features. I’ve tried logging out, deleting the app & everything else there could be..",Downloads_Offline
As an apprentice can i no longer get spotify student? I dont have unidays or an .ac.uk email,Family_Student_Plan
I signed up for the student premium account then I clicked the button that said to Go to Hulu but there's always a pop up saying Spotify is having trouble authorizing my account,Family_Student_Plan
"Just been charged £10 for my spotify and I might cry, where’s my student discount gone",Family_Student_Plan
I just don’t understand how my Spotify account is always “offline” even though I pay for premium 🤔,Downloads_Offline
". Hi Spotify Team, I’m having issues w/my Family Plan. Keep getting the same error prompt. What’s the best way to connect?",Family_Student_Plan
"Trying to update my payment info but the process takes me to Student Premium. I'm not a student anymore so I cannot be verified. Unfortunately, this is the only premium option I am offered and therefore I cannot update my payment info. Help plz.",Family_Student_Plan
i was verified by Sheer ID for the student discount for premium but whenever i try to actually set up with the discount it just keeps asking my to verify. but then Sheer ID says i already took advantage of the offer! pls help!,Family_Student_Plan
can y’all please add RaRa by Travis Scott ft. Lil Uzi bc it’s only on SoundCloud,Feature_Request
"Hi , please bring back lyrics on the desktop app and allow us to download and use them offline in all platforms. Thanks and much love! #spotify",Downloads_Offline
Which one do i go to I don't see one for being hacked???,Account_Security
My wife is unable to join our Family plan. Sent her invite but after address is entered get undefined error,Family_Student_Plan
"Dear , your service is amazing. However, I just found out the Student discount is not available in Quebec. So...bye bye. Going to Apple Music I guess.",Family_Student_Plan
My app crashed and all my playlists got deleted... how is your day going?,App_Technical
can you please add star shopping by lil peep,Feature_Request
"if I’m trying to play The Best of Raffi on shuffle for my 2 year old WHY are Taylor Swift, Selena Gomez, and Imagine Dragons playing interspersed in the Raffi? None of them are Raffi so",Playback_Issue
Hey ! What’s going on with your shuffle feature ? There’s too much track repasting for it to be random !,Playback_Issue
I have been charged 9.99 for a very long time and haven't had premium nor do I want it anymore. I am VERY unhappy and would like a refund,Payment_Refund
put Lil peeps hellboy back on Spotify,Music_Content
"hi — can 1999 be put on spotify pls . while we're at it, acid rap too ty",Music_Content
Im trying to get Hulu with my student premium account but Spotify says I have the free version and need to upgrade. it shows up as premium on my phone and I pay for premium every month. How can I get Hulu and not get double charged when Im asked 2 upgrade?,Payment_Refund
"Hi, can I have a refund for 3 months of paying too much for spotify please?",Payment_Refund
"after weeks of hacking on my spotify account, it says my email is wrong now and I cant log in. fix this please.",Login_Issue
will high school students ever be included on the student discount pls and thx,Family_Student_Plan
Spotify premium itu bisa offline atau engga sih?,Downloads_Offline
Please add the and podcasts!,Feature_Request
"hi Huns you’ve charged me £10 but I’ve started a 1 year student discount, sort it out I don’t have an extra £5 to waste on u",Family_Student_Plan
"I think my account has been hacked. Someone keeps listening to my music. I’ve changed my password, logged out of every device, but this still happens.",Account_Security
"i have just 9,99 paid premium family. It has been charged through my bank. but there is a problem and I can’t listen to music",Family_Student_Plan
"Hello Spotify - i can log into my account and even edit, but I’m somehow locked out of managing my Family Plan account.",Family_Student_Plan
"Oh - when your stupid ads don’t run and you can’t close out of it and the music stops playing and you basically have to restart the app...and what’s with the song cut offs?? Seriously, what is happening with you?!??",Playback_Issue
"Nope, same behavior for Offline Mode turned on or off.",Downloads_Offline
Why cant I register for $9.99 premium??? Y'all wont let me re-register for student premium and I don't need family premium... So.,Family_Student_Plan
I can't shuffle and I finally figured out it's only when I'm playing through bluetooth on my Mazda CX-5...which is always!,Playback_Issue
"Hi, I have sent you a DM regarding my account being hacked for the second time, please can you respond ASAP x",Account_Security
Why does not have a song identifying tool? It could take you directly to stream the single or album. It becomes more convenient to add it to a playlist. People are encouraged to use the platform even when they're not listening to music. I am lazy. Please hurry.,Music_Content
I can't get my Hulu account to authorize with the student discount deal. Please help.,Family_Student_Plan
My playlists play on shuffle even if I din’t play them on shuffle.,Playback_Issue
"Hi. Reinstalling the app worked. But I had to redownload my entire offline playlists. About 2,000+ songs. Lol. 😞",Downloads_Offline
account was hacked and the email address on my account changed. Tried to email your support but have heard nothing back.,Account_Security
I’ve been trying to set up my dads account to our family plan for an hour how do i do it the invite link isn’t working,Family_Student_Plan
"After 5 years I Cancelled because I can’t shuffle ALL songs on iOS mobile any more. Was always a hack to set up. Any recommendations (Apple,Play). Can they truly randomly shuffle All music? Are there Spotify playlist importers?",Playback_Issue
"expand the student premium version to CAD? sincerely, a broke college student who had to cancel her plan today😶",Family_Student_Plan
"I love the app, but I don’t want to be charged TWICE every month!! This is insane!!",Payment_Refund
stops playing music randomly and after every single ad. Updates don't fix the issue. What gives?!,Playback_Issue
Could you please add a “Sort by release-date” button for playlists?,Feature_Request
"I've been charged a monthly payment, but I unsubscribed a day after trying the free trial? I want a refund, please.",Payment_Refund
"would love 2 see ""only use data on wifi"" setting so I don't hav 2 change to offline mode every time I leave the house/office.",Downloads_Offline
put perfect velvet on spotify already I'm tired,Music_Content
just moved to the UK from US and wanted to start a family plan for my fiancé and I without losing all my playlists. That possible?,Family_Student_Plan
Can I get a 30 day free trial if I upgrade to premium with UNIdays as I am a student and want to try before I buy?,Family_Student_Plan
"Btw, was listening to on my desktop, wanted to listen on the go so I connect headphones to phone, desktop stops playing music and phone starts instead. 👊👊👊👊 #ux",Playback_Issue
Why isn't there an option to block artists if you don't want them on shuffle its annoying please add an option to block,Playback_Issue
why the hell has reputation not been put on spotify yet I’m going to scream,Music_Content
It only happens on my s7 . At&t mobile data . Charter spectrum wifi. When trying to add music to a playlist when trying to search for a song or artist. This has occurred for months. I only get what I search for Instantly on rare occasions. Laptop searches almost no issue,Music_Content
Thinking it would be great if and collaborated to include songs and reading at 1 monthly price👌,Feature_Request
Is anyone else's premium account locked out because it's offline? It won't let me login even with an internet connection and correct login information. Is this a bug? Help me lol,Downloads_Offline
"help. Keeps telling me I'm offline, and my SAVED music can't be played? And options are greyed out? If I'm offline (which I aren't) my music should still be available.",Downloads_Offline
Hey can u guys help me out? i can't log in to my spotify account because i accidently refunded my monthly payment for spotify.. Im using another account right now... but i want my old account back .,Login_Issue
It normally doesnt and no its happening when im offline usually,Downloads_Offline
can they put perfect velvet on spotify 😭😭,Music_Content
"Premium member can't get online today at all. Stuck in offline mode. Offline mode not ticked in menu. Mac air 11in/sierra. London. Tried reinstalling, changing proxy and restarting several times. What can I do? Is there an issue at your end?",Downloads_Offline
Hey when I look at my account it says I'm paying 9.99 but when I go to fix my expired card with my new one it says student discount and won't let me edit my card??? Please help 🙃,Family_Student_Plan
my account was charged for premium but I still have ads... I need a refund or premium please respond,Payment_Refund
Someone hacked my .... really that’s what you want to do with your life... listen to on a stolen account. You could have just asked for my password.. I would have shared. #ridiculous,Account_Security
"Hello. Please add more RPG games soundtracks, from authors like Uematsu and Mitsuda. There are too few songs from them",Feature_Request
You have charged me twice for one month - how do I get a refund?,Payment_Refund
My account got hacked. Could you reinstate it please?,Account_Security
"Just signed up and am surprised to find no parental controls for explicit lyrics. Is this right, or am I missing something? Bit odd when you promote a family plan.",Family_Student_Plan
Really sad that doesn’t recognize my school as a school for the student discount. #notchill,Family_Student_Plan
please put Black Friday by Kendrick Lamar and Boss ass bitch by Nicki Minaj on Spotify pleeeease 😊 #spotifysongrequest,Music_Content
I've been charged £9.99 despite having a student premium account! Can you take a look at this?,Family_Student_Plan
How/Where do I renew my spotify student discount?,Family_Student_Plan
My account has been hacked and I'm locked out of both resetting my password and changing my email address. Any help you can offer?,Account_Security
"I'm in an account premium family, but after a few weeks it got canceled. When I click the invitation, it says error.",Family_Student_Plan
Why spotify premium not working :-(wants me to add a family plan when I try to pay so I'm guessing my premium is still active,Family_Student_Plan
When can I get a refund for these past two months since I have been paying for services that I’m not getting?,Payment_Refund
So are you going to fix shuffle yet?,Playback_Issue
"wrong name in email saying ""...join the family plan of JANE DOE..."" when inviting new family member...how to change this?",Family_Student_Plan
Hello I have emailed you about artist account being hacked. Pls assist or reply to __email__,Account_Security
Hi! I can't log in to my account to cancel it. Please help! My UN is ivette0327. I tried reseting PW. No luck.,Login_Issue
"I am having trouble logging in to my account. I can't login with FB, my email or anything. I have a premium account.",Login_Issue
sooo if i already had the student discount last year can i still get hulu?,Family_Student_Plan
"hey, what gives? I can't play any songs at all",Playback_Issue
"hey my Facebook account was hacked and I have no way of getting back into it, how do I change my Spotify so it doesn't connect to it",Account_Security
"Why does keep logging me out on Android and when I try to log back in it says that I am offline and please go online to log in or something along those lines, so I have to uninstall Spotify and start again?",Downloads_Offline
"in your web UI can you add some indication of whether the song is saved or not, like you have on desktop app and how you used to have in oil Web UI. Because I open playlist and wanna see the songs I'd saved previously. Ideally you could bring the old UI back",Music_Content
"I contacted you because my service kept getting shut down because someone else is supposedly using it, you locked down my account and your chat system booted me when I tried to upload am attachment as you requested. Contact me!",Account_Security
"both my family members got kicked of my family plan.. yes, the address is the same and was verified. what gives?",Family_Student_Plan
hey care 2 explain why half of my offline music has somehow been UNdownloaded from my phone,Downloads_Offline
my account has been hacked and it has given it a new email address that is not mine. Help.,Account_Security
we have premium family and cannot listen at the same time,Family_Student_Plan
I'd suggest instead of automatically adding those 'liked' to my library (or trying to) give me an option (like with the 'dislike') to add it to my library or just make note that I like the song.,Music_Content
Hello there how about adding #AllNight by and on Today's Top Hits playlist? It's the highest charting music release today on US itunes and holds number #6 atm! Let people hear this amazing song.,Music_Content
hey i haven't been able to use spotify for weeks because its stuck on some ad that wont play.,Playback_Issue
"My Premium family is not working. No payment issues, but account says I have a 'free account' help me! Commercials are killing me. Greetings!",Family_Student_Plan
hey there your premium family invite process is super frustrating. “Please match requested format” comes up. But the email is correct. No indication what is wrong. Help! Thx.,Family_Student_Plan
I️ accidentally named the owner of my new family plan the name of the family member I️ was trying to add. Is there any way I️ can go back in and change that information?,Family_Student_Plan
"Only my saved songs, I don't have any downloaded songs on my account anymore. Every artists on my saved lists used to have full albums saved and now there's only about 1/4 and I have to re-add the music",Music_Content
"@ spotify so when are y'all like,, gonna put perfect velvet by red velvet on spotify?? i'm tired of waiting",Music_Content
"my Spotify app on phone + comp won't play my playlists or collections continuously. If I play a song, the following song is always from an old playlist that I no longer want to listen 2. Pls advise.. getting sick of 80s music.",Playback_Issue
hey please add a #macOS notification for when a new song starts like what does,Music_Content
my account got hacked and your website is so difficult to get any help. I want this changed and emailing I get a blacked message,Account_Security
was kicked out Spotify family plan bc&tryin 2 rejoin plan but wen I fill name&address page it always says something went wrong,Family_Student_Plan
help someone hacked into my account. why dont you have two factor authentication?! also now aviici is my top artist and im PISSED,Account_Security
is spotify broken?? Paying a monthly subscription but can't log in.... what's going on?,Login_Issue
got charged before i could switch to student premium :'(,Family_Student_Plan
your security is BS some French guy hacked my account and changed my plan to add his own. I’m seeing this a lot...,Account_Security
been using student premium for a while and suddenly this month I’ve been charged the full price. I’m a broke college kid! help,Family_Student_Plan
I upgraded to Spotify Student. They charged me twice but I still didnt get my subscriptio . I want an answer soon. Unhappycust,Payment_Refund
"Hey trying to get around the student discount, but site crashed before I could finish. Says 'having a bad day' but $ taken out",Family_Student_Plan
Hey! I was trying to sign up as a student but it didn't work but for some reason I was charged $4.99 twice for spotify,Payment_Refund
when’s going to add messenger? I’m trying to slide in the DMs of strangers with good taste in music,Music_Content
Can I avail student discount for spotify premium even if I don't have credit card?,Family_Student_Plan
"Hello I've had a family plan for over a year and now suddenly you've removed my mother and wife. I've been able to add my mother, but not my wife. Please assist.",Family_Student_Plan
"Hey when you add korean music, can you make it korean hangul and english? I know songs by different titles, and I'm super glad you have them uploaded, but I don't like having to listen to everything to find it!",Music_Content
"do you ever plan to add an option to hide explicit songs? 54 pages of requests on your site for this, since 2012! you tag the songs already, so it sounds like a plausible feature request. parents moving to google/apple etc. please fix!",Feature_Request
"can't log in, cant log in to post a customer service post about not being able to log in. nice.",Login_Issue
Why wasn't I notified that my student discount was expiring? I had to pay 9.99 and lost Hulu.,Family_Student_Plan
I got charged twice but I still have ads. I want a refund,Payment_Refund
your iOS app is having trouble keeping the shuffle on I think.,Playback_Issue
pls fix your shuffle . it's always the same 30 songs playing. i have 400 songs in my playlist thx,Playback_Issue
"""You've downloaded music to more than 3 devices"" Will this still be an issue if i have a premium family account?",Family_Student_Plan
Hey guys any insight as to why my downloaded music keeps getting deleted off my ipod? Bit of a pain having to re-download a few thousands songs,Downloads_Offline
"hi. I want to leave my family plan, but i cant contact the moderator. Please help me. Thank you",Family_Student_Plan
how do I find out who owns family plan,Family_Student_Plan
are you guys gonna update the app to suit the iPhone x needs anytime soon??..... super inconvenient the app keeps crashing.,App_Technical
Please sort out your shuffle algorithm,Playback_Issue
"your app sucks, i shuffle Without Warning album and the first song that plays is Ariana Grande like what",Playback_Issue
"Hey , how do I play an entire album sequentially without shuffle? Android, premium subscriber.",Playback_Issue
Your Family plan isn't working for me. Undefined problem after putting in address information.,Family_Student_Plan
"my account was hacked, now i cant log in an im paying",Account_Security
"after i've undownloded all songs (took all playlists and albums off of offline mode), spotify still takes up a whopping 8GB on my phone? it hasn't changed, even after i deleted over 200 songs worth of data!!! [im using an iPhone 7 running iOS 10.3.2]",Downloads_Offline
"fyi, when Spotify goes to an ad, the whole app (android) needs the ol' turn it off and on again to work. Bug in the last update?",App_Technical
I was wondering if there was any way for a HS senior to get your student discount.,Family_Student_Plan
"Just mentioned that your service wanted me to input my credit card information after couple of months having student discount, no discount.",Family_Student_Plan
"so my Spotify account is supposed to be student discount-included, yet still you have charged me the full amount. Help?",Family_Student_Plan
How come you guys don't do highschool students for student premium?,Family_Student_Plan
Wish were actually able to make a music streaming app that doesn't crash 17273737 times a day,App_Technical
accidentally linked my Unidays to an old Spotify account and got charged. Can I get a refund/delete that account? Need unidays to be linked to my current account! Thanks,Payment_Refund
put HELLBOY on spotify,Music_Content
please make a shuffle a config setting again. I don't like setting shuffle every time I turn on the app,Playback_Issue
Why can’t I add a family member to my premium family plan ????,Family_Student_Plan
"if I pay for premium the obnoxious ""Shuffle Play"" button should go away.",Playback_Issue
im having an issue The last few months I’ve been overcharged and I’m a student.,Payment_Refund
"I have Spotify premiun and I'm trying to download my music so I can play offline but it says I don't have premium and need to upgrade, on my account my subscription is premium and I've definitely payed for it, please help",Downloads_Offline
hi please put black silk by back on spotify pls & thx,Music_Content
HELP! My account has just been hacked and now I can no longer login to my account - the email address has been changed without my consent!,Account_Security
"It looks like user Daan2112 hacked my account, added me as a follower, deleted my playlists and added their own. I've restored the playlists & changed the PW but giving you the heads-up.",Account_Security
Hi - trying to set up a family member on the premium family account but the premium code does not work when trying to redeem - i have tried 3 times on none of the codes have worked. Please help needed,Family_Student_Plan
hey I just signed up for the student discount but did not realize you cannot use gift cards to pay for that. Is there a way to cancel my student account and go back to a standard account so I can pay with giftcards( my only method of payment),Family_Student_Plan
"hi, I should get student discount but have been charged 14.99 this month? Anyway I can get my money back and sort the student discount out? Thanks",Family_Student_Plan
"iPhone model SE and on the latest iOS , Spotify premium family and this happens whenever I play music whether it’s through aux, Bluetooth or through the phone speakers",Family_Student_Plan
"Hey, Spotify, something's wrong with my student premium + hulu. Worked two days ago, now nothing. I need help please.",Family_Student_Plan
"It would be cool if you could link songs in your library so when one comes up in the Shuffle, the linked song will be queued to play next. Think ""We Are the Champions"" always plays after ""We Will Rock You"".",Playback_Issue
I don't know why my premium account is switched to free account....please advice....,Premium_Subscription
My facebook friends are not appearing in the spotify list. This is a bug I have been complaining in a long time. What can I do to fix it? I tried to clean the cache of all the devices connected plus I changed all the settings of the social networks.,App_Technical
Both my and accounts are hacked... what a great week I’m having 🤦🏽‍♂️🙄,Account_Security
". Please add a way to mark a playlist as never to be suggested again. Yes, it’s Sunday, but dudes not every one is Christian.",Feature_Request
hi I am trying to add a student discount to my premium account. I'm studying in France but have a UK account.is this an issue?,Family_Student_Plan
Um.hi yal charged me twice in the same month and i dont have 2 accounts logged in for premium with my card. So thanks for making me broke on my birthday wow.,Payment_Refund
should add direct music/playlist sharing among spotify users,Music_Content
"today I had to reactivate my Spotify + Hulu student discount and when I try to activate it on Hulu I'm getting the error message ""We’re having trouble authorizing your account with Spotify. Please contact Spotify support to help resolve this issue.""",Family_Student_Plan
Thanks. I understand the inherent idea of trying to match files to existing catalogue—it improves offline capability and it provides play data. But it’s 100% wrong when I have conflicting ID3 tags on my files.,Downloads_Offline
when you will fix the bug that doesn’t show any of your offline material when you are connected to a Wi-fi network that doesn’t have internet access?! So annoying,Downloads_Offline
you were the best app ever UNTIL.... you took away where you hold down and you can listen to a little of the song. Now idk what to really add to my playlists.. BRING IT BACK PLEASE!!!!!! #SpotifyMusic,Music_Content
also have you guys been using the app ? The shuffle problem was an old one and haven’t been resolved 🤷🏻‍♂️,Playback_Issue
"Im having such a difficult time linking my account back (after I let my premium run out and then resubscribed to premium) to Hulu with the student discount program, could you please help?",Family_Student_Plan
how come songs in my library will no longer be saved or downloaded? This happens at least once a month. Random songs will. I longer be available when I'm offline which is every day commuting,Downloads_Offline
do I need to terminate my premium membership to change to a family plan so I can get my wife on it too...I’m assuming there is a way to keep my library and playlists etc. can you let me know what I need to do?,Family_Student_Plan
"Please help. I'm being charged twice a month, but only have one account. How can I locate the second account that's charging to my visa? I've tried suggestions on your help page and am stumped.",Payment_Refund
"I paid for a premium family plan, all the other accounts are working but my account does not receive the premium features. My account username is sarimr_12. Please help with this issue.",Family_Student_Plan
"Hey, My spotify account got hacked and i was wondering if you could fix it.",Account_Security
"I️ want to cancel my premium subscription on my old account so I️ can get the student premium on my new account, if I️ can’t access my old accounts email what would I️ do?🤷🏿‍♂️",Family_Student_Plan
"received subscription payment failed notification despite card being valid. Tried updating using same card and with two other credit cards but always get same error ""seems your payment card provider is having a bad day"". I think actually spotify not working",Premium_Subscription
Please cancel my account immediately. I am unable to do so because my account has been hacked on my (oem) android and the email and password have changed. Dm has been sent with no reply yet. Thanks.,Account_Security
so why didn’t you guys tell me when my Student premium was running out so that I could “reverify”? Why did you just go straight to charging me more?,Family_Student_Plan
I can’t add my wife to family plan; I definitely consider her family. Did everything right but think your email’s link to tokenized page not working. I def know my credit card’s working. :),Family_Student_Plan
One of my family member got kicked out and cannot be added .. what to do ??,Family_Student_Plan
"Humble request for - add a feature that allows me to select a song, and see user created playlists that it belongs to. I feel like that'd be a perfect way to discover new music I would like.",Music_Content
"I'm trying to renew my student premium subscription, but I keep getting an error when I enter my information. Any ideas?",Family_Student_Plan
"Hey , would be great if you could increase the podcast selection in the app. Some recommendations are #DragonTalk and #CriticalRolePodcast. Also throw in some if you're feeling generous.",Feature_Request
Please help immediately. I have been hacked by another user and my email address has been changed and it no longer says I have an account. Tried emailing you twice. Need immediate help.,Account_Security
I got charged twice and my account still hasn't been updated to premium. What should I do?,Payment_Refund
I apologize for the confusion. I already have the web player downloaded. What I mean is there used to be add ons/apps within the app. One I recall was Pitchfork. I don't see them anymore. I'm trying to find ways to find music in other countries,Music_Content
come on. i’m a poor girl who just wants to listen to music offline :(,Downloads_Offline
yalls shuffle sucks. Same like 10 songs play first,Playback_Issue
"why don’t y’all make it so one friend adds you on Spotify and they control the music, so you can hear it in the party as well. Kinda like a call, but with music, you hear what they hear at the moment.",Music_Content
"can't log in to premium acct, only free. My free account email is __email__ but logging in with FB takes me to free account with email __email__. Tried to reset password but get ""function unavailable"". V angry no phone support. Help",Login_Issue
Someone hacked my Spotify and deleted all of my playlists... why would you do that to a person,Account_Security
my account was hacked apparently and the login won't recognize me - not sure what to do here I keep getting some strange messages from spotify - Help!!,Account_Security
Why has my app randomly deleted most of my offline albums and playlists?,Downloads_Offline
I'm looking to get the student discount but I already have an account with a different email. Do I have to create a new account or can I change my email to get the discount?,Family_Student_Plan
hey! My Spotify randomly stops playing music and it’s happening everytime I listen... :-(,Playback_Issue
"I need help setting up a student premium account, can you help please?",Family_Student_Plan
I think I got my account hacked,Account_Security
I have been charged twice 9.99 for I think the premium service but apparently nothing worked. I do no know how it is possible as there was a problem when I tried to pay,Payment_Refund
yo what happened to shuffle it doesnt shuffle properly,Playback_Issue
"While in the office is fun, my keeps pausing because someone else is using my account.",Account_Security
My band Dr. Strangelove just put our first single up (Wishing Well) on Spotify today and it is currently being listed under a rapper named Dr. Strangelove and says it is one of his songs. I'm looking for the best way to get our own Artist page. Can you please help!?,Music_Content
"Hi - I have premium subs but the iOS app keeps putting it into shuffle mode, I've reinstalled the app and manually take it out of shuffle mode but it goes back in after the next track, can you help? Thanks! :)",Playback_Issue
"I have problem with student premium. SheerID accepted my student id , I've checked on my card and the money was sent to you but the premium doesn't work. I log out and in many times, I've checked my good account and it still doesn't work. Can you help me?",Family_Student_Plan
. this is the second time someone has hacked into my account... what gives?,Account_Security
please add 10 Day & Acid Rap to your streaming services. Ty,Feature_Request
"Hey the artist app for Android i pretty broken, crashes when im trying to see my stats",App_Technical
"I didn't realize that I was paying monthly for Spotify Premium as I thought I was a member of a family premium plan, but turns out I was paying for my own Premium for no reason for a year now and I just realized today. Is there anything I can do to get a refund?",Payment_Refund
"someone hacked my account and I've lost my playlists, can I retrieve them?",Account_Security
"hi i was charged 99c twice for the 3 month deal when trying to activate premium but i’m still on ‘free’, have dm’d you",Payment_Refund
Hey - trying to upgrade to the family plan and getting this error message! Any idea what might be happening??,Family_Student_Plan
thank you for putting Dave Matthews live series back on Spotify,Music_Content
having problems trying to sign up w/student discount-my acct says free & yet my debit card has multiple charges-help please!,Family_Student_Plan
"hi ! My mom needs help. She's had her week's free trial, she's been charged twice (two months) for subscription, but her account hasn't upgraded and won't. A payment was made last week and her account is still not premium. Can you help?",Payment_Refund
"Hey, . . . So, it's 2017, and you guys have THE killer music-streaming app . . . So tell me how I can truly randomize a 300-song shuffle on a 300-song playlist on my mobile device? Come on. Impress me. I fucking DARE you.",Playback_Issue
can i make a playlist of albums that will shuffle the albums but not the songs on each album,Playback_Issue
Spotify ain't fuckin around. Midnight of the day your premium account expires you're not playing shit except on shuffle. A head's up to renew would've been nice though fellas... or however you identify,Playback_Issue
Dear - someone hacked my account so all my recs are related to what they listened to. Is there a way to fix this?,Account_Security
When I shuffle a playlist and I view the song queue it keeps showing the same 5 or 6 songs repeatedly instead of the other songs in the playlist. I'm on OnePlus One running Android 6.0.1 Marshmallow. (Also sometimes I can't add new songs to a playlist on iPad Pro iOS 11.1.2),Playback_Issue
wondering why you charged my card $30 plus my monthly payment of $10 when it should be $5 because I have student discount....,Family_Student_Plan
Got to love having my account hacked ...😑 some random person playing Swedish pop music is brilliant,Account_Security
Got a new iphone 8 and cant log in with FB. Spent two days trying and need help. Have read all message boards but error 404 not being solved. Already generated App password on FB. Help!!!!,Login_Issue
my music stops playing everytime I open Snapchat or get a notification! Using the newest version of Spotify on iPhone X! Help,Playback_Issue
"I just got the student premium and paid for it, but it hasn't updated and no invoice is on my account!!! why isn't it working",Family_Student_Plan
"my web player decides to work on it's on terms, it constantly won't load or won't play any music and it's really frustrating",Playback_Issue
"Also your inability to use a premium code to discount a family plan is a show stopper . You could charge the difference of family plan cost and one premium gift card (if present), but you don't, so I won't upgrade. So you get less money/month from me.",Family_Student_Plan
my student discount has been taken off my account and I have been charged £14.99 this month. Please help I’m still a student 😩,Family_Student_Plan
I've had my downloads removed twice before but this time I'm missing songs from my library,Downloads_Offline
", my dad sent me an invitation to a his family plan and it's not working. I received a code but it won't give me the option to enter it anywhere, what do I do?",Family_Student_Plan
I am having problems with my local devices and offline playlists,Downloads_Offline
please help every time I press shuffle my music just plays in the order it was saved in,Playback_Issue
", I’m having payment issues, I’ve been charged double for about 6 months now, I checked my subscriptions on my account and I only have the 1 so I’m not sure why I’m being charged twice every month.. who do I contact in regards to this?",Payment_Refund
"been hacked 3 times now, getting sick of it 🙄 what happens to security now a days ?",Account_Security
all of my downloads disappeared??,Downloads_Offline
I just purchased 3-months premium support and it's already charged on my credit card TWICE but my Spotify account is not premium yet,Payment_Refund
Really annoying when you push shuffle on your music library and just play the same artist back to back #FixIt,Playback_Issue
"I’m getting charged twice for my premium account, can you please provide assistance?",Payment_Refund
"My Spotify account on the phone app has now turned to a free account, when I have a premium? As well, I am unable to log onto my account on my desktop device? I do not know what has cause me to be logged out and suddenly changed to a free account",Premium_Subscription
", can you please fix your shuffle? 400+ songs in a playlist and it plays the same 50 songs any time I press shuffle. There's variety in a playlist for a reason lmfao",Playback_Issue
I just bought 3 months of spotify premium for $0.99 and cleared my cache and it says I have a free account...,Premium_Subscription
you should add a functionality: sort tracks by bpm. #asap,Feature_Request
just booted off my family plan for some reason this morning. I have resent invite multiple times. It says oops try again.,Family_Student_Plan
the new search function is worthless while in offline mode. How can I modify it to search for my songs by keyword?,Downloads_Offline
you need to fix your app right now. It keeps stopping on ads and wont play the next song even the ad is complete. I have to close down the app completely to play a song again.,Playback_Issue
Is there a reason why I can’t use twitter AND listen to my playlists 😤 every time I open the app it stops playing my music😡,Playback_Issue
"hey could you add a block button for artists and not seperate Kpop and western music, instead have it mixed in my daily mix please :)",Music_Content
"Hi, I signed up through UNiDAYS but I was still charged £9.99, why is this?",Family_Student_Plan
Hey I got kick out my family plan I don't know why. Can you please help me?,Family_Student_Plan
updating an expired card for a family plan. On the latest version of Chrome. OSX,Family_Student_Plan
why are entire albums that were just released on Spotify less than two weeks ago now suddenly saying they are unavailable? Same goes with others that have been on there for years that won't play now. Why even list them?,Playback_Issue
why can I only play music on your app on shuffle now without a subscription? Makes it almost impossible to use!,Playback_Issue
"Hi guys/girls, why does my shuffle almost always works terribly? When I add new tracks to a playlist (3600+ songs), these songs almost always appear in my shuffle. Besides from that I hear some tracks weekly and others rarely.. Why isn't there a real shuffle? Thanks",Playback_Issue
You seriously want me to give feedback on an update from 5 February 2016? :/ I'd rather learn from you how I can truly shuffle/randomise my plays..! I pay for your services and I want some serious advice please.,Playback_Issue
I understand I'm being stingy but isn't being unable to only press shuffle enough? Ads every 30 mins is extreme,Playback_Issue
What does this mean? I can't log in 😫,Login_Issue
I'm still waiting for a refund of unauthorized charges. Please respond. Thanks.,Payment_Refund
min kalo saya pake premium trs saya download offline nah setelah premium itu habis lagu offline nya kesimpen nggak ya min? atau bakal ilang ya?,Downloads_Offline
"hi I just got a reminder to update my billing info. It said offline music is a premium feature, which I've been paying for, however offline never works for me? Do you know how I can fix this? Thanks 😁",Downloads_Offline
"hi, i cant log in bcs of the country difference. I have changed it in my settings, but still stuck. I've sent you a DM. Can you help me?",Login_Issue
"MacOS 10.12.6 and no clue how to tell spotify version. Just started acting up now, and won't play this album at all.",Playback_Issue
Hi. Any way to turn off player’s auto search for a similar track to one available offline? Lots of errors in my playlists because a fault in this feature. Thanks.,Downloads_Offline
"I've been added to Family Plan, and I see it when I log on web page, but Spotify app still looks like I'm on Free account. I logged off and on, I also cleared data from app, and restarted the device. Help please :)",Family_Student_Plan
"Hi, I can't subscribe for Family plan, after fill in all info it come back to this page as can see in image attached, Thanks",Family_Student_Plan
hello.. I cannot accept the invitation to Family Plan. Please help!,Family_Student_Plan
"Help , the app just used all my monthly data allowance - even though I have Cellular switched off. Android bug? Have screenshots etc.",App_Technical
"- I'm trying to update my payment info for premium, but it'll only let me do so for the student discount, and keeps telling me I'm not a student. I know I'm not a student I just want spotify and i lost my old debit card plz help i am gonna die if it goes away",Family_Student_Plan
"Why have I been kicked off Spotify Premium Family, all of a sudden????? Not a payment problem - I paid!",Family_Student_Plan
shuffle play isn’t working via either the shuffle play button or shuffle on the song screen.,Playback_Issue
hi. Spotify premium keeps telling me I'm offline even when I'm logged into Wi-Fi. Is there an issue at the moment?,Downloads_Offline
"Two or three times over the last few months, my offline Spotify song database has disappeared, and I have to re-download all of my offline songs. I pay for premium to get those offline songs, and it is so so incredibly frustrating.",Downloads_Offline
"please help. My premium account is saying it will be charged full price next month, and I understand you no longer accept NUS cards- I am still a student but am unable to make a uni days accounts. How can I still get student discount?",Family_Student_Plan
"*installs Spotify for Artists android app* *opens app, selects artist* *app crashes* *tries again* *app crashes* *tries again* *app crashes* *uninstalls Spotify for Artists android app*",App_Technical
"Uninstalled, rebooted, reinstalled and now it appears stable. I can switch between artists (and have done many many times now) and its not crashed yet. So - sorted! Thanks.",App_Technical
I had to clear app data and cache to fix it. But just wanted to let you know about the bug.,App_Technical
"I updated the Android app while in (spotify) offline mode. After the update I got logged out, now I can't log back in because the app is still in offline mode...",Downloads_Offline
playback just started jumping all over and can't play anything. please help,Playback_Issue
I want to take advantage of your re-engagement offer (3 mo. for $9.99) but will want to upgrade to the family plan immediately after upgrading. How will that work for billing for those 3 mo.?,Family_Student_Plan
Unable to connect to my account site 504 gateway time-out. Also someone else is using my account. Is this in your end?,Account_Security
i was charged for regular premium even tho i should get the student discount and it looks like im on both pls..help,Family_Student_Plan
I updated my subscription and credit card got charged but my premium subscription still paused. can you help?,Payment_Refund
I have a Spotify premium family account and the account only lets one person listen at a time? There are 3 of us and only one of us can listen at any one time,Family_Student_Plan
"I can't take a screenshot because the app doesn't allow screenshots. Clearing data and cache fixes the problem, but it is annoying to have to redownload all the offline music after every update.",Downloads_Offline
1. You sent me an email saying i cancelled my subscription 2. you charged me double this month 3. ive been logged out of my account 4. i cannot get back in and resetting my password is not working - and now im getting a 503 error when i try to reset my password agai,Premium_Subscription
I am trying to add a family member to my plan. I am unable to do this. The link to do this is not working. Please help me.,Family_Student_Plan
I am not able to reset my password and can't contact any one bc I can't log in...,Login_Issue
Signed up for the 3 months for £9.99 deal and I’ve been charged twice and on the website it says my plan will renew next month.,Payment_Refund
"My credit card info was stolen, and used on in September & again in October, still no refund, no customer service number to call. If you use Spotify, beware if you ever have fraud, no one to talk to. I’ve never had a Spotify account.",Payment_Refund
why am I double charged two separate amounts on the same day?,Payment_Refund
I am unbelievably disappointed in your customer service. I have spent 3 hours trying to figure out why it won't let me make a family plan and all I have learned is that there is no phone number I can call. #mightbetimetoswitch,Family_Student_Plan
you should add a Recently Played Songs feature because you don’t know how many times I hear a song I like but can’t find it again.,Music_Content
"Having trouble subscribing to S-Premium. The PayPal option loops back to the beginning. I kept getting nowhere and used my CC directly. My CC was charged but did not receive a confirmation, neither did my account show Premium status.",Payment_Refund
"Hey, looking to join in a family plan, Ireland. Can I pay all in one go rather than monthly??",Family_Student_Plan
"My son currently has premium, I'd like to change that to the family plan, what are the steps to do that? Thanks!",Family_Student_Plan
my account got charged twice in 5 mins... whyyyy?,Payment_Refund
"Hi, I'd like to use Premium Family but my other family members don't live in my house :( is there anything you can do?",Family_Student_Plan
Help! My account was hacked and all my playlists are gone!!,Account_Security
shes harassing me thru my damn spotify. can u plz help me change my password i cant remember it and its registered thru an old email address... i cant even listen to my music w/out her changing every song to some sappy breakup song. help!!!,Music_Content
"Hey I have been getting charged for 3 accounts for a LONG time and due to my wife usually managing our bank info, I just realized it now! I have done what I can so far, PLEASE HELP and I would love to get a refund!",Payment_Refund
"Hey , how come I can add songs to a shared playlist using the iOS app but can’t see the shared playlist at all when I go to add a song on the web app for Chrome browser?",Music_Content
I used PayPal and still have no premium :(,Premium_Subscription
"hi, i'm getting charged $9.99 2x a month when i have one account and the student discount",Family_Student_Plan
My premium account is not working again yet...,Premium_Subscription
are there problems accessing ? keep getting a 504 gateway timeout error no matter what device / web browser I use. The app itself is working ok but just upgraded to family plan today and want to add my wife on it,Family_Student_Plan
I have been charged my student discount amount but I still don't have premium?,Payment_Refund
I am wondering why I can't play this album..,Playback_Issue
"Hey why when I shuffle my whole library, do I only get stuff I’ve listened to recently? All filters off, etc.",Playback_Issue
Hey what’s going on with my Family plan?,Family_Student_Plan
I got charged for the student premium out of my account for 4.99 but realized I’m not eligible and it won’t let me register. I’d like my money back,Family_Student_Plan
my family plan isn’t working right now,Family_Student_Plan
"Nope. Still no Premium Family Account, all members are thrown back to Free Account.",Family_Student_Plan
"Hello, my account got hacked recently. Could you please send a reply/help too ""__email__"" thank you!",Account_Security
why cant I register to our family plan?,Family_Student_Plan
Can i get the student discount if i already pay for normal premium???,Family_Student_Plan
I've cancelled my account because I was double charged every month. And guess what? You charge me incorrectly again. I've have a new CC number and still I'm charged to one that does not exist. I'll suit you!,Payment_Refund
put their music on Spotify already damn please,Music_Content
Is there a deal if you go premium family?,Family_Student_Plan
"Will Spotify Hi-Fi plan released in Indonesia? and please add another payment method for Family Plan, because not much family in Indonesia using credit card. :) I'm Premium since August 2016 and i'm fight against song piracy. #FightPiracy",Family_Student_Plan
"I can't get my son signed in our family plan. I filled out the confirmation info, but the submit button does not highlight?",Family_Student_Plan
Hey Spotify I'm having some issues with a family plan. Recently my mom had to get a new debit card and had to set up a new plan. When she tries to add my account to the plan is says that there is a problem. Would you be able to help me out?,Family_Student_Plan
"Why is it when I shuffle a playlist with over 800 songs, I only seem to hear the same 20-30 songs over and over???",Playback_Issue
how do I turn explicit content of on my child's account. We have a family plan. Can I do it from my account because I set it up?,Family_Student_Plan
can't access my Student Discount but i already Charge a payment to my account..,Family_Student_Plan
", my FB account was hacked. And my Spotify account was logged in through FB. How am I supposed to cancel my subscription and start a new one, when I can’t access the account for logging in to me Spotify account. ?? Please help!!!!! 🤯 !!!!!!",Account_Security
Does this applies to Family plan?,Family_Student_Plan
"Yeah. Playlists seem unaffected, just albums vanish from offline. On version 8.4.28.875 armV7",Downloads_Offline
I'm a student! and you charged me twice in a month! you're site isn't very helpful! I got charged on the 10 and today!!,Payment_Refund
"Samsung galaxy s6, with andriod operating system. Its happening on wifi, data, and offline.",Downloads_Offline
. I️ think that there should be an option to stay in the app or window and watch the add for an hour of ad free music!,Music_Content
How to add an account to a new phone as part of family plan?,Family_Student_Plan
"Hi, my account has been hacked - email address and password changed. I need to revert this back ASAP. I received the email about the change 1 hour ago",Account_Security
"hello, may I please get a refund? I cancelled your services and never meant for a premium subscription, thank you!",Payment_Refund
hi i have a problem with my family plan,Family_Student_Plan
trying 2 accept family invite and it keeps saying undefined whoops something went wrong try again. Need assistance. Almost legally blind n it keeps asking on robot to see signs on roads in pictures which I can’t.,Family_Student_Plan
I get hacked. Follow your lame “help” feature that doesn’t actually help. Takes hours to resolve. Lose all of my playlists and albums and remaining paid days in my cycle and no reply from you. See if is available. Would make more sense. 🙄,Account_Security
I have a premium account that I can't listen to! My login defaults to my facebook account which was a free account. I need to disassociate my FB account from my Spotify account. Can you assist?,Premium_Subscription
hi Spotify you've sent this link in an email to me to contact you so I'd thought I'd drop you a line. My premium account has been hacked and your customer service is nothing short of atrocious. I hope your night is going better than mine.,Account_Security
"Not all the songs in my playlists are downloading for offline use on my mac. Reinstalled, no change. Any ideas?",Downloads_Offline
"can I not get Spotify premium with NUS student discount? It only directs me to UniDays which I don’t have, I only have NUS? Thanks",Family_Student_Plan
"hello, just paid for premium and it's not working. Payment has been taken, and I've logged out and back in again. Can you pls help? Thanks",Premium_Subscription
"Hi, wondering if you can tell me why all my downloaded albums and playlists stop being available offline when I haven't listened for awhile? Thanks.",Downloads_Offline
"Hey my boyfriend is trying to redeem his invite to our premium family but can't, any idea why ?",Family_Student_Plan
"My Spotify has been accessed by someone. Music randomly stops playing or starts playing music I have not heard off. There is also music in my ""recently played"" that I haven't. I've changed my password 3 times and clicked ""Sign Out Everywhere"". Still not helped.",Playback_Issue
Help ! My account was hacked and the hacker changed my email so I can't reset my password. My credit card is saved in the system and I'm being charged :'(,Account_Security
excuse me but I didn’t receive my student discount for this month’s payment,Family_Student_Plan
check ticket Spotify _00DD0pxIW._500571cSVAQ and _00DD0pxIW._500571atMKV spend two minutes and look at my Facebook post - If I was the CEO I would invest in proper support and security. 1m and half and still no idea how my account got hacked.,Account_Security
"hey so a while back i tweeted about Spotify premium not transferring over local files to my iPhone SO I changed the WiFi I was using on both devices, uninstalled on both, logged out on both etc. But still not working???",Premium_Subscription
"can someone please get a hold of me,,,,, i need a refund and cancel, i have email and tweeted your spotifycare and get no response",Payment_Refund
"hi, i don’t have cc to get the student discount. Is there any payment options?",Family_Student_Plan
"I created a playlist, didn't download it for offline use but now my app size is over 3gb. What am I doing wrong? Please help as this is putting me off spotify!",Downloads_Offline
Aww damn I just realized I can't play my heavily curated Christmas playlist on the tv because you murdered the app. Thanks a ton.,Playback_Issue
"hi, Spotify premium not working even though I've paid for subscription?",Premium_Subscription
"with three kids under 10 we have the family plan and each kid has their own acct... tryin to protect their young ears from #explicit content... Neat, there’s a Stranger Things Mode setting... who’s prioritizing the product backlog? #help #doItForTheKids",Family_Student_Plan
I am locked Out of my Facebook account and can't log in to my spotify account. Can someone please help me cancel my subscription And apply for a new account with a new email?,Login_Issue
Two questions: do you have to have premium to turn off shuffle play? And can one subscription work on different devices i.e share,Playback_Issue
"The acoustic version of ""Hands Down"" by Dashboard Confessional won't play for me on . This is a travesty!",Playback_Issue
my app is not working,App_Technical
It is due of one of my family member couldn't fill my complete address when he got invitation mail to apply Premium Family. Forgive me for my bad English. Thank you. My registered email is __email__,Family_Student_Plan
shuffle is broken. on playlists the app will play 10-20 songs off the same two albums if possible then switches to two other albums. doesn’t feel random at all when a large playlist with dozens of albums only shuffles through 2 at a time.,Playback_Issue
"Hi I have an issue with the desktop app for Windows on my laptop: I can't download any new songs to listen offline, the toggle says 'waiting for connection' constantly",Downloads_Offline
hello! I'm subscribed to student premium but somehow it's charging me without the discount? (Its been 2 months),Family_Student_Plan
"Ok , it’s 2017, can you PLEASE do a less shitty job when it comes to shuffle. The reason I use shuffle is to randomize songs. Not to organize my playlist by artist/album 🤦‍♀️",Playback_Issue
I have a family plan but when another registered user wants to listen my account pauses and said someone is using my account somewhere else. I also would love to change my account username to something other than a bunch of numbers,Family_Student_Plan
We need help. My brother paid his premium subscription using his globe prepaid. He has been charged twice but he's still on free mode. Can you help?,Payment_Refund
You mf trying to hack my account. Back the f*ck off.,Account_Security
is there a phone number where I can speak to someone please ? you have taken my monthly subscription but I cannot log in !!!,Login_Issue
they’re still there but all my downloads were deleted and the albums saved have half the songs missing now,Music_Content
"Hey, I was charged £4.99 yesterday for my premium subscription, but today got added to my family plan. Can I get the £4.99 refunded?",Family_Student_Plan
", what is this Spotiamb 0.2.1? Randomly my music stops, other music starts and plays via this device(?!). What can I do to stop it?",Playback_Issue
"The past month or two has been an absolutely horrific user experience. Why is the platform degrading—getting more buggy? Patch your bugs or I'm gone. In the meantime, I'll take a two month refund/credit.",Payment_Refund
is there a promo if you go premium family?,Family_Student_Plan
When I shuffle a large (1000+ songs) playlist on my Sonos One it literally only ever plays the first 100 songs. All other clients ok. This list: Never plays anything past Frightened Rabbit. What's that about? Known bug?,Playback_Issue
- Listening to music and stuff like this keeps coming up and stopping my music and then playing different songs! It’s like someone else is on my account! What can I do? I’ve already reset my password before and hasn’t worked?,Account_Security
"Thanks for adding the ❤️ and 🚫 buttons, . I just ❤️ed that song w/ the kazoo as its lead instrument. =)",Music_Content
hey can we get a blocker so predators don't come up on shuffle/radio? (fu brand new),Playback_Issue
"I can't login, and it's saying CSRF token is invalid when I try and reset my password? What's happening! #help please DM me.",Login_Issue
"For some reason, I can't log in, even though I typed in the correct username and password.",Login_Issue
Hi Having issues with albums that have been downloaded to listen offline. On numerous occasions now ALL my downloaded albums have been removed. All downloaded playlists remain but not albums. This is V annoying as I listen on the go and have to re-download again,Downloads_Offline
"I'm a student and I've been charged £10 since September for my subscription, who can I contact for a refund and to renew my student account?",Payment_Refund
hey i have exhausted the jazz vibes playlist. i know every of the 170 songs down to the note. please add additional songs to the jazz vibes playlist. i know about playlist radio and it is not the same,Feature_Request
my spotify got hacked again?! plz help,Account_Security
"Using Ubuntu app. It's always kept me logged in. This morning it's asking me to log in. I click ""login with facebook"" and after entering fb login info it says ""sorry something went wrong"" and I can't login. #help",Login_Issue
Hi . I just noticed that I all of a sudden am on the premium family subscription? How? it might have something to do with the fact that my account was being streamed from an unfamiliar device earlier this month. Can u switch me back to 9.99/mo,Family_Student_Plan
Yea it's the newest update on my Samsung S7 Edge. Even with songs I have saved offline it'll cut out while it's playing 🤦🏾,Downloads_Offline
Im on a pre-paid single plan through June 2018. I want to convert to a Family Plan. How do I do it? Anyway to put the pre-paid account $$ towards my new family plan?,Family_Student_Plan
"yo could you all improve your shuffle feature, like add an accumulator so that each time a song doesn't play it increases its chance of playing next? I have 1300+ songs in my library but feel like I have a similar cluster of songs come up everytime listen :(",Playback_Issue
"hi Spotify isn't working on my dell computer. at the top in a blue ribbon it says ""can't play current song"" but it's working on my iphone app. what gives?",Playback_Issue
I got a Spotify account as a result of my mobile phone plan. I am interested in signing up for the Premium family plan. What is the easiest way to do this?,Family_Student_Plan
"Dear ! As a fresh father and bi #Spotify fan, may I ask you to add some #real #chillout #music for my #newborn #baby like the following: #ThankYou #Chillout #Relax #HairDryer",Music_Content
"I don't understand why shuffle is a prominent option, especially on full albums. I don't want to shuffle an album, I want to listen to it in order.",Playback_Issue
"Hey ! Can't log in. Can't request a new password because (My email address) ""doesn't exist"". Can't set up a new account because (my email address) is ""already taken."" Can't request help via the website because I need to be logged in. Great customer service, there, guys!!!",Login_Issue
I was listening to music all of a sudden I connected to a device I've never seen before and the songs are changing live on my phone app. Is my account compromised?,Account_Security
"My app hasn't crashed at all, but it seems as though it plays 2 songs and another ad plays. It frequently does this.",App_Technical
""" Enjoy 30 minutes of add free music """,Music_Content
"Hi Spotify, my account has been hacked and I can't change my password. Please can you help!",Account_Security
"Does anyone else the issue with , where about once a month, your entire offline library gets randomly deleted from your phone?",Downloads_Offline
"I can't select my #Sonos speaker (Office) in the ""Devices Available"" menu and can't play #Spotify to it anymore since Sonos removed Spotify from their music services menu. What do I do? [MacOS 10.11.6, Spotify 1.0.68.407.g6864aaaf Sonos 8.2.1]",Playback_Issue
Could you please put Acidrap by Chance the rapper on spotify,Music_Content
"Like a whole bunch of other people, I can't add a new member (my wife) to my family plan. Gone through the help, checked the blogs, the invite goes to my wife's email, supplies the code, but there's no place in the app or the website to enter that code. Help!",Family_Student_Plan
Had my account hacked this morning. They don’t seem to have done anything other than listen to Linkin Park though for some reason. #badtaste,Account_Security
"The song is called ""Bit Part"" by The Lemonheads, not ""Big Part"". Also, Spotify's shuffle function is the worst.",Playback_Issue
"I usually play the albums on shuffle so not sure, but I've only recently started having this problem. Normally even after all the songs have shuffled through, the album just replays.",Playback_Issue
my Spotify username has stolen by someone. Somebody hacked my account and I can't access it. Please help me to get it back.,Account_Security
I have just paid for the premium but still gives me the free subscription,Premium_Subscription
hey I have a I'm under a family plan and I ended up paying for the month plan by acsident so we have payed 2x for the same account we just wondering if there's anything that can be done to help this situation,Family_Student_Plan
My family members aren't receiving the Spotify Family invite emails. Please help?,Family_Student_Plan
hey I’m using the free trial right now because I’m considering subscribing. The suscription says that we can play music offline. Does this feature not work with the free trial or at all?,Downloads_Offline
is there a way to know if I’m adding a duplicate song within a folder of music?,Music_Content
Someone hacked my Spotify account of 5+ years and replaced all my saved songs with Dutch grime and xxxtentacion songs...uhmmm help?,Account_Security
"I want to invite my wife to family plan but Something is wrong with the address, I need to see my address",Family_Student_Plan
Why am I paying $10 a month for and not able to get the student discount 🙃,Family_Student_Plan
"i was just looking at my bank statement n realized you guys have been charging me for spotify premium for over 2 years, whenever i havent used it in 3 years. My card info for u guys expired in 2015 and u still have been charging me. I want answers",Premium_Subscription
"Hi there! I’ve been on the family plan but I have been charged an extra 10$ a month just for me. I cancelled my last plan, but it’s still charging. How can I fix this?",Family_Student_Plan
Thanks for helping. I have received a refund in less time comsuming than I thought. Did satisfactorily wise actions.,Payment_Refund
"The app has been frustrating me a lot lately. First it took away the ability to skip, pause/play, back track a long from my lock screen or a widget, now shuffle only goes through three characters. And I see no way to fix this.",Playback_Issue
"Hey! So I have an update! So after a second uninstall and reinstall theres some progress. As far as the widget goes, it's back working like normal. However, the shuffle is still very weird. Example of a song starts with A it'll only go through A-C and back around.",Playback_Issue
"Also, on that acc I've been getting random Spanish music randomly put on, so somebody must have hacked it",Account_Security
"The Android version is 7.0, & this is happening off Wi-Fi, however, I haven't tried my 4G with the app since the issue started occurring. I should add that it seems to be pausing/skipping songs when I have my phone locked, more so than when I have my device unlocked.",Feature_Request
do you know what shuffle means cuz i’m listening to a playlist with 100+ songs and i got 4 neck deep songs in a row,Playback_Issue
How do I retrieve my email used for my account? I can't remember which I used and can't log in,Login_Issue
"my student discount wasn't applied for this month so I got charged the regular price, any way to fix it back to normal and remove the extra charge or get the next month free?",Family_Student_Plan
can y’all put Beyoncé’s lemonade album on Spotify already 🤦🏻‍♀️,Music_Content
can you PLEASE add 's Bastard and Goblin mixtapes??? Pleaaasseeeeeeee,Feature_Request
I don't have an account but am being charged monthly on credit card. I've cancelled the card twice now and my CC bank has been unable to stop the recurring payments. How do I stop these payments? I've never had a spotify account and you don't have a phone # to call,Payment_Refund
"hi there! Can u help me? I sent an invitation to my friend for Family plan and he put same home address, but it said error msg. We tried a couple times now since he already has an a/c. I looked thru FaQs and followed the steps. It still doesn't work. Pls advise.",Family_Student_Plan
"I couldn't log into my account so I reset my password. All my playlists/saved songs are gone and replaced with some French music. I don't speak French. Some French person hacked my account. How do you say ""fucker"" in French? Anyways, your app is still clutch.",Account_Security
"the app is bugging me for about last month - on both iPad/iPhone it stops playing before going to next song at random (mostly with recently added to playlist, but not all). I've already even uninstalled the app, didn't help - any update on this to be released? 🙁",Playback_Issue
"It stops between tracks (sometimes even Shuffle Play won’t start) - but only before certain ones (as I said, most of them are recently added to playlists). Autoplay is enabled on all devices.",Playback_Issue
I got charged for student premium check my account and subscription is still free,Family_Student_Plan
I bought premium student today and you guys charged me didn't but change my account status to premium,Payment_Refund
But yet Spotify can’t email me back when my account gets hacked🤔,Account_Security
I can’t log in to my account on my phone. Please can you help. Trying to log in with Facebook and it say cannot log in with Facebook 🤔 it was fine yesterday... don’t know why I am logged out,Login_Issue
should publish a “Shuffle All” feature that shuffles all of Your Daily Mixes,Playback_Issue
Can add lil peeps music so my premium is worth or nah?,Music_Content
"Is your restriction about Premium for Family's members having to reside at the same address likely to change? Or should I opt for Google Play Music sub instead, where family members have to reside in the same country?",Music_Content
trying to set up an account for a family member but keep getting error 600... Help pls!,Family_Student_Plan
Fire came in on shuffle after Not Today on Spotify. Love it ❤💥,Playback_Issue
. Please could you help? None of my music will play and it’s set to “offline” I listen to my music on the go all the time and have never had this problem. It’s just stopped becoming available. Has my music just...un-downloaded itself? 😞,Downloads_Offline
"I created a Spotify account and have started paying for the premium package. However, I have forgotten my username and password and are unable to log in. I was wondering how I can cancel my payments? I can provide my bank details to possibly link it to my account",Login_Issue
"Hello, are you able to help me? I’ve just cancelled my subscription but would like to know if I can get a refund.",Payment_Refund
Can i avail this on top of my premium subscription? Mine will expire on march 2018 i guess 😞,Premium_Subscription
"i have been upgraded to family membership, but didn't ask for it. I have downgraded myself, but how can i get a refund please?",Payment_Refund
Does streaming still count if it's offline??,Downloads_Offline
having trouble setting up Premium Family. All invites say the code is invalid. Any thoughts on how to make the account work?,Family_Student_Plan
hi! I live in Puerto Rico and just now have access to the internet. I just my bank account and saw that i was charged twice this month?? Help! 😕,Payment_Refund
"Folks, trying to agree to a family plan.",Family_Student_Plan
Please fix the issue where offline music is randomly deleted. It's a big problem whilst travelling.,Downloads_Offline
the 99p offer wasn't even an option and ive just paid £9 more than i even should have can i have a refund please,Payment_Refund
. can you make shuffle stop sucking? thanks boo 😗,Playback_Issue
"Dear If I'm shuffle playing from the Veggie Tales artist page, that should be a clue that I don't want music with explicit lyrics.",Playback_Issue
Can we unsubscribe then subscribe again? 😂 I am currently paying for a Family Plan. :/,Family_Student_Plan
"is it possible that after upgrading Android to 8.0, the Spotify app forgot my login credentials, but remembered that the app was in offline mode? I could only login after removing all data for the app. I tried removing cache but that didn't work.",Downloads_Offline
I have the Student discount. I wanted to update my payment method but it shows the full price of 9.99. What should I do?,Family_Student_Plan
"Hi. Can you guys check the music missed on INNA's album ""Party Never Ends""? I think 2 songs are missing from this album, ""Boom Boom"" and ""Energy""",Music_Content
". Hi there, somebody with a taste for what can only be described as Spanish RnB has hacked my account without my consent. How do I sign my account out from all devices? Thank you in advance",Account_Security
Sooo I just made a spot if account and tried to get the 3 months for .99 and it charged me.. then said I already used Spotify premium when I just made the account but took the money off card and no premium,Payment_Refund
credit card hacked called you and reported Oct 23 still charging my card need support chatted w/ Mark R,Account_Security
hi I have a problem accessing my Spotify as I have a new phone and am unable to log in as I can't access my old email address. Any help appreciated thanks,Login_Issue
Yo ive been on the student discount but my last charge was 9.99 whats the deal?,Family_Student_Plan
For some reason I am being charged $9.99 a month even though I've had the student discount this whole year. I renewed the student discount a few months ago because I am still enrolled at UF. Can i be refunded the $9.99 charge so I am only charged $4.99 instead?,Family_Student_Plan
"Upgraded my account to the family plan and now my account doesn't work....I've logged out, refreshed and keep seeing the pink ""Oops something went wrong"" banner. Now I'm starting to wonder if I made the right decision here",Family_Student_Plan
Hey there! Would love it if you could add my music to Acoustic Concentration or a similar playlist. Love getting my music onto new playlists.,Music_Content
I'd really like to see you guys add a feature where you can turn on a filter that shows the doubles of songs on a playlist,Feature_Request
"Hey, can you put ""Karnivool - Roquefort"" without the horns on Spotify? I would appreciate it 😀",Music_Content
account was hacked and resolved but all my playlists are gone.,Account_Security
"Great customer service!👍 if there’s any way you can let your product teams know the new play view, such as on Spotify’s ‘mint’ playlist, is awesome... please add the option for this across the app! 😉",Feature_Request
you wanna explain why I’m paying $9.99 a month for this? Also your desktop app crashes frequently,App_Technical
Do you guys have a blog or something where I can find an explanation of how your shuffle algorithm works?,Playback_Issue
is the app down? Not working for me.,App_Technical
I'm not happy. I can't play one of my favorite songs when it's clearly on Spotify. Is it because I'm UK? I'm pretty sure that's not fair... #Spotify #HelpMe,Playback_Issue
Atleast the offline mode still works lmao,Downloads_Offline
Can i get a refund on my premium that i just started??,Payment_Refund
"Yeah, continually saying I'm offline, or just saying error whenever I try to load a page",Downloads_Offline
I’m trying to update my account to student as I have NUS extra card but every time I click on it I’m taken to unidays page which I don’t have. Can you help please…,Family_Student_Plan
I've picked up on shuffle algorithm and I just want it to be genuinely random. Can you turn off your algorithm for me? Thanks,Playback_Issue
"hi, do you happen to have any input on whether you'll put End Game (from Taylor Swift's reputation) on Spotify seperately from the album when it gets released as a single?",Music_Content
would there be any possibility that you guys could put the Japanese‘WAKE UP’ aBlum by BTS on Spotify! I’d love that so much 💗💗,Music_Content
Can you pretty please with a cherry on top put Hectic - Blake on Spotify? 😗😗😗😀😀😀😀😃😃😃🤞🤞,Music_Content
It seems like a lot of people are reporting issues I cannot play music via web browser or mobile device (ios).,Playback_Issue
I think your web player is down. My web player won't play any music.,Playback_Issue
"hi, just to let yous know that the search bar isn’t working, also i pay for premium and my offline music keeps getting deleted everytime I open the app. Not so good.",Downloads_Offline
someone hacked my account and changed my email address... I sent an email and still haven’t heard back!!,Account_Security
care to find out why the app is not working?!!!! 2 days in a row now!,App_Technical
Is your service currently offline?,Downloads_Offline
hi my acct was hacked and email changed w/o permission - I've emailed y'all but was wondering what the turnaround on fixing this is like?,Account_Security
someone hacked into my account...,Account_Security
"App not working on iPhone. “Error occurred Try Again” message appears. Tried hard reset, delete and reinstalling app. Restarting router. Same issue.",App_Technical
"iOS app not working. iPhone 7, latest update. When ever I try to do anything I get they below screen shot. Tried reinstalling and restarting, but no dice. My library is the only part that works. Help!",App_Technical
Dear it appears that #spotify is not working or is down. Please help.,App_Technical
slightly annoyed that I pay for your service to listen to music offline and in my car. But 75% of the time it won’t let me log in?,Downloads_Offline
"what’s going on with the tunes, guys? App is not working.",App_Technical
literally have more problems with your app than any other app on my phone. At least once a week the whole thing crashes and I either need to close down the app or completely delete it and re-download it,App_Technical
We just switched over from apple music to spotify. We have a Premium Family account. I have tried to block explicit content (obviously we have young children - being a FAMILY account...) but can't seem to find a way to do it. Can you please help??,Family_Student_Plan
Anyone else’s app totally not working? I get an error message whenever I try to search or play a non-downloaded song. 😫⁉️,App_Technical
"hello i have problems with my familiar premium plan, my family members just can't login.",Login_Issue
I would be super stoked about this if didn’t have that asinine 10k songs limit per account. Currently tossing songs from Discover Weekly into a catch all playlist is my only workaround for sporadically having a lot of music available offline vs downloading full albums,Downloads_Offline
"Getting error message ""Can't play song"" for everything. Tried all the step in the troubleshooting website. Any advice?",Playback_Issue
Is it just me or the app is not working?🙃,App_Technical
hi is adding song is not available for spotify in malaysia?,Music_Content
On iOS 11. Can you add a setting that you can turn off videos please. I don’t need MTV or YouTube just streaming mp3 music.,Music_Content
any progress on getting velvet album back? I sure am missing listening to that album. There are also one or two songs from various other artists that are unavailable as well. What’s the deal?,Music_Content
it says not available in offline mode ... its never done this before,Downloads_Offline
"Also, I have a persistent issue with the offline songs for my singular devicr for Android. Cache acting up again, need to re-sync all he whole 900+ songs that I have which is a total pain. Everybody has had this issue and you know it.",Downloads_Offline
Spotify is taking out 4.99 out of my account for the student discount. What I didn’t realize is that I had to be in college so I exited out of the webpage. My Spotify still says my subscription is free but I was charged $4.99 yesterday?,Family_Student_Plan
"There really needs to be feature where you can add a specific part of a song, rather than the whole song, to a playlist.",Music_Content
Hey fix your dumb shuffle algorithm...I'm sick of hearing the same four artists over and over,Playback_Issue
Help. Tried again this morning. still failed. im trying to purchase premium family here.,Family_Student_Plan
"Help , our account has been hacked. The email has been replaced by an unknown person's and we can't log in. What do we do?",Account_Security
"I'm having some issues these last few days/weeks, when I'm listening an album some songs don't seem to be available, instead of the duration of those songs I get 'NaN' and the music stops playing when reaching a song like that.",Playback_Issue
I was charged for Spotify premium but I still don't have Spotify premium,Payment_Refund
can I pretty pretty please with sugar on top be allowed to download more songs offline? The cap is too little!,Downloads_Offline
I deleted My fb account. Now I can't login into Spotify. I have Spotify premium... Please help!,Login_Issue
"my music is repeatedly being undownloaded or refusing to show up in android. I have cleared caches, reinstalled, managed offline devices and it happens repeatedly - please advise.",Downloads_Offline
"If you download tracks for offline listening, does that download include Genius’ Behind The Lyrics or does that still use mobile data/WiFi? Thanks in advance. x",Downloads_Offline
I’ve updated my payment for my premium & it’s not working :(,Premium_Subscription
Ffs why must you make all my downloaded songs offline again? I've always suspected that it was an issue with my SD card when I was using my old phone (Or any other issues with my old phone) but now that I got a new one without an SD card it still occurs.,Downloads_Offline
"Booo. I resubscribed and everything is gone. That's so annoying. Still, not as bad as what Spotify did to me with their absolutely horrendous customer service when I got hacked.",Account_Security
the last version of Spotify on IPhone crashes often. It is getting annoying. When will there be an update with bug fixes?,App_Technical
"ok 20 msgs, 10 customer serv reps, 6 weeks later, you still havent taken care of my hacked account nor successfully transfer my hacked account to my new account like you promised, includ. my Premium membership. You’d think you’d want to take my money at the very least",Account_Security
"Hi, why isn't it possible for dutch students to buy a student premium account with iDeal or PayPal? Credid Cards aren't that common in the Netherlands, especially with students. Other premium packages do have iDeal and PayPal methods. :(",Family_Student_Plan
Hey ! I get my money back ! But I have another problem :/ I wanted to pay again for Premium with student discount but I can't ! It is written that your card couldn't be used .What should I do ? I'll be grateful for answer ;),Family_Student_Plan
"Hey, I can not join to a premium for family plan, every time I try to accept an invitation, i got an error. Could somebody please help?",Family_Student_Plan
WHY DOES MY APP KEEP CRASHING,App_Technical
Why can I only pay with creditcard If instant student premium. I’m not Going to get a creditcard just for spotify.... (the netherlands),Family_Student_Plan
"you fixed it very quick but my some of my new playsist aren't always showing up since my account was hacked, they are their but they take some time to show up.",Account_Security
"Is it just me or is glitching a lot lately? Whether car Bluetooth, WiFi, , or it just stops playing randomly 😳🤦‍♀️",Playback_Issue
why won't my invite to a premium family account work?,Family_Student_Plan
stop charging me! Account cancelled months ago! How do I get a refund?,Payment_Refund
I am paying for a family premium subscription for my family and I'm the only family member who can't access spotify from my phone. Is it because they're on apple and I'm on Samsung? Very frustrated.,Family_Student_Plan
Hi I got charged this month for Spotify but when I use Spotify on my phone or laptop it says that I haven’t paid for premium this month? I’m confused,Payment_Refund
"can you add the song ""push it to the limit"" by Paul Engemann again?",Music_Content
"Hey , would you guys be able to re-add the song ""Christmas Is"" to ""The Best of Johnny Maestro"" album? The album is almost full, but that song isn't available, and it used to be. Kinda defeats my ""Christmas Is..."" playlist, lol. Thank you!",Music_Content
"Hi, accidentally rolled over premium contract - not used at all yet (rolled over 2 days ago) can I get a refund?",Payment_Refund
hello I need support help. I can't login get this error message everytime I try forgot my password. I also can't email support unless I am logged in...makes no sense. Please help.,Login_Issue
"please add Jin's ""Mekakucity Records"". You only have ""Mekakucity Days"" available, the 1st part of Kagepro.",Feature_Request
HI PLEASE ADD JACKSON WANG'S NEW SONG TO A PLAYLIST THANK YOU #JacksonWangOKAY,Music_Content
Why am now being charged full price when I had student discount and i am still a student and when i go to avail of it again it tells me its unavailable in my region. Btw i haven't moved.,Family_Student_Plan
i have family premium with one address. however i seemed not to be able to log in with another invitation i sent my additional email addresses so I can have different music playing at work and at home. password reset link is not valid... about to drop premium!! t,Music_Content
"Hey I can't log in on my computer. Keep getting a message that there's no internet connection, but I'm connected to both my wifi and a VPN. What gives?",Login_Issue
stop canceling my student discount without notifying me jesus christ!!!,Family_Student_Plan
hey guys! I have a problem with my payments. I got charged twice on my card this month. The first pic is the monthly card bill. The second pic is the receipts. The extra payment is on the 9th of November.,Payment_Refund
Hay why Princess Leia's theme isn't in the best of star wars playlist but you have Jabba Flow and not one but two of the Cantina Band songs. Please add Leia's Theme it's such a great SW/John Williams song.,Music_Content
I can't login to cancel my subscription (fb account I used to login was deleted). Can you help?,Login_Issue
Can my kids use Spotify on their tablets as part of family plan? They are under 12,Family_Student_Plan
I have purchases made without my approval coming from your website which has caused my credit card account to be hacked. Fix this ASAP this is not ok!!!!!!,Account_Security
I have an idea for you guys: develop a special version of shuffle to be used on party playlists where we can ‘save for later’ songs the guests need to be more drunk for,Playback_Issue
"every time I open spotify web player in chrome, I can't play anything. I click the play button on a playlist or song, and no action is taken. I have to close chrome and reopen it before I am able to play music. What's up with that?",Playback_Issue
"after hitting the shuffle button three separate times, why is it that “Shake” among other songs are consistently at the bottom. This isn’t a truly random shuffle as you claim",Playback_Issue
feature request for : block christmas music. call me a scrooge all you want but this noise is trash and it’s not even december.,Feature_Request
"I'm not really getting any error messages, it just won't let me play anything",Playback_Issue
"How long do I need to wait until I get my account back? Someone changed my email address and now I have no access to my account. I already emailed the account changed email, but I have no idea how long I need to wait to get a response",Account_Security
"do I really need to delete my whole offline libary to be able to log-in in the Android app? Otherwise it says ""Please go online"", even tho there's no UI for that on the login screen. 😠",Downloads_Offline
how do I extend my student discount? It just keeps giving me the option to start an entirely new plan.,Family_Student_Plan
"What the hell, Canada?! I want to listen to some older albums at work, and it turns out a bunch of them are missing/unplayable! Users have confirmed they're available on Spotify USA. HE'S. CANADIAN. I'M. CANADIAN. Ugh, I hate this licensing crap.",Music_Content
Hi - I am unable to log in or recover my password for some reason. Code CSRF.,Login_Issue
HOW DARE YOU CHARGE ME FULL PRICE WHEN I CLEARLY HAVE THE STUDENT DISCOUNT ASSOCIATED WITH MY ACCOUNT!! YOU OWE ME FIVE BUCKS BACK!!,Family_Student_Plan
"having trouble with family members accepting invite and joining family plan. I moved so canceled account and rejoined family plan with updated address. Still, other family members not able to join.",Family_Student_Plan
I've got a new phone but forgot my password for my account to sign in but it's also linked to my old email address that got hacked what can I do ?,Account_Security
"I tried to resolve an issue over chat earlier and because I didn't have the latest bank statement on hand right then to verify that I was the owner, they locked me out of my account. I now have access to the statement but cant login and start a new chat. What gives?",Login_Issue
my wife and I both have individual premium accounts. How can I merge them into one premium family account?,Family_Student_Plan
"You should add a feature that allows for interaction with ""Friend Activity"", such as an option to like an activity, or perhaps some sort of button to send a private message. Just an idea!",Feature_Request
", please add all of vixx music to Spotify!! Thanks !",Music_Content
"I’m trying to connect my student premium account to my Hulu, and I keep getting this same error message. Super frustrating since Hulu access is one of the big reasons I subscribed. Help??",Family_Student_Plan
", I'm paying for the family plan, but my family can not accept my invitation because your link is bored. If you do not order, I'm going to Procon - Brazil.",Family_Student_Plan
Hi! My guests can’t join to my premium family account. Could you check it please?,Family_Student_Plan
Hope u add my music one day ❤️,Music_Content
"I keep trying to update my new card info but it keeps taking me to the “student discount” page, so I can’t update it. What gives?",Family_Student_Plan
"Hi, i have paid for my account to premium. U charged my cc but my spotify account not upgrade to premium. Please assist.",Payment_Refund
the app for PC also keeps getting crashed... more than the web player,App_Technical
HEY! I can't log in and the password reset doesn't work with my email address.,Login_Issue
continuing problem. Someone got into my account & is using it. They also changed my account to a family plan. I’ve changed my FB password. What else can I do?,Account_Security
i just updated my app and it keeps crashing what do i do,App_Technical
I re-downloaded the app and clicked shuffle for my music and the first thing i hear is an ad. Thats not ok.,Playback_Issue
why am I paying y’all money if y’all are just gonna keep playing the same two albums I recently downloaded even though I have my thing on shuffle,Playback_Issue
"You guys should add some of 's songs from her new album ""Warmer in the Winter"" to your Christmas playlists!",Feature_Request
"where can I direct my suggestions? Would love a history or notes section on songs - if/when I added a song to my library (or if I used to have it saved), if/when it was featured on my discover Weekly, if a friend has it saved, etc!",Music_Content
No on the shuffle of the band,Playback_Issue
is there any possible way to shuffle a playlist you made,Playback_Issue
Simple restart of my phone seems to have fixed it but it's cleared all my offline music?,Downloads_Offline
