customer_tweet_id,customer_message,spotify_tweet_id,spotify_response,customer_message_clean,spotify_response_clean,cluster
1269688,Hey @115888 why does Gloria Gaynor’s Hits &amp; Mixes play when I’m trying to listen to Redbone? https://t.co/3MDcOb9HEQ,1269687,@417278 Hi Charlotte! Can you DM us your account's username or email address? We'll check backstage /MC https://t.co/ldFdZRiNAt,Hey why does Gloria Gaynor’s Hits & Mixes play when I’m trying to listen to Redbone?,Hi Charlotte! Can you DM us your account's username or email address? We'll check backstage /MC,6
38942,@SpotifyCares How about you guys just make it happen as it will be an increased revenue stream and it's the right thing to do?,38944,@124502 We hear you loud and clear. We can’t make any promises but we’ll pass your feedback onto the right folks 🙂 /JI,How about you guys just make it happen as it will be an increased revenue stream and it's the right thing to do?,We hear you loud and clear. We can’t make any promises but we’ll pass your feedback onto the right folks 🙂 /JI,0
152217,@115888 Kan ni inte ge oss trogna Spotifypremium kunder sen 10 år - en gratis premiumperiod..? 🙏😏,639959,"@271807 Hey Följa! We can help out in English via Twitter, but we also have Swedish support via email at https://t.co/ZgU70TbP8M /SJ",Kan ni inte ge oss trogna Spotifypremium kunder sen 10 år - en gratis premiumperiod..? 🙏😏,"Hey Följa! We can help out in English via Twitter, but we also have Swedish support via email at /SJ",0
1098977,@115888 can you put all logics mixtapes on spotify,1098976,"@379331 Hey Miguel! We’d love to have all of his stuff available, but we have some info about content here: https://t.co/0i8Gpi4TeA /AR",can you put all logics mixtapes on spotify,"Hey Miguel! We’d love to have all of his stuff available, but we have some info about content here: /AR",2
850031,"@SpotifyCares Phone updates everything in the night, with express permission. I'd guess it was around the start of September, though",850032,@321972 Can you DM us your account's username or email address? We'll check backstage /NG https://t.co/ldFdZRiNAt,"Phone updates everything in the night, with express permission. I'd guess it was around the start of September, though",Can you DM us your account's username or email address? We'll check backstage /NG,5
1686503,@SpotifyCares account has been hacked and you have no customer service phone number please contact me ASAP,1686502,@512227 Hi! We've just replied to your DM. We'll carry on helping there /MQ,account has been hacked and you have no customer service phone number please contact me ASAP,Hi! We've just replied to your DM. We'll carry on helping there /MQ,9
2755866,@SpotifyCares if u really care you'd respond...,2755865,@697521 Hey! We've just sent a DM your way. Let's carry on chatting there 🙂 /L,if u really care you'd respond...,Hey! We've just sent a DM your way. Let's carry on chatting there 🙂 /L,0
908529,@117153 @SpotifyCares Won't login on iPhone app for at least 1 week now. The login screen doesn't even show. Please do something. Money is being wasted.,1920917,"@571854 Hey there, help's here! Can you DM us a screenshot of what you're seeing on your end? We'll see what we can suggest 🙂 /CG https://t.co/ldFdZRiNAt",Won't login on iPhone app for at least 1 week now. The login screen doesn't even show. Please do something. Money is being wasted.,"Hey there, help's here! Can you DM us a screenshot of what you're seeing on your end? We'll see what we can suggest 🙂 /CG",6
2295634,"@SpotifyCares “Crazy Ex-Girlfriend” is missing 2 songs, “Revolution” is missing 4 songs, and “Four the Record” is missing 3 songs. Weird. Those albums probably need to be readded in full.",2295636,@543882 Hmm. Could you confirm the country where your Spotify account is set to? We'll dig deeper /KB,"“Crazy Ex-Girlfriend” is missing 2 songs, “Revolution” is missing 4 songs, and “Four the Record” is missing 3 songs. Weird. Those albums probably need to be readded in full.",Hmm. Could you confirm the country where your Spotify account is set to? We'll dig deeper /KB,0
223062,@115888 Do I have to search the original email???,223060,"@169282 Hi there. If your Spotify is connected to Facebook, you can add up friends using the app. More info here: https://t.co/OTTdhmb5lH /JU",Do I have to search the original email???,"Hi there. If your Spotify is connected to Facebook, you can add up friends using the app. More info here: /JU",9
1865849,put acid rap on Spotify pls ;)))) @167274 @115888,1865848,"@557436 Hi Shelby! Fingers crossed we'll be able to have it soon, but there's info about Spotify content here: https://t.co/0i8GpimuDa /LP",put acid rap on Spotify pls ;)))),"Hi Shelby! Fingers crossed we'll be able to have it soon, but there's info about Spotify content here: /LP",2
1982444,@115888 Im feeling so fucking down rn I WANT GOT7 I NEED THEM,1982442,"@586807 Hey there! We’d love to have all of their stuff available, but we have some info about content here: https://t.co/0i8GpimuDa /CG",Im feeling so fucking down rn I WANT GOT7 I NEED THEM,"Hey there! We’d love to have all of their stuff available, but we have some info about content here: /CG",0
1865013,@SpotifyCares I'm trying to add a family memeber to our family plan and it's saying the email address is in incorrect format.  It's not.,1865012,"@557195 Hey Jim, help's here! Could you DM us your username and email address? We'll take a look backstage for you /BX https://t.co/ldFdZRiNAt",I'm trying to add a family memeber to our family plan and it's saying the email address is in incorrect format. It's not.,"Hey Jim, help's here! Could you DM us your username and email address? We'll take a look backstage for you /BX",1
1522820,I heard @115888 wants to cancel videos?? Please don't! Traffic Jams was dope! And I really want to see the @62966 one @473199,1522819,"@128214 Hey Peter! We don't have any info on this right now, but we'll be sure to announce any news at https://t.co/8zO4WCXX7C /MS",I heard wants to cancel videos?? Please don't! Traffic Jams was dope! And I really want to see the one,"Hey Peter! We don't have any info on this right now, but we'll be sure to announce any news at /MS",0
1033340,@SpotifyCares help me I lost my Hulu privileges and my bank account when negative cuz y’all overcharged me  the regular price not Student.😭,1033339,"@364482 Hey, help's here! We've just sent a DM your way. Let's carry on chatting there /NQ",help me I lost my Hulu privileges and my bank account when negative cuz y’all overcharged me the regular price not Student.😭,"Hey, help's here! We've just sent a DM your way. Let's carry on chatting there /NQ",9
399248,@115888 why does my Spotify play one song and then just stop and when I go to press play it won’t let me ???,399247,"@210390 Hey Brianna, that's not cool! Can you let us know the device/OS and Spotify version you're rocking? We'll see what we can suggest /GN",why does my Spotify play one song and then just stop and when I go to press play it won’t let me ???,"Hey Brianna, that's not cool! Can you let us know the device/OS and Spotify version you're rocking? We'll see what we can suggest /GN",6
1520029,Can anyone please help? https://t.co/hWbYXjDnGQ,1520028,"@472548 Hey Mark! You can follow the steps found under ""Can I import my iTunes library?"" at https://t.co/SgMwFS1ONz 😉 /SY",Can anyone please help?,"Hey Mark! You can follow the steps found under ""Can I import my iTunes library?"" at 😉 /SY",0
2964682,"@SpotifyCares I'm not really getting any error messages, it just won't let me play anything https://t.co/gG6uDgQTRx",2964683,"@817967 Hmm, that's odd. Does this happen on a public/private WiFi connection? Also, can you try using the web player on a different device such as a desktop computer? /FD","I'm not really getting any error messages, it just won't let me play anything","Hmm, that's odd. Does this happen on a public/private WiFi connection? Also, can you try using the web player on a different device such as a desktop computer? /FD",6
1827806,"@SpotifyCares guys i have been charged twice for the student premium account, my paper work was accepted and i dont have Premium yet https://t.co/MakW6nlwK7",1827805,"@548561 Hi there, help's here. Can you fire over your account's email address via DM? We'll take a look backstage and see what we can suggest /NY https://t.co/ldFdZRiNAt","guys i have been charged twice for the student premium account, my paper work was accepted and i dont have Premium yet","Hi there, help's here. Can you fire over your account's email address via DM? We'll take a look backstage and see what we can suggest /NY",7
1884207,@115888 should add “To get to You” by Johan Glossner ft. frida Winsth so I can listen to it in the car 😌 #please,1884206,"@562215 Hey! Fingers crossed we'll be able to have it soon, but there's info about Spotify content here: https://t.co/0i8GpimuDa /NQ",should add “To get to You” by Johan Glossner ft. frida Winsth so I can listen to it in the car 😌 #please,"Hey! Fingers crossed we'll be able to have it soon, but there's info about Spotify content here: /NQ",5
2390528,@115888 I have nus card but can't get the student discount because I need a unidays? Im a mature student and they dont give us the .ac email address 😥,2390527,"@688609 2: If you don't have an institution email, we suggest contacting UNiDAYS support at https://t.co/QjZHD4jDVM /HC",I have nus card but can't get the student discount because I need a unidays? Im a mature student and they dont give us the .ac email address 😥,"2: If you don't have an institution email, we suggest contacting UNiDAYS support at /HC",9
2004643,@115888 can u please put Red Barz by @197548 on Spotify,2004642,"@592792 Hi there! Fingers crossed we'll be able to have it soon, but there's info about Spotify content here: https://t.co/0i8GpimuDa /MT",can u please put Red Barz by on Spotify,"Hi there! Fingers crossed we'll be able to have it soon, but there's info about Spotify content here: /MT",2
1293202,@SpotifyCares And this is not set offline https://t.co/seEeBVAKb4,1293205,@422419 Thanks for the info. Can you try giving your iPhone a quick restart? Let us know if it make any difference /SY,And this is not set offline,Thanks for the info. Can you try giving your iPhone a quick restart? Let us know if it make any difference /SY,0
203118,@SpotifyCares That big green shuffle button should be Play not shuffle https://t.co/7E4hp6osJ8,203117,@164066 We can see how that’d be useful! You can vote for a similar idea here: https://t.co/I0Wem16yzo /CP,That big green shuffle button should be Play not shuffle,We can see how that’d be useful! You can vote for a similar idea here: /CP,6
2259618,"@115888 give me taylor swift’s new album, plz plz",2259617,"@657975 Hi, Taylor Swift's 'Reputation' isn't available to stream just yet – stay tuned! For now, check out the singles: https://t.co/3h0TnPWP0c /RB","give me taylor swift’s new album, plz plz","Hi, Taylor Swift's 'Reputation' isn't available to stream just yet – stay tuned! For now, check out the singles: /RB",4
980827,@115888 Would be great if you guys actually accepted PayPal for student premium.,980826,"@352559 Hey! We don't have any info on this right now, but we'll let the right team know it's something you'd like to see /NQ",Would be great if you guys actually accepted PayPal for student premium.,"Hey! We don't have any info on this right now, but we'll let the right team know it's something you'd like to see /NQ",7
2616755,"@SpotifyCares Can't vote on it, Status Update there implies the ""internal teams"" don't really care to implement it. Shame, another thing Deezer is superior at.",2616757,"@133572 Sorry you feel that way. Don't worry, we'll let the right team know it's something you'd like to see. Hopefully this'll be possible soon. For now, let us know if we can help with anything else /MC","Can't vote on it, Status Update there implies the ""internal teams"" don't really care to implement it. Shame, another thing Deezer is superior at.","Sorry you feel that way. Don't worry, we'll let the right team know it's something you'd like to see. Hopefully this'll be possible soon. For now, let us know if we can help with anything else /MC",0
2734620,@SpotifyCares Is the service down? All my devices have logged themselves out and I'm unable to log back in or reset my password.,2734619,"@766428 Hey Jon! Do you get an error message when trying to log back in? Also, can you DM us your account's email address? We'll take a look backstage /SJ https://t.co/ldFdZRiNAt",Is the service down? All my devices have logged themselves out and I'm unable to log back in or reset my password.,"Hey Jon! Do you get an error message when trying to log back in? Also, can you DM us your account's email address? We'll take a look backstage /SJ",0
1544671,"@SpotifyCares i have an iPhone 6! It's working now, thank you :)",1544670,"@478439 Awesome! You're welcome. If you need anything else, just give us a shout 🙂 /RA","i have an iPhone 6! It's working now, thank you :)","Awesome! You're welcome. If you need anything else, just give us a shout 🙂 /RA",3
1917496,@7276 @115888 @642 please help me on this.,1917495,@571080 Hi Issa! Could you send us a DM with your account's email address or username? We'll take a look backstage /DR https://t.co/ldFdZRiNAt,please help me on this.,Hi Issa! Could you send us a DM with your account's email address or username? We'll take a look backstage /DR,0
898869,"@115888 since the update whenever I listen to Spotify in the car and adjust the car stereo volume it pauses Spotify, never used to do this",898867,"@333427 Hey Nathan! That doesn't sound good. Can you let us know the device, operating system, and Spotify version you're using? /LO","since the update whenever I listen to Spotify in the car and adjust the car stereo volume it pauses Spotify, never used to do this","Hey Nathan! That doesn't sound good. Can you let us know the device, operating system, and Spotify version you're using? /LO",2
2909843,Why doesn’t @115888 have a help number?!?,2909842,@805594 Hey Alex! We currently don't offer phone support but are more than happy to help you out here. Can you tell us what's going on? /TF,Why doesn’t have a help number?!?,Hey Alex! We currently don't offer phone support but are more than happy to help you out here. Can you tell us what's going on? /TF,0
806576,I want @23266 version of sweet like chocolate on @115888 😔,806575,"@312204 Hey Kyle! We’d love to have all of their stuff available, but we have some info about content here: https://t.co/0i8GpimuDa /CG",I want version of sweet like chocolate on 😔,"Hey Kyle! We’d love to have all of their stuff available, but we have some info about content here: /CG",0
286951,Hey @115888 why is 'Blurred Lines' in your playlist entitled 'Happy Tunes'?  I can't really label it as 'happy' https://t.co/M6sNvDn0dO https://t.co/UhZYjUlm03,286952,"@184374 1: Hey Anne, thanks for the feedback! Our Curation team are independent &amp; use taste, data, research, and trends to...",Hey why is 'Blurred Lines' in your playlist entitled 'Happy Tunes'? I can't really label it as 'happy',"1: Hey Anne, thanks for the feedback! Our Curation team are independent & use taste, data, research, and trends to...",0
2203776,@115888. Fuck you spotify https://t.co/RkmbbKlSUO,2203775,@644383 Hey there! This doesn't sound good. What issues are you having and on what device? We'll see what we can suggest /JI,. Fuck you spotify,Hey there! This doesn't sound good. What issues are you having and on what device? We'll see what we can suggest /JI,2
1871484,@SpotifyCares Why isn't it available tho?,1871486,@558881 This is due to various licensing reasons. Hopefully Spotify will be available there soon /LO,Why isn't it available tho?,This is due to various licensing reasons. Hopefully Spotify will be available there soon /LO,0
526269,@SpotifyCares Thanks. None of those seem to apply. I don’t get an error about &gt;3333 downloads,526266,@241769 We understand. Have you already downloaded music on 3 other devices? You can check how many offline devices you have here: https://t.co/8WYo44DHWG. Hope this helps /AP,Thanks. None of those seem to apply. I don’t get an error about >3333 downloads,We understand. Have you already downloaded music on 3 other devices? You can check how many offline devices you have here: Hope this helps /AP,8
2052524,@115888 hey what’s going on with my Hulu student account ? What’s the “error”?,2052523,"@607014 Hey, help's here! Could you DM us your email address and username? We'll take a closer look /JQ https://t.co/ldFdZR1cbT",hey what’s going on with my Hulu student account ? What’s the “error”?,"Hey, help's here! Could you DM us your email address and username? We'll take a closer look /JQ",9
2976133,@125633 Hope u add my music one day ❤️,2976131,@496717 Hey there! This sounds like something for our Artist Services friends. You can reach out to them here: https://t.co/3j9HWSEG0s /KP,Hope u add my music one day ❤️,Hey there! This sounds like something for our Artist Services friends. You can reach out to them here: /KP,5
1096206,@SpotifyCares are you guys aware that Spotify immediately crashes on Android 8.0 when using the share feature? #pleasefix #help #qatesting,1096205,"@378676 Hey there! Don't worry, we're on it. Our developers are looking into this, and we'll keep everyone updated. Keep rocking 🤘 /MQ",are you guys aware that Spotify immediately crashes on Android 8.0 when using the share feature? #pleasefix #help #qatesting,"Hey there! Don't worry, we're on it. Our developers are looking into this, and we'll keep everyone updated. Keep rocking 🤘 /MQ",5
2670121,@SpotifyCares It’s ok. Turns out Spotify needed an update too 👍👍,2670123,@751974 Nice! We're glad it's working now. Now let's... https://t.co/flUnoJ2P8u /DR,It’s ok. Turns out Spotify needed an update too 👍👍,Nice! We're glad it's working now. Now let's... /DR,2
1962120,@SpotifyCares my Spotify says it is linked with another psn and I can’t link it with mine. Is there a way to revoke that to link my account?,1962121,"@581849 2: should be able to lend a hand. If you need help with anything else about your Spotify account, just give a shout 🙂 /CH",my Spotify says it is linked with another psn and I can’t link it with mine. Is there a way to revoke that to link my account?,"2: should be able to lend a hand. If you need help with anything else about your Spotify account, just give a shout 🙂 /CH",9
468346,"@115888 What do the premium subscribers get? They get screwed over, right?",1790129,@537724 Hi Paul! We're here to help. Can you DM us your account's email address and a bit more info about what's going on? We'll see what we can suggest /DD https://t.co/ldFdZRiNAt,"What do the premium subscribers get? They get screwed over, right?",Hi Paul! We're here to help. Can you DM us your account's email address and a bit more info about what's going on? We'll see what we can suggest /DD,7
2001682,@SpotifyCares Planning to release an iPhone X update for the app?,2001681,"@591888 Hi! We're afraid we don't have news about this. We'll let our devs know it's something you'd like to see. For anything else, let us know /GU",Planning to release an iPhone X update for the app?,"Hi! We're afraid we don't have news about this. We'll let our devs know it's something you'd like to see. For anything else, let us know /GU",0
1592990,@SpotifyCares Okay Thank you for your fast response :) have a Good one,1592989,@489595 No worries! Just give us a shout if you have other questions. We're... https://t.co/zOXI69QSqg /JU,Okay Thank you for your fast response :) have a Good one,No worries! Just give us a shout if you have other questions. We're... /JU,3
1016527,@115888 what’s up about launching spotify in India #spotify,1016529,"@360517 1: Hi! We don't have news on when we're landing in India, but we're launching in new countries as often as possible. Be sure to add...",what’s up about launching spotify in India #spotify,"1: Hi! We don't have news on when we're landing in India, but we're launching in new countries as often as possible. Be sure to add...",2
378732,@SpotifyCares And how does that help me? It does not addresses my issue. Seems you have some inability to scale beyond 10 000 songs,378734,"@205881 2: remainder of the collection will move into alphabetized playlists, not into Your Music. Hope that clears things up /JS",And how does that help me? It does not addresses my issue. Seems you have some inability to scale beyond 10 000 songs,"2: remainder of the collection will move into alphabetized playlists, not into Your Music. Hope that clears things up /JS",6
1942605,"@SpotifyCares my acct keeps telling me I can’t download any more songs, so I un-downloaded a bunch but it’s still saying I have no room :(",1942603,"@238856 Hey! Which device/OS and Spotify version are you using? If you can also send us a screenshot of what you're seeing, that'll be helpful /YM","my acct keeps telling me I can’t download any more songs, so I un-downloaded a bunch but it’s still saying I have no room :(","Hey! Which device/OS and Spotify version are you using? If you can also send us a screenshot of what you're seeing, that'll be helpful /YM",0
796692,@SpotifyCares It is an #amazing album. @35357 at his finest,796694,@309982 We'd love to have it on Spotify! Fingers crossed it'll soon be available to us 👍 /RK,It is an #amazing album. at his finest,We'd love to have it on Spotify! Fingers crossed it'll soon be available to us 👍 /RK,4
166634,"@SpotifyCares why dont you have Tool in your Music database, i need Tool in my life, you need tool in your life so lets get much Tool.",166632,"@154708 Hey there! We’d love to have their stuff available, but we have some info about content here: https://t.co/0i8GpimuDa. Hope this info helps /KL","why dont you have Tool in your Music database, i need Tool in my life, you need tool in your life so lets get much Tool.","Hey there! We’d love to have their stuff available, but we have some info about content here: Hope this info helps /KL",5
2857447,"@SpotifyCares  I need help with an account I don't know the email address for,",2857446,"@794163 Hey Jim! Can you DM us your account's username? If you've created it via Facebook, can you send us your profile link and email address? We'll take a look backstage /SJ https://t.co/ldFdZRiNAt","I need help with an account I don't know the email address for,","Hey Jim! Can you DM us your account's username? If you've created it via Facebook, can you send us your profile link and email address? We'll take a look backstage /SJ",9
2457273,"Listen, does @115888 randomly decide to cut your music off on random songs like @118721 does cuz this keeps happening to good songs and I can never listen to the end.",2457271,"@570909 Hey there! The cavalry's here. Could you tell us your device's make/model, operating system, and Spotify version? /KB","Listen, does randomly decide to cut your music off on random songs like does cuz this keeps happening to good songs and I can never listen to the end.","Hey there! The cavalry's here. Could you tell us your device's make/model, operating system, and Spotify version? /KB",6
1302442,@115888 Does it work in Thailand and Cambodia?,1396379,"@444713 1: Hi there! You can check out more info by going here: https://t.co/YYABW2x2Er. Also, if you have an unrestricted internet...",Does it work in Thailand and Cambodia?,"1: Hi there! You can check out more info by going here: Also, if you have an unrestricted internet...",6
141184,@SpotifyCares Can I do it on the app though or? Thank you,141180,@147839 It's currently not possible to update your payment details directly through the app. You can do it through our website at: https://t.co/B1W1abMc4b /SV,Can I do it on the app though or? Thank you,It's currently not possible to update your payment details directly through the app. You can do it through our website at: /SV,3
653112,"@SpotifyCares Thank you so much for resolving this issue! Much better, great work @115888 !",653114,"@275306 Anytime! If you ever need anything else, just shout and we'll come running 🏃 /MX","Thank you so much for resolving this issue! Much better, great work !","Anytime! If you ever need anything else, just shout and we'll come running 🏃 /MX",3
166614,@SpotifyCares I joined a Family plan and updated my address to reflect my current home address but it does not update my home zip code in my account.,166612,"@154703 Hey Rob! Not to worry, you can update it by logging in at https://t.co/SC3eGkHX7h and clicking Edit Profile. Hope this helps /JP",I joined a Family plan and updated my address to reflect my current home address but it does not update my home zip code in my account.,"Hey Rob! Not to worry, you can update it by logging in at and clicking Edit Profile. Hope this helps /JP",1
2203780,How do I️ access my Spotify premium account if it doesn’t recognize my Facebook profile or any of the emails I️ could’ve potentially made my account with @SpotifyCares ? I️t doesn’t recognize any of the potentially usernames I️ made for the account either. Please help!,2203779,@644385 Hey Lauren! Apologies for the delay. We've just sent a DM your way. Let's carry on chatting there /CP,How do I️ access my Spotify premium account if it doesn’t recognize my Facebook profile or any of the emails I️ could’ve potentially made my account with ? I️t doesn’t recognize any of the potentially usernames I️ made for the account either. Please help!,Hey Lauren! Apologies for the delay. We've just sent a DM your way. Let's carry on chatting there /CP,9
2662920,"@SpotifyCares hi, I sent a message to you. Please kindly help, thanks! 🙂",2662919,@750472 Hey Dyna! We've just sent you a DM. Let's continue chatting there /NS,"hi, I sent a message to you. Please kindly help, thanks! 🙂",Hey Dyna! We've just sent you a DM. Let's continue chatting there /NS,8
2288008,Requesting @115888 @15428 please add Adore in spotify huhu,2288007,"@664738 Hey! Fingers crossed we'll be able to have it soon, but there's info about Spotify content here: https://t.co/0i8GpimuDa /NQ",Requesting please add Adore in spotify huhu,"Hey! Fingers crossed we'll be able to have it soon, but there's info about Spotify content here: /NQ",2
2457261,@SpotifyCares shuffle play isn’t working on mobile. Also my discover weekly is the same as last week. Any thoughts?,2457260,@267786 Hey there! Can you DM us your account's email address? We'll see what we can suggest /RB https://t.co/ldFdZRiNAt,shuffle play isn’t working on mobile. Also my discover weekly is the same as last week. Any thoughts?,Hey there! Can you DM us your account's email address? We'll see what we can suggest /RB,6
979812,@SpotifyCares Restarting the connection didn't help. I tried it on my laptop and the songs are playing there.,979813,@352349 Thanks for the info. Best thing to try here is a reinstall. Just follow the steps at https://t.co/EqisDMwZAT. Let us know how it goes /TB,Restarting the connection didn't help. I tried it on my laptop and the songs are playing there.,Thanks for the info. Best thing to try here is a reinstall. Just follow the steps at Let us know how it goes /TB,0
1713304,@118266 album got7 yg terbaru blm ada apa emg ga ada? Seventeen sama twice juga gaada hhhh update donggg percuma bayar😒😒,1713303,"@518908 Hey! We can help out in English via Twitter, but we also have Indonesian support via email at https://t.co/ZgU70TbP8M /JS",album got7 yg terbaru blm ada apa emg ga ada? Seventeen sama twice juga gaada hhhh update donggg percuma bayar😒😒,"Hey! We can help out in English via Twitter, but we also have Indonesian support via email at /JS",4
1904938,@SpotifyCares can I upgrade from premium to family and still pay on my phone bill?,1904937,@567659 Hey! It's currently not possible to subscribe to Family via your mobile provider. Could you DM us your account's email/username? /AY https://t.co/ldFdZRiNAt,can I upgrade from premium to family and still pay on my phone bill?,Hey! It's currently not possible to subscribe to Family via your mobile provider. Could you DM us your account's email/username? /AY,1
620362,@115888 LET ME GET IT TOO 😩😩 @SpotifyCares https://t.co/MzpiXph2Hl,2910959,"@312164 Hey! Right now, this offer's for new subscribers only. Stay tuned for more deals for existing Premium subscribers, though 🙂 /PB",LET ME GET IT TOO 😩😩,"Hey! Right now, this offer's for new subscribers only. Stay tuned for more deals for existing Premium subscribers, though 🙂 /PB",6
149349,Dear @SpotifyCares sometimes when I'm scrolling twitter my music pauses itself and then when I click play it plays super sped up . Is this a bug or am I accidentally clicking something ? The app is running in the background so I'm not sure it's a user error,149348,"@150029 Hey Daniel, help's here! Can you let us know the device, operating system, and Spotify version you're using? We'll see what we can suggest /GK",Dear sometimes when I'm scrolling twitter my music pauses itself and then when I click play it plays super sped up . Is this a bug or am I accidentally clicking something ? The app is running in the background so I'm not sure it's a user error,"Hey Daniel, help's here! Can you let us know the device, operating system, and Spotify version you're using? We'll see what we can suggest /GK",6
2294862,When is reputation going to be on spotify,2294861,"@666367 Hi! Taylor Swift's 'Reputation' isn't available to stream just yet – stay tuned! For now, check out the singles: https://t.co/3h0TnPWP0c /DD",When is reputation going to be on spotify,"Hi! Taylor Swift's 'Reputation' isn't available to stream just yet – stay tuned! For now, check out the singles: /DD",2
272948,@SpotifyCares could you promote my new single voodoo https://t.co/ogkS9Aj7db,272947,@181184 2: out https://t.co/6BMOmfiZvQ to help you gain visibility /LO,could you promote my new single voodoo,2: out to help you gain visibility /LO,0
2653150,@115888 needs to update their app to support iPhone X already,2653149,@748227 Hey there! We understand - we’re working on it as we speak. Stay tuned /NQ,needs to update their app to support iPhone X already,Hey there! We understand - we’re working on it as we speak. Stay tuned /NQ,0
1250626,Anyone else having issues with #spotify connect where it connects to devices that aren't yours or others connect to you? @SpotifyCares,1250625,"@413414 Hi Jason. Don't worry, we'll look into this. Can you tell us what device, operating system, and exact app version you're using? /JU",Anyone else having issues with #spotify connect where it connects to devices that aren't yours or others connect to you?,"Hi Jason. Don't worry, we'll look into this. Can you tell us what device, operating system, and exact app version you're using? /JU",2
1790181,"Hey @SpotifyCares maybe, just maybe it only impacts 1% of your users because those that hit the limit leave. Or they work around it and just accept a crap user experience (that was me for years, messing with nested playlists until I got sick of it).

https://t.co/NrkgwUM7yQ",1790180,@537745 Hi there! Thanks for the feedback – we appreciate it! We’ll get this passed onto the right team /DD,"Hey maybe, just maybe it only impacts 1% of your users because those that hit the limit leave. Or they work around it and just accept a crap user experience (that was me for years, messing with nested playlists until I got sick of it).",Hi there! Thanks for the feedback – we appreciate it! We’ll get this passed onto the right team /DD,0
129742,@115888 Iba ba yung 129 for 3 months?? Yun kasi yung na avail q eh,129741,"@145252 Hey Jenny! We don't offer support in Filipino, but we'll gladly help out in English here at Twitter. Can you DM us your account's email address or username? We'll take a look backstage /AR https://t.co/ldFdZRiNAt",Iba ba yung 129 for 3 months?? Yun kasi yung na avail q eh,"Hey Jenny! We don't offer support in Filipino, but we'll gladly help out in English here at Twitter. Can you DM us your account's email address or username? We'll take a look backstage /AR",0
2774539,@115888 what's wrong with my apps? https://t.co/TvE22qCM6J,2774540,@775404 Thanks for the screenshots! Have you tried a reinstall? Follow these steps at https://t.co/EqisDMwZAT. Let us know how it goes /VV,what's wrong with my apps?,Thanks for the screenshots! Have you tried a reinstall? Follow these steps at Let us know how it goes /VV,0
2251376,@SpotifyCares literally just want to know what stranger things mode is,2251377,@386987 1: Got it. The Stranger Things Mode is in partnership with Netflix to promote the latest season of Stranger Things.,literally just want to know what stranger things mode is,1: Got it. The Stranger Things Mode is in partnership with Netflix to promote the latest season of Stranger Things.,0
960784,@SpotifyCares hi why are all my offline devices the same devices? But my DL'ed was just deleted saying max of 3 devices can only download.,960783,@348001 Hey! The cavalry's here. Can you DM us your account's username or email address? We'll take a look under the hood /JS https://t.co/ldFdZRiNAt,hi why are all my offline devices the same devices? But my DL'ed was just deleted saying max of 3 devices can only download.,Hey! The cavalry's here. Can you DM us your account's username or email address? We'll take a look under the hood /JS,5
848564,The search feature is all sorts of screwed up right now @115888,848563,"@321657 Hey there! What’s happening exactly? Can you let us know the device, operating system, and Spotify version you're using? /MA",The search feature is all sorts of screwed up right now,"Hey there! What’s happening exactly? Can you let us know the device, operating system, and Spotify version you're using? /MA",5
149341,@115888 y dose ur app keep restarting my phone when I start the app up??,149340,"@150027 Hey there! That's not cool. Can you let us know the make and model of your device, along with the OS and Spotify versions you're rocking? /QI",y dose ur app keep restarting my phone when I start the app up??,"Hey there! That's not cool. Can you let us know the make and model of your device, along with the OS and Spotify versions you're rocking? /QI",5
2038177,Hey @115888 where is our Apple Watch app? #pleaseandthankyou cc: @SpotifyCares,2038176,@602652 Hey there! Check out the official idea and add your vote to let our devs know it's something you'd like to see: https://t.co/SEK4E4gi22 /NQ,Hey where is our Apple Watch app? #pleaseandthankyou cc:,Hey there! Check out the official idea and add your vote to let our devs know it's something you'd like to see: /NQ,0
2306933,Is @118062 ‘s reputation album coming to @115888 soon?,2306932,"@669234 Hi! Taylor Swift's 'Reputation' isn't available to stream just yet – stay tuned! For now, check out the singles: https://t.co/3h0TnPWP0c /AR",Is ‘s reputation album coming to soon?,"Hi! Taylor Swift's 'Reputation' isn't available to stream just yet – stay tuned! For now, check out the singles: /AR",4
2853061,@SpotifyCares Can you tell me &gt; show me how I can access my inbox with songs in?? Not sure where this feature has gone??,2853059,@477867 Hey Kat! We have some info about this here: https://t.co/xW1fRS96NG. Give us a shout if you have any other questions /DB,Can you tell me > show me how I can access my inbox with songs in?? Not sure where this feature has gone??,Hey Kat! We have some info about this here: Give us a shout if you have any other questions /DB,5
565390,@115888 your app constantly crashes or doesn't respond. Any known issues for this on android?,565388,"@252492 Hey there! Can you let us know your device's Android and Spotify versions? Also, is this happening over WiFi or 3G/4G? /NQ",your app constantly crashes or doesn't respond. Any known issues for this on android?,"Hey there! Can you let us know your device's Android and Spotify versions? Also, is this happening over WiFi or 3G/4G? /NQ",0
172506,I think a @115888 @1511 merger would be dope.,172505,"@156314 Hey, nice idea! It's definitely something for the team to consider and we'll make sure it reaches them /RA",I think a merger would be dope.,"Hey, nice idea! It's definitely something for the team to consider and we'll make sure it reaches them /RA",0
1923453,@SpotifyCares can you answer a query 're payment query please,1923451,@572533 Hey Simon! We can help you with your payment query via DM. Sending us your account's email address would be great too /CX https://t.co/ldFdZRiNAt,can you answer a query 're payment query please,Hey Simon! We can help you with your payment query via DM. Sending us your account's email address would be great too /CX,0
2164331,@115888 @SpotifyCares this sh*t #FirefoxWebplayer #mozilla is draining my bat 4 life taking over my music by yoga on the background pls fix t #ASAP. wonder if they have these issues @115948 @1122 https://t.co/g8zHf3pi6a,2164328,@635372 Hey Ray! Can you also let us know the make and model of your device and the operating system? We'll see what we can suggest /MS,this sh*t #FirefoxWebplayer #mozilla is draining my bat 4 life taking over my music by yoga on the background pls fix t #ASAP. wonder if they have these issues,Hey Ray! Can you also let us know the make and model of your device and the operating system? We'll see what we can suggest /MS,5
2275432,@SpotifyCares when will support for iphone x be out??,2275431,@661817 Hey Jordan! We understand - we’re working on it as we speak. Stay tuned 🙂 /JN,when will support for iphone x be out??,Hey Jordan! We understand - we’re working on it as we speak. Stay tuned 🙂 /JN,0
2218925,@SpotifyCares Hi im just wondering if when are you going to upload the Reputation album?,2218924,"@648195 Taylor Swift's 'Reputation' isn't available to stream just yet – stay tuned! For now, check out the singles: https://t.co/3h0TnPWP0c /MU",Hi im just wondering if when are you going to upload the Reputation album?,"Taylor Swift's 'Reputation' isn't available to stream just yet – stay tuned! For now, check out the singles: /MU",4
1907026,"My Discover Weekly contains TWO Mac Demarco songs
Will U comp me for this month, @115888 ?",1907025,"@568195 Hey! We can't offer compensation, but your Discover Weekly should improve as it gets to know you. Any questions, give us a shout /PB","My Discover Weekly contains TWO Mac Demarco songs Will U comp me for this month, ?","Hey! We can't offer compensation, but your Discover Weekly should improve as it gets to know you. Any questions, give us a shout /PB",0
48085,"@SpotifyCares Hello #Spotify. 26 Sept I reported a bug, wha'ts the status ? I still can't drag playing #songs to #playlists :((((
 isn't this a big issue?",48084,@126752 Hi again. We're sorry you feel that way. Can you try reinstalling the app using the steps here: https://t.co/EqisDMwZAT? /LM,"Hello #Spotify. 26 Sept I reported a bug, wha'ts the status ? I still can't drag playing #songs to #playlists :(((( isn't this a big issue?",Hi again. We're sorry you feel that way. Can you try reinstalling the app using the steps here: /LM,2
2198082,why isn’t reputation on spotify or amazon music,2198081,"@642952 Hey Iman! Fingers crossed we'll be able to have it soon, but there's info about Spotify content here: https://t.co/0i8GpimuDa /MO",why isn’t reputation on spotify or amazon music,"Hey Iman! Fingers crossed we'll be able to have it soon, but there's info about Spotify content here: /MO",5
1607068,Dear @118266 saya sudah berlangganan premium dan sudah terima tanda pembayaran tapi kenapa masih terdaftar di free account? Thanks,1607067,"@493645 Hey! We can help out in English via Twitter, but we also have Indonesian support via email at https://t.co/ZgU70TbP8M /RB",Dear saya sudah berlangganan premium dan sudah terima tanda pembayaran tapi kenapa masih terdaftar di free account? Thanks,"Hey! We can help out in English via Twitter, but we also have Indonesian support via email at /RB",7
1607082,@SpotifyCares  any known issues with spotify and google home? had all sorts of problems this morning with music not playing.,1607080,@186717 Hi Mark! We'll look into this. What’s happening exactly? Can you let us know the device/OS you’re using to control Google Home? /HR,any known issues with spotify and google home? had all sorts of problems this morning with music not playing.,Hi Mark! We'll look into this. What’s happening exactly? Can you let us know the device/OS you’re using to control Google Home? /HR,5
863719,@115888 your explicit version of bottoms up is actually censored what gives? I'm tryna enjoy some vintage trey and nicki and I get this trash smh,863718,@325115 Hey there! Can you send us the URI of the track you're referring to? Just right-click on the track &gt; Share &gt; Copy Spotify URI /AR,your explicit version of bottoms up is actually censored what gives? I'm tryna enjoy some vintage trey and nicki and I get this trash smh,Hey there! Can you send us the URI of the track you're referring to? Just right-click on the track > Share > Copy Spotify URI /AR,0
631985,@SpotifyCares  I can't log in in my account. It's says that I'm offline but I'm certainly not aince i can tweet you and do other stuffs that requires wlan!!,631984,@269787 Hey there! Help's here. Can you DM us your account's email address or username? We'll take a look backstage /PB https://t.co/ldFdZRiNAt,I can't log in in my account. It's says that I'm offline but I'm certainly not aince i can tweet you and do other stuffs that requires wlan!!,Hey there! Help's here. Can you DM us your account's email address or username? We'll take a look backstage /PB,9
189843,@115888 so i just activated my student account with the same facebook profile..i won't get charged for my old account right?,313066,@159384 Hey Brandon! Help's here. Can you DM us your old account's email address? We'll take a look backstage /DD https://t.co/ldFdZRiNAt,so i just activated my student account with the same facebook profile..i won't get charged for my old account right?,Hey Brandon! Help's here. Can you DM us your old account's email address? We'll take a look backstage /DD,9
2110178,@SpotifyCares It's finally working (the downloads) because I removed stuff from my SD card to internal storage. I don't know why it won't let me change the option to storing songs on internal storage which have more space than my SD card.,2110179,@622519 Thanks for the heads up. Can you DM us your account's email address or username? We'll take a look backstage /JE https://t.co/ldFdZRiNAt,It's finally working (the downloads) because I removed stuff from my SD card to internal storage. I don't know why it won't let me change the option to storing songs on internal storage which have more space than my SD card.,Thanks for the heads up. Can you DM us your account's email address or username? We'll take a look backstage /JE,0
1126283,"@SpotifyCares lol ppl have been asking for this literally for years and you still haven't done it, despite it being done in ios",1126282,"@385559 We hear you. Rest assured that our devs are reading all feedback about this. For anything else, just give us a shout /MU","lol ppl have been asking for this literally for years and you still haven't done it, despite it being done in ios","We hear you. Rest assured that our devs are reading all feedback about this. For anything else, just give us a shout /MU",0
1033161,"@115888 #bugReport songs are prematurely ending. Somewhere between 50-90% of song plays, then next song starts without fade #iOS latest",1033159,"@309307 Hey Jeff, help's here! Can you let us know your device and Spotify version? We'll see what we can suggest /JP","#bugReport songs are prematurely ending. Somewhere between 50-90% of song plays, then next song starts without fade #iOS latest","Hey Jeff, help's here! Can you let us know your device and Spotify version? We'll see what we can suggest /JP",6
2853064,"@SpotifyCares I'm a student and I've been charged £10 since September for my subscription, who can I contact for a refund and to renew my student account?",2853063,@793167 Hey there! Could you send us a DM with your account's username or email address? We'll take a look backstage 🔍 /DB https://t.co/ldFdZRiNAt,"I'm a student and I've been charged £10 since September for my subscription, who can I contact for a refund and to renew my student account?",Hey there! Could you send us a DM with your account's username or email address? We'll take a look backstage 🔍 /DB,9
617463,"@115888 my android app keeps crashing since i updated last night, is this a known issue ??",617462,"@266506 Hi there. Can you let us know what device, Android, and Spotify version you're running? Also, are you getting any specific error messages? /LM","my android app keeps crashing since i updated last night, is this a known issue ??","Hi there. Can you let us know what device, Android, and Spotify version you're running? Also, are you getting any specific error messages? /LM",0
2967129,@SpotifyCares I can’t get Hulu on my premium for students + Hulu account. When I try to log into Hulu I get this message “we’re having trouble authorizing your account with Spotify. Please contact Spotify support to help resolve this issue”,2967128,@818541 Hey there! Can you DM us your account's email address and a screenshot of the error message you're seeing? We'll take a look /RB https://t.co/ldFdZR1cbT,I can’t get Hulu on my premium for students + Hulu account. When I try to log into Hulu I get this message “we’re having trouble authorizing your account with Spotify. Please contact Spotify support to help resolve this issue”,Hey there! Can you DM us your account's email address and a screenshot of the error message you're seeing? We'll take a look /RB,9
1980702,@115888 why can't I see who follows my playlists that's legit all I want,1980701,@586321 Hey! Viewing playlist followers isn't available yet. Be sure to add your support to the idea in our Community: https://t.co/rXH5HEx9hM /JL,why can't I see who follows my playlists that's legit all I want,Hey! Viewing playlist followers isn't available yet. Be sure to add your support to the idea in our Community: /JL,0
1847651,@SpotifyCares I just tried it in the web player too and it didn't work,1847650,"@336916 We understand. In the meantime, can you DM us your account's email address or username? We'll take look under the hood /PB https://t.co/ldFdZRiNAt",I just tried it in the web player too and it didn't work,"We understand. In the meantime, can you DM us your account's email address or username? We'll take look under the hood /PB",6
2919445,Hello? @115888?? You're not working and I have 20 minutes to dance around my lounge room before I have to go to work!!!,2919444,"@808059 Hey Britt, sorry if you missed your routine. Everything should be running smoothly now. Let us know if you're still getting issues /GS",Hello? ?? You're not working and I have 20 minutes to dance around my lounge room before I have to go to work!!!,"Hey Britt, sorry if you missed your routine. Everything should be running smoothly now. Let us know if you're still getting issues /GS",0
2912536,Spotify is having a mare tonight 😤,2912535,"@805029 Hi there, thanks for bearing with us. Spotify should be working perfectly again! /GN",Spotify is having a mare tonight 😤,"Hi there, thanks for bearing with us. Spotify should be working perfectly again! /GN",2
1961357,"@SpotifyCares not cool to force people to listen to spotify created playlists, especially not subscribers. why are options being taken away?",1961358,"@581679 Just to check, does this happen when you tap Shuffle Play directly on the artist's page? Is this happening across all your devices? /KB","not cool to force people to listen to spotify created playlists, especially not subscribers. why are options being taken away?","Just to check, does this happen when you tap Shuffle Play directly on the artist's page? Is this happening across all your devices? /KB",2
1709590,@SpotifyCares I’ve already paid for 1 month premium subscription today. But on the website it stated that my premium only last until 7nov17. What’s wrong?,1709589,@518001 Can you DM us your account's email address or username? We'll take a look backstage /NQ https://t.co/ldFdZRiNAt,I’ve already paid for 1 month premium subscription today. But on the website it stated that my premium only last until 7nov17. What’s wrong?,Can you DM us your account's email address or username? We'll take a look backstage /NQ,7
176550,@115888 Thankyou for rewarding people who have never supported you and ignoring your long term customers 👎,176549,"@157538 We're sorry you feel that way. Stay tuned for more deals for existing Premium subscribers. If you ever need anything else, just shout and we'll come running 🏃 /LX",Thankyou for rewarding people who have never supported you and ignoring your long term customers 👎,"We're sorry you feel that way. Stay tuned for more deals for existing Premium subscribers. If you ever need anything else, just shout and we'll come running 🏃 /LX",0
1876007,"Would love to listen, @115888, but you've blocked me on a non-subscription account. https://t.co/qVdqwmFvxt",1876006,"@560039 Hey Eric, help's here! Could you DM us your account's username or email address? We'll check behind the scenes /RE https://t.co/ldFdZRiNAt","Would love to listen, , but you've blocked me on a non-subscription account.","Hey Eric, help's here! Could you DM us your account's username or email address? We'll check behind the scenes /RE",9
1848381,@SpotifyCares Hallå! For the suggestion box: a mini player for big screens. Tacka! (Actually I have no idea if this will be read in Sweden),1848380,"@553495 Hi Alastair, nice idea! Suggest it in our Community at https://t.co/rtDvYZOF32 to get support from other fans. Have a nice day 🙂 /WW",Hallå! For the suggestion box: a mini player for big screens. Tacka! (Actually I have no idea if this will be read in Sweden),"Hi Alastair, nice idea! Suggest it in our Community at to get support from other fans. Have a nice day 🙂 /WW",0
2684260,Soooo why isn't Nujabes on Spotify?,2684259,"@754972 Hey there! We'd love to have all the world's music and artists, but we have info about content here: https://t.co/YlV1IAXwsi /DB",Soooo why isn't Nujabes on Spotify?,"Hey there! We'd love to have all the world's music and artists, but we have info about content here: /DB",2
2190735,@115888 am I able to Equalize in spotify's interface?,2190733,"@641285 Hi there! Can you let us know what device, operating system, and Spotify version you're using? We'll take a look backstage /XF",am I able to Equalize in spotify's interface?,"Hi there! Can you let us know what device, operating system, and Spotify version you're using? We'll take a look backstage /XF",2
2337409,@SpotifyCares STREET NAMES AND NUMBERS ARENT COMMON THINGS. HOW THE FUCK AM I SUPPOSED TO REMEMBER HOW TO DO THIS. EXTREMELY FRUSTRATING,2337408,"@676270 Hey John! Apologies for the delay, but we're here to help. We've just sent a DM your way. Let's carry on chatting there /MT",STREET NAMES AND NUMBERS ARENT COMMON THINGS. HOW THE FUCK AM I SUPPOSED TO REMEMBER HOW TO DO THIS. EXTREMELY FRUSTRATING,"Hey John! Apologies for the delay, but we're here to help. We've just sent a DM your way. Let's carry on chatting there /MT",0
1516303,"@115888 can you add ""Acid Rap"" to the platform, please? I need more of @167274 #allday",1516302,@471809 Hey Sarah! Hey! We’ve got some info about mixtapes here: https://t.co/MEjmIRL2eB /JX,"can you add ""Acid Rap"" to the platform, please? I need more of #allday",Hey Sarah! Hey! We’ve got some info about mixtapes here: /JX,5
993168,@SpotifyCares hello Spotify has taken 9.99 out my bank when I have the student spotify?,993167,@355285 Hey Max! Could you send us the username or email address on your account via DM? We'll take a look under the hood /LP https://t.co/ldFdZRiNAt,hello Spotify has taken 9.99 out my bank when I have the student spotify?,Hey Max! Could you send us the username or email address on your account via DM? We'll take a look under the hood /LP,2
2371458,@115888 please pass on my request now that it's #1 on the charts. @35423 deserves to be on that playlist!!!  #NotMadJustDisappointed that it's not already on there https://t.co/meGq1tgpV3,2371457,"@579478 We understand. Don't worry, we'll be sure to pass your feedback on to the right folks. Send a tweet our way if you ever need us again 😉 /CH",please pass on my request now that it's #1 on the charts. deserves to be on that playlist!!! #NotMadJustDisappointed that it's not already on there,"We understand. Don't worry, we'll be sure to pass your feedback on to the right folks. Send a tweet our way if you ever need us again 😉 /CH",0
2360613,"@SpotifyCares That fixed it. Thanks.
Still strange",2360615,"@357586 No worries at all! For anything else, we're just a tweet away /JP",That fixed it. Thanks. Still strange,"No worries at all! For anything else, we're just a tweet away /JP",8
810923,"@SpotifyCares Ok, turned out got IPV6 address from my ISP, asked them to assign IPV4, now it works fine again. Sorry for bothering :)",810926,@313223 No worries! Happy to hear you got things working. Feel free to send a tweet our way if you need help with anything else 🙂 /JI,"Ok, turned out got IPV6 address from my ISP, asked them to assign IPV4, now it works fine again. Sorry for bothering :)",No worries! Happy to hear you got things working. Feel free to send a tweet our way if you need help with anything else 🙂 /JI,0
654662,"@spotifycares if i signed up for spotify premium as a student but didn't do the verification process, will my card still be charged?",654661,"@275730 Hey there, help's here! Could you DM us your account's email address and username? We'll help out there /CG https://t.co/ldFdZRiNAt","if i signed up for spotify premium as a student but didn't do the verification process, will my card still be charged?","Hey there, help's here! Could you DM us your account's email address and username? We'll help out there /CG",2
567967,@SpotifyCares I signed up for student premium with Hulu but now Hulu can't authorize my account with you. Please help.,567966,@253235 Hey there! We've just sent a DM your way. Let's carry on chatting there /AK,I signed up for student premium with Hulu but now Hulu can't authorize my account with you. Please help.,Hey there! We've just sent a DM your way. Let's carry on chatting there /AK,7
1219457,"@SpotifyCares I have the student discount and I have the free hulu sub with it, but I was just charged full premium price instead of student",1219456,"@406110 Hey, help's here! Can you DM us your account's email address? We'll take a look backstage /SJ https://t.co/ldFdZRiNAt","I have the student discount and I have the free hulu sub with it, but I was just charged full premium price instead of student","Hey, help's here! Can you DM us your account's email address? We'll take a look backstage /SJ",7
2790778,I'm happy now Spotify is working - i can get to the gym now :D,2790777,@373577 Awesome! We've sent you some more info via DM though. Feel free to check it out anytime /MC,I'm happy now Spotify is working - i can get to the gym now :D,Awesome! We've sent you some more info via DM though. Feel free to check it out anytime /MC,2
2004606,"Hi, @SpotifyCares! I have never used @115888, but I am getting monthly charges. Please assist!",2004607,"@592780 1: Hi, help's arrived! Could you DM us a screenshot of the Spotify charge in your bank statement &amp; the first 6/last 4 digits of your...","Hi, ! I have never used , but I am getting monthly charges. Please assist!","1: Hi, help's arrived! Could you DM us a screenshot of the Spotify charge in your bank statement & the first 6/last 4 digits of your...",0
1498728,iOS iPhone 7+ version 8.4.25.906 https://t.co/2mSpmExpzB,1498726,@467982 Thanks. Can you let us know which country your account is registered in? We'll check things out /MU,iOS iPhone 7+ version 8.4.25.906,Thanks. Can you let us know which country your account is registered in? We'll check things out /MU,0
1456540,Hey @115888 and @116935 please add an option to change the output device on PC!,1456539,@458063 Hey there. We can see how that’d be handy. Thanks for taking the time to reach out – your feedback's been noted 📝 /QI,Hey and please add an option to change the output device on PC!,Hey there. We can see how that’d be handy. Thanks for taking the time to reach out – your feedback's been noted 📝 /QI,0
2431677,@SpotifyCares Old remote has limited functionality...can’t move the Spotify cursor...,2431678,@697949 Thanks for checking. It would be best to get in touch with the manufacturer of the universal remote get this sorted out /JU,Old remote has limited functionality...can’t move the Spotify cursor...,Thanks for checking. It would be best to get in touch with the manufacturer of the universal remote get this sorted out /JU,2
622854,@spotifycares i got charged this month but i cancelled my premium a while ago.. who can i contact to get a refund?,622853,"@267844 Hey, help's here! Could you send us a DM with your account's email address or username? We'll take a look backstage /CO https://t.co/ldFdZRiNAt",i got charged this month but i cancelled my premium a while ago.. who can i contact to get a refund?,"Hey, help's here! Could you send us a DM with your account's email address or username? We'll take a look backstage /CO",7
606301,"@SpotifyCares Ok and thanks for prompt reply! But according to this article from https://t.co/POMPPNGx59 it's ""in the works""? https://t.co/gLJWIkQgA6",606300,"@264091 Got it. Rest assured, you guys will be in the know as soon as we receive any updates about it. Feel free to tweet us if there's anything else /GK","Ok and thanks for prompt reply! But according to this article from it's ""in the works""?","Got it. Rest assured, you guys will be in the know as soon as we receive any updates about it. Feel free to tweet us if there's anything else /GK",8
468345,"@115888 High school students use Spotify a lot, I feel like Spotify should offer a deal for any student that is either in high school or college!!!!!",541676,"@245692 Hi there. We appreciate your feedback on this, and we'll be sure to pass it on to the right folks. In the meantime, you can check out other offers such as the Family plan at https://t.co/LESfq9LesY. Let us know if we can help with anything else /LM","High school students use Spotify a lot, I feel like Spotify should offer a deal for any student that is either in high school or college!!!!!","Hi there. We appreciate your feedback on this, and we'll be sure to pass it on to the right folks. In the meantime, you can check out other offers such as the Family plan at Let us know if we can help with anything else /LM",2
1520020,@115888 Hey Spotify... When you mouseover the sponsored advert in the web app the sound comes on and is frickin deafening!  Can you look into this? Ta :-),1520018,"@472547 We hear you, James! Your feedback has been noted and passed onto the team 👊🏼 /JX",Hey Spotify... When you mouseover the sponsored advert in the web app the sound comes on and is frickin deafening! Can you look into this? Ta :-),"We hear you, James! Your feedback has been noted and passed onto the team 👊🏼 /JX",0
2653039,hey @117168 need help with account. DM pls ?,2653038,@748195 Hi there! What's happening exactly? Can you DM us your account's email address or username? We'll take a look backstage /NQ https://t.co/ldFdZRiNAt,hey need help with account. DM pls ?,Hi there! What's happening exactly? Can you DM us your account's email address or username? We'll take a look backstage /NQ,9
1823766,@SpotifyCares hey stop debiting my account every month for a premium subscription I literally do not even have.,1823765,@547461 Hey there! Could you send us a DM with your account's email address or username? We'll take a look backstage /FR https://t.co/ldFdZRiNAt,hey stop debiting my account every month for a premium subscription I literally do not even have.,Hey there! Could you send us a DM with your account's email address or username? We'll take a look backstage /FR,7
1080921,"@SpotifyCares The issue has always happened. Most of the time I am on wifi, and it still drains my battery.",1080923,"@374985 Got it. Can you DM us your account's email address, so we can take a look backstage? /MG https://t.co/ldFdZRiNAt","The issue has always happened. Most of the time I am on wifi, and it still drains my battery.","Got it. Can you DM us your account's email address, so we can take a look backstage? /MG",0
2490947,Dear @115888 It is beyond stupid that I cannot change or even see the address I registered on my account; My wife can't log to the family package! She obviously lives with me! I'm changing to @1122 you fucking assholes!,2490946,"@711224 Hey Gera, help's here! Could you send us a DM with your account's email address or username, along with that of your wife's? We'll take a look backstage /CO https://t.co/ldFdZRiNAt",Dear It is beyond stupid that I cannot change or even see the address I registered on my account; My wife can't log to the family package! She obviously lives with me! I'm changing to you fucking assholes!,"Hey Gera, help's here! Could you send us a DM with your account's email address or username, along with that of your wife's? We'll take a look backstage /CO",9
2602368,@117153 i added new songs to my playlist from my phone but on my computer the songs won't show... why?,2602367,@736509 Hey Snezhina! Can you DM us your account's email address or username along with the Playlist Link where you recently added songs to? We'll take a look backstage /KM https://t.co/ldFdZRiNAt,i added new songs to my playlist from my phone but on my computer the songs won't show... why?,Hey Snezhina! Can you DM us your account's email address or username along with the Playlist Link where you recently added songs to? We'll take a look backstage /KM,5
647120,Thanks @115888 @SpotifyCares for having such amazing customer service and helping me out with my account! You guys rock!,647119,@273707 You're welcome Meaghan! If you ever need anything else be sure to give us a... https://t.co/AUc7DGJpgF 🙂 /JX,Thanks for having such amazing customer service and helping me out with my account! You guys rock!,You're welcome Meaghan! If you ever need anything else be sure to give us a... 🙂 /JX,8
963331,@SpotifyCares I upgraded from Premium to Family. I invited my daughter via her email. Now how do we listen at the same time?,963330,@348612 Hey Alison! We just replied to your DM with more info. Check it out 🙂 /BH,I upgraded from Premium to Family. I invited my daughter via her email. Now how do we listen at the same time?,Hey Alison! We just replied to your DM with more info. Check it out 🙂 /BH,1
563528,@SpotifyCares Booooo. Hahahahaha thanks for the reply,563530,"@246829 No worries! In the meantime, we'll let the right team know that a yearly Premium for Family subscription is something you'd like to see. Give us a shout if you have any other questions 🙂 /JL",Booooo. Hahahahaha thanks for the reply,"No worries! In the meantime, we'll let the right team know that a yearly Premium for Family subscription is something you'd like to see. Give us a shout if you have any other questions 🙂 /JL",8
1370347,@115888 I tried to get the premium deal for students but it didn't work. Which is too bad because I miss getting my personalized Monday playlist.,2270354,@143087 Hey! Can you DM us your account's username and email address? We'll take a look backstage /JL https://t.co/ldFdZRiNAt,I tried to get the premium deal for students but it didn't work. Which is too bad because I miss getting my personalized Monday playlist.,Hey! Can you DM us your account's username and email address? We'll take a look backstage /JL,7
859109,@SpotifyCares Followed all the steps - still no change :(,859110,@323987 Hmm. Can you DM us your account's email address or username? We'll take a look backstage /KM https://t.co/ldFdZRiNAt,Followed all the steps - still no change :(,Hmm. Can you DM us your account's email address or username? We'll take a look backstage /KM,0
744383,"@115888 station ""This is Ron Pope"" ... doesn't play any of @297985's new album, ""Work.""  &lt;eye roll&gt;  It's just too great to overlook!",744381,"@297984 Hi there! Can you tell us the device, operating system, and Spotify version you're rocking? We'll see what we can suggest /JM","station ""This is Ron Pope"" ... doesn't play any of 's new album, ""Work."" <eye roll> It's just too great to overlook!","Hi there! Can you tell us the device, operating system, and Spotify version you're rocking? We'll see what we can suggest /JM",4
1252269,@SpotifyCares I’ve yet to hear from anyone at Spotify.   That’s another reason why I switched my streaming to another source.  Terrible service,1753540,"@413761 We're sorry you feel that way. Not to worry, we'll give our devs a nudge on this. Drop us a tweet if anything else comes up /MT",I’ve yet to hear from anyone at Spotify. That’s another reason why I switched my streaming to another source. Terrible service,"We're sorry you feel that way. Not to worry, we'll give our devs a nudge on this. Drop us a tweet if anything else comes up /MT",2
695461,@SpotifyCares I sent you DM. please let me know if you can help this POOR UNFORTUNATE SOUL!,695460,@179148 Got it! We've sent a reply over to your DM. Let's carry on chatting there 🙂 /LP,I sent you DM. please let me know if you can help this POOR UNFORTUNATE SOUL!,Got it! We've sent a reply over to your DM. Let's carry on chatting there 🙂 /LP,0
1485016,@SpotifyCares Ack! What do I do when I accidentally thumbs-down a song I really like on a radio station? Can I un-thumbs-down it somehow?,1485015,"@464861 Hey Peter! You can help make it happen by adding your vote at https://t.co/yqUShsRSf0. Hopefully, we'll have an update soon /GU",Ack! What do I do when I accidentally thumbs-down a song I really like on a radio station? Can I un-thumbs-down it somehow?,"Hey Peter! You can help make it happen by adding your vote at Hopefully, we'll have an update soon /GU",6
2023292,@SpotifyCares Is this really the only way to get help? I keep getting interruptions from the web player when listening on my phone or computer. Tried disconnecting all devices but it keeps happening.,2023291,"@598385 Hi Dan, help's here! Try clearing your browser's cache/cookies and refreshing. Does that help at all? Keep us posted /JI",Is this really the only way to get help? I keep getting interruptions from the web player when listening on my phone or computer. Tried disconnecting all devices but it keeps happening.,"Hi Dan, help's here! Try clearing your browser's cache/cookies and refreshing. Does that help at all? Keep us posted /JI",5
1816680,@115888  please make all songs look like this plleeeaasseee https://t.co/ez8h4vUNMx,1816679,"@545734 Hey, we appreciate your feedback! Don't worry, we'll make sure to pass it on to the right team. Let us know if you need any more help /GK",please make all songs look like this plleeeaasseee,"Hey, we appreciate your feedback! Don't worry, we'll make sure to pass it on to the right team. Let us know if you need any more help /GK",0
421640,@SpotifyCares mac (1.0.65.320.gac7a8e02) - did you guys mess with ‘set same volume level for all songs’ recently? Could be this mix is crap.,421638,"@215455 Hi John, help's here. Can you let us know the OS X version you're running? We'll see what we can suggest /NY",mac (1.0.65.320.gac7a8e02) - did you guys mess with ‘set same volume level for all songs’ recently? Could be this mix is crap.,"Hi John, help's here. Can you let us know the OS X version you're running? We'll see what we can suggest /NY",0
722037,@SpotifyCares @292847 @115888 I would also like to know!,722038,"@292848 If you’re a student qualified for the discount, you can also access Hulu at no additional cost. More info at https://t.co/pFeBZLq1cj /CO",I would also like to know!,"If you’re a student qualified for the discount, you can also access Hulu at no additional cost. More info at /CO",0
43451,@SpotifyCares Why can I not pay for Spotify Student via PayPal?,43450,@125638 Hi Kyle! Can you send us a DM with your username or email address? We'll take a look under the hood /HR https://t.co/ldFdZRiNAt,Why can I not pay for Spotify Student via PayPal?,Hi Kyle! Can you send us a DM with your username or email address? We'll take a look under the hood /HR,2
1362794,"@115888 ????!!!  HELLO...
@SpotifyCares ??!! ISSUES!!!",1362793,@437318 Hi there. Can you let us know what's happening exactly? We'll be happy to help /LM,????!!! HELLO... ??!! ISSUES!!!,Hi there. Can you let us know what's happening exactly? We'll be happy to help /LM,0
665713,"@SpotifyCares I am trying to get 30-day free trial.  If goes well, will keep subscription going.  Tool keeps telling me to ""enter valid postal code"" ... and I've double checked that it's correct one for my Visa.  Help?",665711,@269838 Hey there! Could you try using an incognito window? Let us know how it goes /DF,"I am trying to get 30-day free trial. If goes well, will keep subscription going. Tool keeps telling me to ""enter valid postal code"" ... and I've double checked that it's correct one for my Visa. Help?",Hey there! Could you try using an incognito window? Let us know how it goes /DF,0
2902785,@117168 Hello! Do you have an email we can use to send you guys a sponsorship deck?,2902784,@803976 Hey there! We’ve got loads of info on this here: https://t.co/LBAqXROzxj. You'll also be able to reach out to our team using a contact form. Let us know if there’s anything else /JX,Hello! Do you have an email we can use to send you guys a sponsorship deck?,Hey there! We’ve got loads of info on this here: You'll also be able to reach out to our team using a contact form. Let us know if there’s anything else /JX,0
1806014,Is there a limit to how many songs you can have in your @115888 Premium library?,1806013,@306504 Hey Thom! There's currently a 10k limit in Your Music (Songs + Albums + Artists). More info here: https://t.co/59ABtm5Ftl /RA,Is there a limit to how many songs you can have in your Premium library?,Hey Thom! There's currently a 10k limit in Your Music (Songs + Albums + Artists). More info here: /RA,7
803861,@SpotifyCares please could you help me!,803860,@311576 Hey! We've just sent a DM your way. Let's carry on chatting there /NY,please could you help me!,Hey! We've just sent a DM your way. Let's carry on chatting there /NY,0
1109417,@117153 i just bought premium and even got the confirmation mail but in the app it still says that i have the free subscription,1109416,@381817 @117153 Hey help's here! Can you DM us your account's username or email address? We'll take a look under the hood /RS https://t.co/ldFdZRiNAt,i just bought premium and even got the confirmation mail but in the app it still says that i have the free subscription,Hey help's here! Can you DM us your account's username or email address? We'll take a look under the hood /RS,7
1182765,@SpotifyCares I’d love to know how my email is sensitive information.,1182766,@398135 We've just sent a DM your way. Let's carry on chatting there /MT,I’d love to know how my email is sensitive information.,We've just sent a DM your way. Let's carry on chatting there /MT,9
2481148,"@SpotifyCares if i sign up for the student discount again, will i be billed twice next time? or do i need to cancel my subscription first?",2481147,@708951 Hey there! Can you DM us your account's username or email address? We'll take a look backstage /YM https://t.co/ldFdZRiNAt,"if i sign up for the student discount again, will i be billed twice next time? or do i need to cancel my subscription first?",Hey there! Can you DM us your account's username or email address? We'll take a look backstage /YM,0
1374746,I gotta get on that @115888 and @115940 student deal,1374745,@439997 Hey there! Can you DM us your account's email address? We'll see what we can suggest /RB https://t.co/ldFdZRiNAt,I gotta get on that and student deal,Hey there! Can you DM us your account's email address? We'll see what we can suggest /RB,0
1544270,@115888 please make my Christmas miracle come true https://t.co/ZLNy95ohTj,1544269,@478344 2: https://t.co/MEjmIRL2eB. Hopefully we'll have them available again soon /MT,please make my Christmas miracle come true,2: Hopefully we'll have them available again soon /MT,0
2684274,@SpotifyCares How do I set up a Netherlands account in English language?,2684273,"@754977 Hi Kevin, help's here! Can you DM us your account's email address? We'll take a look backstage /DV https://t.co/ldFdZRiNAt",How do I set up a Netherlands account in English language?,"Hi Kevin, help's here! Can you DM us your account's email address? We'll take a look backstage /DV",9
2154923,@SpotifyCares Yes ! ima write my letter to the santa,2154921,@211016 Cool beans! You know where to find us if there's anything else you need help with. https://t.co/uEkAlnxbzn 😉 /CH,Yes ! ima write my letter to the santa,Cool beans! You know where to find us if there's anything else you need help with. 😉 /CH,0
2364803,@115888 when will reputation be up,2364802,"@168225 Hi, Taylor Swift's 'Reputation' isn't available to stream just yet – stay tuned! For now, check out the singles: https://t.co/3h0TnPWP0c /RB",when will reputation be up,"Hi, Taylor Swift's 'Reputation' isn't available to stream just yet – stay tuned! For now, check out the singles: /RB",0
66020,"@SpotifyCares Hi I was wondering, are there still gift cards sold at Australian stores? I can't find them anywhere anymore.",66019,@131102 Hi Courtney! We've just sent you a bit more info over DM. We'll carry on helping out there /LS,"Hi I was wondering, are there still gift cards sold at Australian stores? I can't find them anywhere anymore.",Hi Courtney! We've just sent you a bit more info over DM. We'll carry on helping out there /LS,5
2978417,@115888 wtf music only plays on my phone when the app is open?? when screen is locked or i’m on another app it stops if i wanted youtube i’d b on youtube 🆘,2978416,"@821430 Hey Heli! Can you tell us what device, operating system, and Spotify version you're using? We'll see what we can suggest /CH",wtf music only plays on my phone when the app is open?? when screen is locked or i’m on another app it stops if i wanted youtube i’d b on youtube 🆘,"Hey Heli! Can you tell us what device, operating system, and Spotify version you're using? We'll see what we can suggest /CH",5
2513136,@SpotifyCares I am having difficulty logging into Hulu and they said to contact you.,2513135,"@411398 Hey Haley! Help's arrived. Just to check, are you trying to sign up for the Student Discount + Hulu bundle? If you're receiving an error message, sending us a screenshot would be super useful /PC",I am having difficulty logging into Hulu and they said to contact you.,"Hey Haley! Help's arrived. Just to check, are you trying to sign up for the Student Discount + Hulu bundle? If you're receiving an error message, sending us a screenshot would be super useful /PC",0
378740,@SpotifyCares hey why can't I buy premium? I'm tapping on my account &amp; I don't see the upgrade to premium option.,378739,@205883 Hey! Help's here. Can you DM us your account's email address? We'll take a look backstage /MG https://t.co/ldFdZRiNAt,hey why can't I buy premium? I'm tapping on my account & I don't see the upgrade to premium option.,Hey! Help's here. Can you DM us your account's email address? We'll take a look backstage /MG,7
1808913,@SpotifyCares my son has free account but was charged 9.99. His account shows he can still upgrade to premium. Can you help?,1808912,@543441 Hi there! We'll be happy to help. Can you DM us the email address linked to your son's account? We'll take a look backstage /LM https://t.co/ldFdZRiNAt,my son has free account but was charged 9.99. His account shows he can still upgrade to premium. Can you help?,Hi there! We'll be happy to help. Can you DM us the email address linked to your son's account? We'll take a look backstage /LM,9
2597264,@SpotifyCares Can you help my sister @100378 Please. She's having a hard time accepting my invite for spotify family premium plan. Thank you.,2597263,"@735374 Hey Mike, help's here! Can you DM us your account's email address or username, along with your sister's? We'll take a look backstage /RH https://t.co/ldFdZRiNAt",Can you help my sister Please. She's having a hard time accepting my invite for spotify family premium plan. Thank you.,"Hey Mike, help's here! Can you DM us your account's email address or username, along with your sister's? We'll take a look backstage /RH",1
1109427,"@SpotifyCares hi, i have a problem regarding a family premium account i’m paying for, what’s your email so i can discuss further?",1109425,@202224 Hey there! We can help you here on Twitter. We also have email support at https://t.co/ZgU70TbP8M. Let us know how you wish to proceed /TC,"hi, i have a problem regarding a family premium account i’m paying for, what’s your email so i can discuss further?",Hey there! We can help you here on Twitter. We also have email support at Let us know how you wish to proceed /TC,1
1914203,@115888 I’ve been charged for both student premium and regular premium since July. I’ve been paying $15 a month? Help me fix this.,1914202,"@570179 Hi Emily, help's arrived! Could you DM us all usernames &amp; email addresses you might've used to create an account? Keep us posted /JQ https://t.co/ldFdZR1cbT",I’ve been charged for both student premium and regular premium since July. I’ve been paying $15 a month? Help me fix this.,"Hi Emily, help's arrived! Could you DM us all usernames & email addresses you might've used to create an account? Keep us posted /JQ",7
1355015,@SpotifyCares A built in alarm clock on the app would be amazing! Thoughts?,1355014,"@435978 Hi Chris, we can see how that’d be useful! You can vote for the official idea here: https://t.co/YSHYSPDR4z. Stay awesome 😁 /TY",A built in alarm clock on the app would be amazing! Thoughts?,"Hi Chris, we can see how that’d be useful! You can vote for the official idea here: Stay awesome 😁 /TY",0
2011409,@SpotifyCares why are there random songs on my spotify account that cant be played? ive played them a bunch of times before,2011408,@594799 Hi! Are you getting an error message? Sending us your device's make/model and the versions of its OS and the app would be great too /CX,why are there random songs on my spotify account that cant be played? ive played them a bunch of times before,Hi! Are you getting an error message? Sending us your device's make/model and the versions of its OS and the app would be great too /CX,9
2643850,"Hi @52770, it's been a year since you launched. Would you be so kind &amp; make #JoeHisaishi's entire music available worldwide.🍏🎶has them https://t.co/5BQt5GT7iT",2643849,"@745989 Hi Phil. We’d love to have all of his music available, but we have some info about content here: https://t.co/0i8GpimuDa /JU","Hi , it's been a year since you launched. Would you be so kind & make #JoeHisaishi's entire music available worldwide.🍏🎶has them","Hi Phil. We’d love to have all of his music available, but we have some info about content here: /JU",5
2337994,@SpotifyCares good lookin out 💯💯💯,2337996,"@676389 Thanks! If you ever need us with anything else, just give us a... https://t.co/AUc7DGJpgF 🙂 /AR",good lookin out 💯💯💯,"Thanks! If you ever need us with anything else, just give us a... 🙂 /AR",0
1648674,"@SpotifyCares Like, it'll say it's playing the song, but no time will elapse, or if it does there will be no sound. Meaning either restart or fiddle.",1648676,@503646 Got it! Could you try uninstalling and reinstalling the app? Let us know how it goes /DF,"Like, it'll say it's playing the song, but no time will elapse, or if it does there will be no sound. Meaning either restart or fiddle.",Got it! Could you try uninstalling and reinstalling the app? Let us know how it goes /DF,6
963496,"Hey @115888 , STOP PLAYING ONE ADVERTISMENT SO LOW AND THEN THE NEXT ONE LOUD ENOUGH TO SHAKE DOWN A BUILDING. Thank you, sincerely lucas",963495,@348666 Hi Lucas. Thanks for the feedback – we appreciate it. We’ll get this passed onto the right team /QI,"Hey , STOP PLAYING ONE ADVERTISMENT SO LOW AND THEN THE NEXT ONE LOUD ENOUGH TO SHAKE DOWN A BUILDING. Thank you, sincerely lucas",Hi Lucas. Thanks for the feedback – we appreciate it. We’ll get this passed onto the right team /QI,3
2919415,@115888 get your shit together karen,2919414,@808051 Hey there! Everything should be running smoothly now. Let us know if you're still getting issues /GS,get your shit together karen,Hey there! Everything should be running smoothly now. Let us know if you're still getting issues /GS,0
2517261,@SpotifyCares my wife signed up for spotify+starbucks deal (https://t.co/EZFcorftnL) but hasnt received the promo code yet - its been almost a week. Can you guys help?,2517260,"@717062 Hey there, help's here! Could you DM us your wife's email address and username? We'll take a look backstage 🔍 /PX https://t.co/ldFdZRiNAt",my wife signed up for spotify+starbucks deal ( but hasnt received the promo code yet - its been almost a week. Can you guys help?,"Hey there, help's here! Could you DM us your wife's email address and username? We'll take a look backstage 🔍 /PX",2
712167,@SpotifyCares rep who said there would be an update within a day???,712165,"@290313 Hi there. What's happening exactly? Can you also give us the device, operating system, and app version you're using? /JU",rep who said there would be an update within a day???,"Hi there. What's happening exactly? Can you also give us the device, operating system, and app version you're using? /JU",0
1075714,Hi @115888 can you pls create a feature so I can add the music I’m listening to to my library while my phone is still locked? Thanks 🙏🏻,1075713,@373808 We can see how that’d be handy. Thanks for taking the time to reach out – your feedback's been noted 📝 /DF,Hi can you pls create a feature so I can add the music I’m listening to to my library while my phone is still locked? Thanks 🙏🏻,We can see how that’d be handy. Thanks for taking the time to reach out – your feedback's been noted 📝 /DF,5
53734,why cant you change the song on spotify from the lock screen or swipe up menu any more @SpotifyCares,53733,"@128149 Hey Georgie, that doesn't sound right! What device, operating system, and Spotify version are you using? We'll see what we can suggest /JE",why cant you change the song on spotify from the lock screen or swipe up menu any more,"Hey Georgie, that doesn't sound right! What device, operating system, and Spotify version are you using? We'll see what we can suggest /JE",6
1211652,@SpotifyCares Yeah when I go to their page and hit shuffle play it does this and whenever I add their songs to my queue they disappear https://t.co/bJfjJbOH0D,1211650,"@404388 Thanks for the screenshot. We'd recommend logging out, closing the app, and restarting your phone. Does that help? /MG",Yeah when I go to their page and hit shuffle play it does this and whenever I add their songs to my queue they disappear,"Thanks for the screenshot. We'd recommend logging out, closing the app, and restarting your phone. Does that help? /MG",6
2259568,"@SpotifyCares okkkkk I know that, but when will the entire album be available to stream?",2259570,@657961 We’ll have it available to you as soon as it’s available to us! https://t.co/0i8GpimuDa /QI,"okkkkk I know that, but when will the entire album be available to stream?",We’ll have it available to you as soon as it’s available to us! /QI,4
2059836,"Well the King of China just released his new album ""SHEEP"" and it's not available on Spotify yet https://t.co/rnwgpWBZgS",2059835,@192872 We're sorry you feel that way. Music availability all boils down to licensing agreements. We have more info at https://t.co/VMrgnG7ZG6 /LM,"Well the King of China just released his new album ""SHEEP"" and it's not available on Spotify yet",We're sorry you feel that way. Music availability all boils down to licensing agreements. We have more info at /LM,4
492446,@SpotifyCares I got the email about converting my Premium acct to $99/year instead of $9.99/month. Are you guys offering a similar annual payment for a family plan?,492445,@232381 Hey Jordan! We currently don't offer 12 months for the price of 10 on our Premium for Family subscription. Can you DM us your account's username or email address? We'll see what we can suggest /PC https://t.co/ldFdZRiNAt,I got the email about converting my Premium acct to $99/year instead of $9.99/month. Are you guys offering a similar annual payment for a family plan?,Hey Jordan! We currently don't offer 12 months for the price of 10 on our Premium for Family subscription. Can you DM us your account's username or email address? We'll see what we can suggest /PC,1
526257,I lost my email address for Spotify and now I can’t login. @spotifycares,526256,"@241766 Hey, help's here! Can you DM us your account's email address or username? We'll take a look backstage /KM https://t.co/ldFdZR1cbT",I lost my email address for Spotify and now I can’t login.,"Hey, help's here! Can you DM us your account's email address or username? We'll take a look backstage /KM",9
1936582,My @115888 account was hacked today. 4+ years of music and playlists gone &amp; replaced by this. 😥💔 I use my lists everyday so this hurts. 😓 https://t.co/hRXsl6VXzW,1936584,@576154 Thanks for the update. You can also head to https://t.co/GBiFQ1dMbA to recover your playlists on your laptop. Let us know how it goes /MG,My account was hacked today. 4+ years of music and playlists gone & replaced by this. 😥💔 I use my lists everyday so this hurts. 😓,Thanks for the update. You can also head to to recover your playlists on your laptop. Let us know how it goes /MG,9
2917959,"Hello @SpotifyCares , someone's using my account whom I didn't know (I'm in premium). I already logged out all devices and changed my password but still the user is still there. I hope you can help me regarding this issue. Thanks!",2917958,"@807671 Hey, help's here! Can you DM us your account's username and email address? We'll do some digging 🔍 /TR https://t.co/ldFdZRiNAt","Hello , someone's using my account whom I didn't know (I'm in premium). I already logged out all devices and changed my password but still the user is still there. I hope you can help me regarding this issue. Thanks!","Hey, help's here! Can you DM us your account's username and email address? We'll do some digging 🔍 /TR",8
1618998,@SpotifyCares It's clearly a bug in your card number formatter though. It adds a space to the input field every 4 numbers but doesn't reposition the caret,1618999,@496327 We're sorry to hear that. Can you send us your account's email address? We'll see what we can suggest /SJ,It's clearly a bug in your card number formatter though. It adds a space to the input field every 4 numbers but doesn't reposition the caret,We're sorry to hear that. Can you send us your account's email address? We'll see what we can suggest /SJ,0
1206993,"@SpotifyCares This isn’t really helpful, all the songs have disappeared..",1206995,@403429 Sorry to hear that! Check out the steps under “Downloads unexpectedly removed” at https://t.co/38J7tFlIBF. They should help with this /MA,"This isn’t really helpful, all the songs have disappeared..",Sorry to hear that! Check out the steps under “Downloads unexpectedly removed” at They should help with this /MA,0
277353,"@SpotifyCares I'm using an iPhone SE on the most recent of all. iOS 11.0.3, spotify 8.4.25",277352,"@182253 Thanks. Does logging out, restarting your device, then logging back in help at all? /QI","I'm using an iPhone SE on the most recent of all. iOS 11.0.3, spotify 8.4.25","Thanks. Does logging out, restarting your device, then logging back in help at all? /QI",2
2720887,@SpotifyCares Why isn't spotify available in Mauritius ? Do you think you can make it available ? (hope I get a response😂),2720886,@763439 Hey there! We're launching regularly in countries around the world. Sign up here to be first to hear: https://t.co/XDwWzj7cLP /NQ,Why isn't spotify available in Mauritius ? Do you think you can make it available ? (hope I get a response😂),Hey there! We're launching regularly in countries around the world. Sign up here to be first to hear: /NQ,2
2183010,Come on @115888 @SpotifyCares let's update the app for #iPhoneX!,2183009,"@639463 Hi Nico! We don't have any info to share right now, but we'll pass your feedback on to the right folks 🙂 /NH",Come on let's update the app for #iPhoneX!,"Hi Nico! We don't have any info to share right now, but we'll pass your feedback on to the right folks 🙂 /NH",0
1035184,"I got some trouble about my account on the Spotify.please contact me.i need u help.my email : __email__
@SpotifyCares 
@115888",1035183,@364867 2: what's happening via DM? We'll see what we can suggest /RA https://t.co/ldFdZRiNAt,I got some trouble about my account on the Spotify.please contact me.i need u help.my email : __email__,2: what's happening via DM? We'll see what we can suggest /RA,9
582208,I can’t find Porky Pig’s Blue Christmas on spotify. Lame.,582206,"@257239 Hey there! Fingers crossed we'll be able to have it soon, but there's info about Spotify content here: https://t.co/1dgftcFtzc /RE",I can’t find Porky Pig’s Blue Christmas on spotify. Lame.,"Hey there! Fingers crossed we'll be able to have it soon, but there's info about Spotify content here: /RE",2
885048,"Uh, excuse me @115888 on what planet do you think this song belongs on a “sfw” playlist?! https://t.co/gtcu6MFq9a",885046,@330161 Hey there! Can you send us the Playlist Link? Just tap the three dots &gt; Share &gt; Copy Link. We'll take a look backstage /MG,"Uh, excuse me on what planet do you think this song belongs on a “sfw” playlist?!",Hey there! Can you send us the Playlist Link? Just tap the three dots > Share > Copy Link. We'll take a look backstage /MG,6
862439,"No, @115888. I do not want to fucking listen to @14797. Ever. Why can’t we block music we don’t ever want to listen to yet?",862438,"@324787 Hey! It's not possible for now, but you can support the idea by adding your vote at https://t.co/hlXvRg5Zog /CB","No, . I do not want to fucking listen to . Ever. Why can’t we block music we don’t ever want to listen to yet?","Hey! It's not possible for now, but you can support the idea by adding your vote at /CB",5
969370,"@SpotifyCares currently having problems with my Spotify Premium, I know for a fact my payment on October 2nd went through.. :(",969368,@350091 Hi Chloe! We've just sent you a bit more info over DM. We'll carry on helping out there /TC,"currently having problems with my Spotify Premium, I know for a fact my payment on October 2nd went through.. :(",Hi Chloe! We've just sent you a bit more info over DM. We'll carry on helping out there /TC,2
1665951,"y’all just released it, thanks 🤧 https://t.co/3dFk1redUe",1665950,@498869 Nice. Glad to hear it's all good. Just let us know if we can help with anything else. https://t.co/m4HWSbgHVZ /GK,"y’all just released it, thanks 🤧",Nice. Glad to hear it's all good. Just let us know if we can help with anything else. /GK,8
1445698,@SpotifyCares Problem solved by logging off on my devices,1445697,@455481 Awesome! Let us know if you ever need us. We'd be... https://t.co/LgAM6ky9Vv /MX,Problem solved by logging off on my devices,Awesome! Let us know if you ever need us. We'd be... /MX,0
184240,Why does @115888  skip on Bluetooth?,184239,"@159354 Hi Kelvin, that's not cool! What device, OS and Spotify version are you rocking? We'll see what we can suggest /BH",Why does skip on Bluetooth?,"Hi Kelvin, that's not cool! What device, OS and Spotify version are you rocking? We'll see what we can suggest /BH",6
1864298,@115888 @SpotifyCares @117168 @2602 has a new song why are they not in the new releases area?,1864297,"@180083 Hey there! The more you use Spotify, the more personalized New Releases becomes. Carry on listening to the songs and artists you love /JP",has a new song why are they not in the new releases area?,"Hey there! The more you use Spotify, the more personalized New Releases becomes. Carry on listening to the songs and artists you love /JP",6
2024408,"@SpotifyCares my songs keep getting deleted from my phone. I woke up today, and 95% were undownloaded w/ random songs still being there. https://t.co/Wf72K7kAcC",2024407,@598686 Hi Lucas! Can you check out the steps under “Downloads unexpectedly removed” at https://t.co/38J7tFlIBF? They should help with this /ME,"my songs keep getting deleted from my phone. I woke up today, and 95% were undownloaded w/ random songs still being there.",Hi Lucas! Can you check out the steps under “Downloads unexpectedly removed” at They should help with this /ME,5
729782,Yo @SpotifyCares i just got premium but realised the email i used has been deleted so how do i get the receipt for it?,729781,@294793 Hey! Can you DM us your account's username or email address so we can check? /JP https://t.co/ldFdZRiNAt,Yo i just got premium but realised the email i used has been deleted so how do i get the receipt for it?,Hey! Can you DM us your account's username or email address so we can check? /JP,7
116615,@117153 I tried to pay with both normal and incognito modes. Also cleared cookies etc. But my account has not upgraded to premium yet.,628111,@268782 Hey there! Help's here. Can you DM us your account's email address or username? We'll take a look backstage /PB https://t.co/ldFdZRiNAt,I tried to pay with both normal and incognito modes. Also cleared cookies etc. But my account has not upgraded to premium yet.,Hey there! Help's here. Can you DM us your account's email address or username? We'll take a look backstage /PB,7
1639782,@SpotifyCares when are you releasing an update to support the iPhone X interface? I don’t like having these empty black bars on my phone.,1639781,"@501361 Hey! We don't have any info on this right now, but we'll pass it on to the right folks. Hopefully we'll have an update really soon /TC",when are you releasing an update to support the iPhone X interface? I don’t like having these empty black bars on my phone.,"Hey! We don't have any info on this right now, but we'll pass it on to the right folks. Hopefully we'll have an update really soon /TC",5
1702485,"Dear @115888. I love you. But.

I would like to listen to Explosions in the Sky for work w/out it affecting my Discover Weekly.

Halp?",1702484,@516160 Hey Steve! Here's some info on how to open a private session: https://t.co/zbYDlA7z15. Hope that help's 🙂 /KL,Dear . I love you. But. I would like to listen to Explosions in the Sky for work w/out it affecting my Discover Weekly. Halp?,Hey Steve! Here's some info on how to open a private session: Hope that help's 🙂 /KL,0
1846430,@SpotifyCares Large number of playlists affecting Spotify performance? Eg I tried moving a folder with lots of playlists and Spotify crashed,1846429,@553055 Hey! You should be able to save a large number of playlists. Can you send us your account's email/username? We'll take a look backstage /KL,Large number of playlists affecting Spotify performance? Eg I tried moving a folder with lots of playlists and Spotify crashed,Hey! You should be able to save a large number of playlists. Can you send us your account's email/username? We'll take a look backstage /KL,2
1048290,@SpotifyCares I've direct messaged you. Thanks!,1048289,@367761 We've just replied to your DM. Let's continue chatting there /DB,I've direct messaged you. Thanks!,We've just replied to your DM. Let's continue chatting there /DB,8
2154939,@SpotifyCares When can the public see your release notes? This is like one of the most basic things you can do. Still no update on Web Player to access link opening settings so that I can click spotify links from friends and automatically have it open in the desktop client.,2154938,"@633115 2: As for opening a link on the desktop app, you can add your kudos at https://t.co/MNpu634W4c. Let us know if you need anything else /NS",When can the public see your release notes? This is like one of the most basic things you can do. Still no update on Web Player to access link opening settings so that I can click spotify links from friends and automatically have it open in the desktop client.,"2: As for opening a link on the desktop app, you can add your kudos at Let us know if you need anything else /NS",0
1427792,@SpotifyCares Yes. But only because you’re so much better than @115948,1427794,"@451665 Alright, cool. We'll keep an eye out for your update! /RH",Yes. But only because you’re so much better than,"Alright, cool. We'll keep an eye out for your update! /RH",0
2886011,.@SpotifyCares Please could you help? None of my music will play and it’s set to “offline” I listen to my music on the go all the time and have never had this problem. It’s just stopped becoming available. Has my music just...un-downloaded itself? 😞,2886010,"@800445 Hey Kaysha, sorry to hear that. Check out the steps under “Downloads unexpectedly removed” at https://t.co/38J7tFlIBF. They should help with this. Let us know if there's anything else /AY",. Please could you help? None of my music will play and it’s set to “offline” I listen to my music on the go all the time and have never had this problem. It’s just stopped becoming available. Has my music just...un-downloaded itself? 😞,"Hey Kaysha, sorry to hear that. Check out the steps under “Downloads unexpectedly removed” at They should help with this. Let us know if there's anything else /AY",5
2937771,@115888 i cant download any music 😭,2937770,"@812070 Hey, help's here. Can you DM us your account's email address or username? We'll take a look under the hood /AY https://t.co/ldFdZRiNAt",i cant download any music 😭,"Hey, help's here. Can you DM us your account's email address or username? We'll take a look under the hood /AY",5
568958,"Yes I want it, but how do I get it with no CTA button on the page, @115888?! https://t.co/uOG2Wis0eA",568957,@253496 Hi there! We're running a new offer called Spotify Yearly. You can use any recurring payment method like a credit/debit card or PayPal when signing up for it at https://t.co/LHTUu8url7. Hope that info helps /DD,"Yes I want it, but how do I get it with no CTA button on the page, ?!",Hi there! We're running a new offer called Spotify Yearly. You can use any recurring payment method like a credit/debit card or PayPal when signing up for it at Hope that info helps /DD,0
2456247,@115888 @115786 HEY ONE OF YOU FIGURE OUT WHY I CAN'T LISTEN TO LEON BRIDGES RIGHT NOW. THIS IS STRAIGHT EVIL.,2456246,@703605 Hey Tyler! Can you send us a link to the specific album or track that you're having an issue on? We'll look into it /GS,HEY ONE OF YOU FIGURE OUT WHY I CAN'T LISTEN TO LEON BRIDGES RIGHT NOW. THIS IS STRAIGHT EVIL.,Hey Tyler! Can you send us a link to the specific album or track that you're having an issue on? We'll look into it /GS,0
184609,"@SpotifyCares that didn't work. here is my typical workflow:
 - listen to some podcasts one day
 - leave spotify open on computer
 - click back into that same podcast next day
 - new episodes are not there
 - quit app, relaunch, new episodes are there",184610,@159460 Thanks for letting us know. Can you fire over your account's email address or username via DM? Let's carry on there /JE https://t.co/ldFdZRiNAt,"that didn't work. here is my typical workflow: - listen to some podcasts one day - leave spotify open on computer - click back into that same podcast next day - new episodes are not there - quit app, relaunch, new episodes are there",Thanks for letting us know. Can you fire over your account's email address or username via DM? Let's carry on there /JE,0
2458963,@115888 why you not yet here?,2458961,@704225 Hey there! We've just replied to your DM. Check out your messages 😉 /TM,why you not yet here?,Hey there! We've just replied to your DM. Check out your messages 😉 /TM,0
1384565,"@SpotifyCares I've given up on the desktop app. It's unresponsive and buggy, but worst of all it leaks massive amounts of memory. I see incremental updates, but none of them fix the elephant in the room. I can use the web app, but I can't scrobble from it or easily play by album.",1384563,"@6463 Hey there! We'd love to help. What device (make &amp; model), operating system, and Spotify version are you using? We'll see what we can suggest /LP","I've given up on the desktop app. It's unresponsive and buggy, but worst of all it leaks massive amounts of memory. I see incremental updates, but none of them fix the elephant in the room. I can use the web app, but I can't scrobble from it or easily play by album.","Hey there! We'd love to help. What device (make & model), operating system, and Spotify version are you using? We'll see what we can suggest /LP",6
1776705,@116130 what has happened to the X factor recording songs?,1776704,@533895 Hi Ashley. Sometimes content gets temporarily removed because of licensing changes. Hopefully we'll have it available again soon /JU,what has happened to the X factor recording songs?,Hi Ashley. Sometimes content gets temporarily removed because of licensing changes. Hopefully we'll have it available again soon /JU,0
1931798,@115888 please don't delete all my downloaded albums again. #thanks,1931797,"@574869 Hey Robert, this doesn't sound good! Could you send us a DM with your account's username or email address? We'll take a look backstage /DB https://t.co/ldFdZRiNAt",please don't delete all my downloaded albums again. #thanks,"Hey Robert, this doesn't sound good! Could you send us a DM with your account's username or email address? We'll take a look backstage /DB",8
794159,"@SpotifyCares I cant change my password and if I try to contact you; it makes me sign in, and I dont know my password",794158,@309364 Hi there! Can you DM us your account's email address or username? We'll take a look backstage /NQ https://t.co/ldFdZRiNAt,"I cant change my password and if I try to contact you; it makes me sign in, and I dont know my password",Hi there! Can you DM us your account's email address or username? We'll take a look backstage /NQ,0
1618758,"@SpotifyCares E.G. in a playlist with Praying (Sam) and You Don't Do it For me (Demi), songs such as Ruin the Friendship (Demi) and He Like that (Fifth Harmony) don't really fit.",1618760,"@496286 Thanks for the info! We appreciate the feedback, and we'll be sure to let the right team know. Give us a shout if there's anything else /XF","E.G. in a playlist with Praying (Sam) and You Don't Do it For me (Demi), songs such as Ruin the Friendship (Demi) and He Like that (Fifth Harmony) don't really fit.","Thanks for the info! We appreciate the feedback, and we'll be sure to let the right team know. Give us a shout if there's anything else /XF",0
2056390,"@SpotifyCares description of payment is Spotify P03893955E, but I never registred my card, so it might be hacked or I dont know.",2056389,"@608157 Hi Lucie! For your security, we'd suggest deleting your previous tweet as it contains your private info. Can you DM us instead? /JE https://t.co/ldFdZRiNAt","description of payment is Spotify P03893955E, but I never registred my card, so it might be hacked or I dont know.","Hi Lucie! For your security, we'd suggest deleting your previous tweet as it contains your private info. Can you DM us instead? /JE",2
2095150,"@118266 hi, saya mau memastikan, premium fee bulanan masih 49.990 kan? pulsa saya sudah 62.000 tapi mengapa masih 'unable to renew your subscription because of payment problem' ya? tks",2095149,"@618971 Hey! We can help out in English via Twitter, but we also have Indonesian support via email at https://t.co/ZgU70TbP8M /YM","hi, saya mau memastikan, premium fee bulanan masih 49.990 kan? pulsa saya sudah 62.000 tapi mengapa masih 'unable to renew your subscription because of payment problem' ya? tks","Hey! We can help out in English via Twitter, but we also have Indonesian support via email at /YM",7
2035545,A random phone I dont own was shown streaming on my @115888 account?,2035544,"@601799 Hey Aaron, help's here! Could you DM us your account's username and email address? We'll take a look backstage /DQ https://t.co/ldFdZRiNAt",A random phone I dont own was shown streaming on my account?,"Hey Aaron, help's here! Could you DM us your account's username and email address? We'll take a look backstage /DQ",9
1102505,@115888 put Hot Love Drama by @30237 on Spotify please and thank you.,1102504,@380152 Hey Janelle! We’ll have it available to you as soon as it’s available to us. https://t.co/0i8GpimuDa /PL,put Hot Love Drama by on Spotify please and thank you.,Hey Janelle! We’ll have it available to you as soon as it’s available to us. /PL,3
568983,I click to get the one year premium then get a linkless page. @115888 https://t.co/gcO4IgybMm,568982,"@253504 Hey there! Sorry for the delay. Can you try clearing your browser cache or accessing the signup page using an incognito browser? If that doesn't help, just DM us your account's email address, and we'll take a look under the hood /KB https://t.co/ldFdZRiNAt",I click to get the one year premium then get a linkless page.,"Hey there! Sorry for the delay. Can you try clearing your browser cache or accessing the signup page using an incognito browser? If that doesn't help, just DM us your account's email address, and we'll take a look under the hood /KB",7
244329,"@SpotifyCares OK, so I have a paid Spotify subscription and a paid Groove Music subscription. You're not gonna charge me double, are you?",244328,"@174038 Hey Slim, not at all! We have more info to share here: https://t.co/Peyq1ETDeT. If you have any other questions, let us know 🙂 /NG","OK, so I have a paid Spotify subscription and a paid Groove Music subscription. You're not gonna charge me double, are you?","Hey Slim, not at all! We have more info to share here: If you have any other questions, let us know 🙂 /NG",5
1007214,"Hey, @SpotifyCares I'm having a problem with authorizing my Hulu account. I get this error https://t.co/1Qo9ii5H1X",1007213,"@358345 Hey, help's here! Can you DM us your account's email address? We'll take a look backstage /SJ https://t.co/ldFdZRiNAt","Hey, I'm having a problem with authorizing my Hulu account. I get this error","Hey, help's here! Can you DM us your account's email address? We'll take a look backstage /SJ",9
2118728,@SpotifyCares hi! does spotify in the philippines have physical gift cards? 😊,2118727,@624404 Hi there! We only have e-cards available in the Philippines right now. Just log in to your account and go here: https://t.co/2L2MP7aWXb /HR,hi! does spotify in the philippines have physical gift cards? 😊,Hi there! We only have e-cards available in the Philippines right now. Just log in to your account and go here: /HR,2
1466220,"@SpotifyCares Voted for it years ago, it’s the reason I left Spotify for Apple Music. It’s the 4th top idea and has been ignored. What’s the point?",1466219,"@460324 We hear you, James! Your feedback has been noted and passed onto the team 👊🏼 /DF","Voted for it years ago, it’s the reason I left Spotify for Apple Music. It’s the 4th top idea and has been ignored. What’s the point?","We hear you, James! Your feedback has been noted and passed onto the team 👊🏼 /DF",5
506029,when can i stream pitbulls greatest hits album ? @115888,506028,"@236083 Fingers crossed we'll be able to have it soon, but there's info about Spotify content here: https://t.co/1dgftcFtzc /VK",when can i stream pitbulls greatest hits album ?,"Fingers crossed we'll be able to have it soon, but there's info about Spotify content here: /VK",4
1601184,@SpotifyCares Would really rather you just put in a bug report w/ devs. I love Spotify but this volume issue honestly kills it,1601187,@491562 Could you DM us your username or email address so we can take a closer look? /JU https://t.co/ldFdZR1cbT,Would really rather you just put in a bug report w/ devs. I love Spotify but this volume issue honestly kills it,Could you DM us your username or email address so we can take a closer look? /JU,2
1892364,Love when my @115888 glitches and I lose all my downloaded albums 🙃,1892363,@564248 Hey Ivan! Could you send us a DM with your account's email address or username? We'll take a look backstage /FR https://t.co/ldFdZRiNAt,Love when my glitches and I lose all my downloaded albums 🙃,Hey Ivan! Could you send us a DM with your account's email address or username? We'll take a look backstage /FR,0
944365,@115888 my school is not listed under the Colleges and Universitys. Can I still get student discount?,944364,"@174039 Hi, help's here! Since your school isn't listed, please reach out to SheerID to request that it gets added here: https://t.co/mjh2jLNsOT /JQ",my school is not listed under the Colleges and Universitys. Can I still get student discount?,"Hi, help's here! Since your school isn't listed, please reach out to SheerID to request that it gets added here: /JQ",0
1780931,"@115888 thanks for the time capsule, it's awesome... but now can you work with @1126 to get a playlist of all the songs I've Shazamed??",1780930,@535078 Hey! We have some info about saving your Shazam tracks on Spotify here: https://t.co/jgi0f1UPla. Let us know if you have any questions /KB,"thanks for the time capsule, it's awesome... but now can you work with to get a playlist of all the songs I've Shazamed??",Hey! We have some info about saving your Shazam tracks on Spotify here: Let us know if you have any questions /KB,8
1643548,@SpotifyCares hi! Is there a way to get a notification whenever new songs/albums are released of the artists you follow?,1643547,@502315 2: You can also follow your Release Radar playlist for the latest updates based on your listening habits /BH,hi! Is there a way to get a notification whenever new songs/albums are released of the artists you follow?,2: You can also follow your Release Radar playlist for the latest updates based on your listening habits /BH,5
633996,@SpotifyCares Where would I contact them at?,633995,"@270295 It looks like they sent you a message yesterday! If you can't see it in your inbox or spam folders, could you DM us your artist profile? We'll take a look /C https://t.co/ldFdZRiNAt",Where would I contact them at?,"It looks like they sent you a message yesterday! If you can't see it in your inbox or spam folders, could you DM us your artist profile? We'll take a look /C",0
293884,@SpotifyCares My songs have suddenly become not downloaded anymore. 2 days ago I updated the app but the songs were still ok. What's causing this?,2338485,"@676504 Hey Nabeel, help's here! Can you DM us your account's email address? We'll take a look backstage /JN https://t.co/ldFdZRiNAt",My songs have suddenly become not downloaded anymore. 2 days ago I updated the app but the songs were still ok. What's causing this?,"Hey Nabeel, help's here! Can you DM us your account's email address? We'll take a look backstage /JN",0
2062609,@SpotifyCares hello! when is support coming for the iPhone X? your app isn’t looking very pretty ☹️ https://t.co/dfuO9PzFZF,2062608,@354084 Hey Jay! We're working on this as we tweet. We'll keep everyone updated. Thanks for bearing with us /MQ,hello! when is support coming for the iPhone X? your app isn’t looking very pretty ☹️,Hey Jay! We're working on this as we tweet. We'll keep everyone updated. Thanks for bearing with us /MQ,0
1943221,"@SpotifyCares I just can't add my daughter account to the family premium account, please help :(",1943220,"@577764 Hey, help's here! Could you send us a DM with your account's email address or username? We'll take a look backstage /CH https://t.co/ldFdZRiNAt","I just can't add my daughter account to the family premium account, please help :(","Hey, help's here! Could you send us a DM with your account's email address or username? We'll take a look backstage /CH",1
2114199,".@115888's ""recently played artists"" is such total bs. I listened to about 15 seconds of a Cardi B song (it was trash) and she's now my #1 recently played artist. Despite me listening to hours of other artists? The fuck???",2114198,"@623337 1: Hi there. We're sorry you feel that way. The Recently Played Artist shows the artists you listened to, and it's sorted to show the...",".'s ""recently played artists"" is such total bs. I listened to about 15 seconds of a Cardi B song (it was trash) and she's now my #1 recently played artist. Despite me listening to hours of other artists? The fuck???","1: Hi there. We're sorry you feel that way. The Recently Played Artist shows the artists you listened to, and it's sorted to show the...",0
1118830,@115888 How do you get on rap caviar?,1199853,@401923 2: out https://t.co/6BMOmfiZvQ to help you gain visibility /JS,How do you get on rap caviar?,2: out to help you gain visibility /JS,0
2080833,"@SpotifyCares when I accept the invite for Spotify family, I enter my info and get ""Oops something went wrong...""",2080832,"@615340 Hey Jack, help's arrived! Could you send us a DM with your account's email address and username? We'll take a look backstage /RV https://t.co/ldFdZRiNAt","when I accept the invite for Spotify family, I enter my info and get ""Oops something went wrong...""","Hey Jack, help's arrived! Could you send us a DM with your account's email address and username? We'll take a look backstage /RV",1
2190844,@SpotifyCares when will an update be posted to have Spotify updated for iPhone X? Quite unusable right now,2190843,"@641315 Hi there! We don't have any info on this right now, but stay tuned for any updates. If you have any questions, just give us a shout /XF",when will an update be posted to have Spotify updated for iPhone X? Quite unusable right now,"Hi there! We don't have any info on this right now, but stay tuned for any updates. If you have any questions, just give us a shout /XF",2
1833255,@SpotifyCares I was charged for standard premium today a month before my student plan expired and was not given a chance to renew. Help! Thx,1833254,"@345884 Hey there, we're here to help! Could you send us a DM with your account's email address and username? We'll take a look backstage /RV https://t.co/ldFdZRiNAt",I was charged for standard premium today a month before my student plan expired and was not given a chance to renew. Help! Thx,"Hey there, we're here to help! Could you send us a DM with your account's email address and username? We'll take a look backstage /RV",1
2572229,@SpotifyCares If it's not back by tomorrow I'm switching to spinrilla,2572231,@729397 You don't have to wait that long! Is this what you were looking for: https://t.co/vzWbxC013c? We hope this helps 🙂 /NH,If it's not back by tomorrow I'm switching to spinrilla,You don't have to wait that long! Is this what you were looking for: We hope this helps 🙂 /NH,0
162239,@SpotifyCares Hi I didn't have enough money in my bank account linked to my Spotify premium and was put back to free. I have since payed it and my iTunes says that it's active but the app won't allow me to access premium only the free subscription. I'm on iOs __email__,162237,"@153457 It seems the system was unable to process your payment. We’d recommend reaching out to iTunes for more information on the charge. Any other questions, feel free to give us a shout /TF",Hi I didn't have enough money in my bank account linked to my Spotify premium and was put back to free. I have since payed it and my iTunes says that it's active but the app won't allow me to access premium only the free subscription. I'm on iOs __email__,"It seems the system was unable to process your payment. We’d recommend reaching out to iTunes for more information on the charge. Any other questions, feel free to give us a shout /TF",7
609644,@SpotifyCares All sorted now thanks! Managed to speak to someone on your chat. 👍,609643,"@200242 You're welcome! If you need us again, you know where to find us. Keep on rocking and https://t.co/mJs5KObHO4 🎶 /RC",All sorted now thanks! Managed to speak to someone on your chat. 👍,"You're welcome! If you need us again, you know where to find us. Keep on rocking and 🎶 /RC",8
2896769,@SpotifyCares This is what pops up when I go to activate it on Spotify https://t.co/Pqpi6TllXx,2896768,@802643 Hi Micael! Can you DM us your account's username or email address? We'll take a look backstage /MC https://t.co/ldFdZRiNAt,This is what pops up when I go to activate it on Spotify,Hi Micael! Can you DM us your account's username or email address? We'll take a look backstage /MC,2
2311104,@115888 can you PLEASE make it easier to delete tracks/albums/etc from the “Recently Played” section on the app. Please. 🙏🏽,2311103,"@670271 Hey there! Thanks for the feedback. We'll pass it on to the right folks. If there's anything else, just let us know /AP",can you PLEASE make it easier to delete tracks/albums/etc from the “Recently Played” section on the app. Please. 🙏🏽,"Hey there! Thanks for the feedback. We'll pass it on to the right folks. If there's anything else, just let us know /AP",0
2307206,@SpotifyCares It worked! Thank you! 😎👍,2307205,@669308 Awesome! Let us know if you ever need us again. We'd be... https://t.co/LgAM6ky9Vv /RH,It worked! Thank you! 😎👍,Awesome! Let us know if you ever need us again. We'd be... /RH,3
1968217,"@SpotifyCares my daughter has been dismissed from our Premium for Family because she hasn't updated her address to prove she live with us. I have sent back another invite but it always ends ""something went wrong"" please help! Thanks",1968216,"@583190 Hi Melanie, we've come to the rescue! Could you DM us the username or email address of your daughter's account? We'll check backstage /RE https://t.co/ldFdZRiNAt","my daughter has been dismissed from our Premium for Family because she hasn't updated her address to prove she live with us. I have sent back another invite but it always ends ""something went wrong"" please help! Thanks","Hi Melanie, we've come to the rescue! Could you DM us the username or email address of your daughter's account? We'll check backstage /RE",1
837216,Hey @115888 I need help with my artist profile pretty please!,837215,@319252 Hey Eric! Help's here. Could you send us a DM with what's happening? We'll take a look 🙂 /Q https://t.co/ldFdZRiNAt,Hey I need help with my artist profile pretty please!,Hey Eric! Help's here. Could you send us a DM with what's happening? We'll take a look 🙂 /Q,0
1826278,@115888 why do you not have a Spotify alarm clock??? All I want is to wake up to my Discover Weekly Playlist. Plz help😣,1826277,@548176 Hey there! We can see how that’d be useful! You can vote for the official idea here: https://t.co/YSHYSPDR4z /NS,why do you not have a Spotify alarm clock??? All I want is to wake up to my Discover Weekly Playlist. Plz help😣,Hey there! We can see how that’d be useful! You can vote for the official idea here: /NS,0
507423,"@SpotifyCares Yes, that answers my question, thank you. 😊",507425,@236478 You're welcome! Feel free to drop us a tweet if you ever need us again. We'd be... https://t.co/LgAM6ky9Vv 😁 /JE,"Yes, that answers my question, thank you. 😊",You're welcome! Feel free to drop us a tweet if you ever need us again. We'd be... 😁 /JE,3
2227257,@SpotifyCares iOS 11.2 + there’s no specific messages or anything; the music just stops completely,2227258,"@218471 Can you try logging out and back in? If that doesn’t work, try restarting your device. Let us know how you get on /MV",iOS 11.2 + there’s no specific messages or anything; the music just stops completely,"Can you try logging out and back in? If that doesn’t work, try restarting your device. Let us know how you get on /MV",5
2816738,@SpotifyCares Hi unfortunately I can only think of two emails but they do not have Spotify premium. Would it help if I sent you any paypal information?,2816740,"@785208 Yup! If you can DM us those email addresses and the Invoice ID of your most recent payment, that would be great. We'd recommend using the browser version of PayPal to find this as it's not visible in the app /NH https://t.co/ldFdZRiNAt",Hi unfortunately I can only think of two emails but they do not have Spotify premium. Would it help if I sent you any paypal information?,"Yup! If you can DM us those email addresses and the Invoice ID of your most recent payment, that would be great. We'd recommend using the browser version of PayPal to find this as it's not visible in the app /NH",2
1521352,@115888 STOP PLAYING A “suggested track” WHEN IM LISTENING TO A SPECIFIC ALBUM,1521350,@472888 Hey there! Suggested Tracks could play whenever you're listening on any mode since it's a feature of Spotify Free /JM,STOP PLAYING A “suggested track” WHEN IM LISTENING TO A SPECIFIC ALBUM,Hey there! Suggested Tracks could play whenever you're listening on any mode since it's a feature of Spotify Free /JM,4
2026540,@SpotifyCares need to change my student account to non student but I can’t. Help!,2026539,"@599277 Hey Caleb, help's here! Can you DM us your account's username and email address? We'll take a look backstage /JX https://t.co/ldFdZRiNAt",need to change my student account to non student but I can’t. Help!,"Hey Caleb, help's here! Can you DM us your account's username and email address? We'll take a look backstage /JX",9
599458,@SpotifyCares hi. Every time I open the Spotify app on my iPad it redownloads all my songs again. Is there a way to fix this?,599457,@262205 Hi Marina. Sorry to hear that! Check out the steps under “Downloads unexpectedly removed” at https://t.co/EidIERWgLX. They should help out /PB,hi. Every time I open the Spotify app on my iPad it redownloads all my songs again. Is there a way to fix this?,Hi Marina. Sorry to hear that! Check out the steps under “Downloads unexpectedly removed” at They should help out /PB,5
1224501,@SpotifyCares And music doesn’t come back on after scrolling past. Makes twitter/Spotify combo unusable. Mega :( :( :(,1224499,"@407270 Hey Henry, that's not cool! Can you let us know the device/OS and Spotify version you're using? We'll see what we can suggest /AR",And music doesn’t come back on after scrolling past. Makes twitter/Spotify combo unusable. Mega :( :( :(,"Hey Henry, that's not cool! Can you let us know the device/OS and Spotify version you're using? We'll see what we can suggest /AR",5
634043,"@SpotifyCares Hi, I'm an Spotify Artist, and I don't have related artist in my artist profile, so, it's posible attach specific artists to this item??

Thanks",634042,@270311 Hey Chris! It seems we don’t have enough data yet to find the best Related Artists for you. Check out https://t.co/BSrd71XWKW to grow your listeners /CG,"Hi, I'm an Spotify Artist, and I don't have related artist in my artist profile, so, it's posible attach specific artists to this item?? Thanks",Hey Chris! It seems we don’t have enough data yet to find the best Related Artists for you. Check out to grow your listeners /CG,5
2517295,"@SpotifyCares I can add the podcast using desktop app. But on mobile I can't add, view or remove the podcast.

Now I'm following the podcasts but can't see or unfollow them on mobile. Not ideal.

Same goes for the Radiolab podcast.",2517296,"@717067 Hmm... that's odd! Could you DM us a video of you following and then trying to unfollow a podcast, along with your username or email address? /I https://t.co/ldFdZRiNAt","I can add the podcast using desktop app. But on mobile I can't add, view or remove the podcast. Now I'm following the podcasts but can't see or unfollow them on mobile. Not ideal. Same goes for the Radiolab podcast.","Hmm... that's odd! Could you DM us a video of you following and then trying to unfollow a podcast, along with your username or email address? /I",5
1938701,"@SpotifyCares hi, i have premiun family plan subscriptions, however it suddenly change to free. Please explain why?! I want to cancel it.",1938700,@576706 Hey Anindita! Could you send us a DM with your account's email address or username? We'll take a look backstage /LO https://t.co/ldFdZRiNAt,"hi, i have premiun family plan subscriptions, however it suddenly change to free. Please explain why?! I want to cancel it.",Hey Anindita! Could you send us a DM with your account's email address or username? We'll take a look backstage /LO,1
1492383,@SpotifyCares And that is the annoying part. I thought this was supposed to be a seamless experience.,1492382,@466571 Sorry to hear that. Can you DM us your account's username or email address? We'll take a look backstage /AP https://t.co/ldFdZRiNAt,And that is the annoying part. I thought this was supposed to be a seamless experience.,Sorry to hear that. Can you DM us your account's username or email address? We'll take a look backstage /AP,0
913115,@SpotifyCares It's ok. I've already chatted with one of your representative earlier,913114,@336852 Cool. Glad to hear everything is sorted. Just give us a shout if we can help with anything else. We're just a tweet away 🙂 /LM,It's ok. I've already chatted with one of your representative earlier,Cool. Glad to hear everything is sorted. Just give us a shout if we can help with anything else. We're just a tweet away 🙂 /LM,0
2293040,"@115888 Hello, I have a family plan but cannot add family members. Email invite points to my main subscription page - not token redeem page. Please advise asap. Thx",2293039,@375336 Hey Winston! Help's here. Can you DM us your account's email address? We'll take a look backstage /RA https://t.co/ldFdZRiNAt,"Hello, I have a family plan but cannot add family members. Email invite points to my main subscription page - not token redeem page. Please advise asap. Thx",Hey Winston! Help's here. Can you DM us your account's email address? We'll take a look backstage /RA,1
1265925,@SpotifyCares How do I make web links open in my app instead of the web player? Cannot find any settings options within the web player.,1265924,"@416431 Hey there! On the desktop app, just head to Settings &gt; Allow Spotify to be opened from the web, and toggle the switch. Hope this helps /JO",How do I make web links open in my app instead of the web player? Cannot find any settings options within the web player.,"Hey there! On the desktop app, just head to Settings > Allow Spotify to be opened from the web, and toggle the switch. Hope this helps /JO",0
1215730,"@SpotifyCares I have a galaxy tab 7.0, android 4.4 and previous version to last version of Spotify",1215729,@405277 Got it. Can you also DM us your account's email address? We'll take a look backstage /DV https://t.co/ldFdZRiNAt,"I have a galaxy tab 7.0, android 4.4 and previous version to last version of Spotify",Got it. Can you also DM us your account's email address? We'll take a look backstage /DV,2
1665972,@115888 @SpotifyCares your customer service is appalling I've been paying over the odds for months and your answer is cancel it! #discusting #robbers,1665971,@507561 We've just sent a DM your way. Let's carry on chatting there /DR,your customer service is appalling I've been paying over the odds for months and your answer is cancel it! #discusting #robbers,We've just sent a DM your way. Let's carry on chatting there /DR,0
2114117,"@SpotifyCares Sorry. Spotify doens't care.
https://t.co/hpqDzW1waW",2114116,"@623316 Apologies for any frustration. Rest assured, your feedback will be passed on to the right folks /JI",Sorry. Spotify doens't care.,"Apologies for any frustration. Rest assured, your feedback will be passed on to the right folks /JI",2
504285,"@115888 You sent an offer for 12mo at $99, but the link points to ""outdated form"" once CC details are entered.  Bug?",504284,"@235574 Hey Philip, help's here! Could you send us a DM with your account's email address or username? The link to the form you're directed to will also be handy. We'll take a look /CO https://t.co/ldFdZRiNAt","You sent an offer for 12mo at $99, but the link points to ""outdated form"" once CC details are entered. Bug?","Hey Philip, help's here! Could you send us a DM with your account's email address or username? The link to the form you're directed to will also be handy. We'll take a look /CO",0
438418,@160408 here’s a suggestion - can you add a feature to allow shuffling of full albums in a playlist? (rather than shuffle songs only),438417,@219164 Hey there! We can see how this can be handy. Be sure to add your thoughts here: https://t.co/NlD4EcWrFi /MG,here’s a suggestion - can you add a feature to allow shuffling of full albums in a playlist? (rather than shuffle songs only),Hey there! We can see how this can be handy. Be sure to add your thoughts here: /MG,5
145939,"@8199 nu är det andra gången på två veckor som jag blir utloggad från mitt konto och inte tar mig in pga ""ingen uppkoppling"" (vilket jag har). Tvingas installera om appen och alla spellistor måste laddas ner igen. När ska ni lösa detta?",145937,"@149095 Hey! We can help out in English via Twitter, but we also have Swedish support via email at https://t.co/ZgU70TbP8M /DN","nu är det andra gången på två veckor som jag blir utloggad från mitt konto och inte tar mig in pga ""ingen uppkoppling"" (vilket jag har). Tvingas installera om appen och alla spellistor måste laddas ner igen. När ska ni lösa detta?","Hey! We can help out in English via Twitter, but we also have Swedish support via email at /DN",0
954285,@SpotifyCares added vote/comment; would seem others have been doing this for a long time with no resolution in sight other than to renegade to @115948,954286,"@346430 1: We like the idea, and we want it to get more popular. We appreciate your feedback, and your vote can definitely help convince our devs...",added vote/comment; would seem others have been doing this for a long time with no resolution in sight other than to renegade to,"1: We like the idea, and we want it to get more popular. We appreciate your feedback, and your vote can definitely help convince our devs...",0
2218901,"not sure whats gannin on with spotify but every time i chose a song, lemon to a knife fight plays - definitely not conplaining,  big upz @115888 @79890",2218900,"@648190 Hey Lauren. What device, operating system, and Spotify version are you on? Are you rocking Free or Premium? /AY","not sure whats gannin on with spotify but every time i chose a song, lemon to a knife fight plays - definitely not conplaining, big upz","Hey Lauren. What device, operating system, and Spotify version are you on? Are you rocking Free or Premium? /AY",6
1383419,@SpotifyCares It’s happening through both of them and I haven’t.,1383421,@441957 Got it. Could you DM us your account's username or email address? We'll check backstage /RE https://t.co/ldFdZRiNAt,It’s happening through both of them and I haven’t.,Got it. Could you DM us your account's username or email address? We'll check backstage /RE,0
2736076,@SpotifyCares Sent the email address  few hours ago - any progress?,2736078,@243854 No worries. We've just replied to your DM. Let's carry on chatting there /DV,Sent the email address few hours ago - any progress?,No worries. We've just replied to your DM. Let's carry on chatting there /DV,9
2230776,@SpotifyCares hey each time i get a verizon add the app freezes. it’s annoying to have to restart the app over &amp; over. gonna be a #longday,2230775,@650975 Hi Julie! Help's here. Can you DM us your account's email address? We'll take a look backstage /AU https://t.co/ldFdZRiNAt,hey each time i get a verizon add the app freezes. it’s annoying to have to restart the app over & over. gonna be a #longday,Hi Julie! Help's here. Can you DM us your account's email address? We'll take a look backstage /AU,5
1096231,@115888 all i see is the yearly option for a personal account,1096229,@378683 2: that it's something you'd like to see /SY,all i see is the yearly option for a personal account,2: that it's something you'd like to see /SY,9
2312370,@115888 Help @Spotifycares I am trying to update my payment method for my premium subscription but it’s not going through the wheel just keeps spinning I have been trying for four days....,2312369,"@670594 Hey Kelli, help's arrived! We've just replied to your DM. Let's carry on chatting there /DV",Help I am trying to update my payment method for my premium subscription but it’s not going through the wheel just keeps spinning I have been trying for four days....,"Hey Kelli, help's arrived! We've just replied to your DM. Let's carry on chatting there /DV",7
1156869,@SpotifyCares The silence is deafening. https://t.co/vj27gmFFnQ,1156871,"@392145 Sorry for the delay! We've just sent you a DM, so check your inbox /RH",The silence is deafening.,"Sorry for the delay! We've just sent you a DM, so check your inbox /RH",0
199170,@SpotifyCares it also shows the nonsense name on the receipt i got from you. It's fine on the desktop &amp; mobile apps though.,199169,@162935 Hi Roy! Can you DM us your account's email address? We'll take a look backstage /PL https://t.co/ldFdZRiNAt,it also shows the nonsense name on the receipt i got from you. It's fine on the desktop & mobile apps though.,Hi Roy! Can you DM us your account's email address? We'll take a look backstage /PL,0
1538203,PISSED OFF THAT @115888 FUCKING CHARGED ME FULL PRICE AND TOOK ME OFF HULU ON ITS OWN BOUTTA SWITCH TO APPLE MUSIC,1538204,@476849 Hey! We've just sent you a bit more info over DM. We'll carry on helping out there /JQ,PISSED OFF THAT FUCKING CHARGED ME FULL PRICE AND TOOK ME OFF HULU ON ITS OWN BOUTTA SWITCH TO APPLE MUSIC,Hey! We've just sent you a bit more info over DM. We'll carry on helping out there /JQ,5
1447347,@115888 why are you not in INDIA,1447345,@455855 We're launching regularly in countries around the world. Sign up here to be first to hear: https://t.co/XDwWzj7cLP 🙂 /CG,why are you not in INDIA,We're launching regularly in countries around the world. Sign up here to be first to hear: 🙂 /CG,0
454697,"@SpotifyCares No, it's included in my phone package so why would I pay for it twice? Will I have to delete my current acc and start again?",454699,"@222909 We're afraid you won't be eligible for that deal for now as you already have a Premium subscription. Don't worry though, we'll pass your feedback on to the team /RH","No, it's included in my phone package so why would I pay for it twice? Will I have to delete my current acc and start again?","We're afraid you won't be eligible for that deal for now as you already have a Premium subscription. Don't worry though, we'll pass your feedback on to the team /RH",0
1789956,"@SpotifyCares my son is unable to accept a Premium for Family invite, Spotify signals error and just says ""try later"", it's very frustrating",1789955,"@537678 Hey Daniel, help's here! Can you DM us your account's username and email address? We'll take a look backstage /KL https://t.co/ldFdZRiNAt","my son is unable to accept a Premium for Family invite, Spotify signals error and just says ""try later"", it's very frustrating","Hey Daniel, help's here! Can you DM us your account's username and email address? We'll take a look backstage /KL",1
1112280,Shoutout to @115888 for completely putting my project under another artist. 🤦🏾‍♂️,1112279,@382502 Hey! We’d recommend reaching out to your distributor/aggregator. They'll work with our team to make sure your artist page gets fixed up /JS,Shoutout to for completely putting my project under another artist. 🤦🏾‍♂️,Hey! We’d recommend reaching out to your distributor/aggregator. They'll work with our team to make sure your artist page gets fixed up /JS,0
2030275,"@SpotifyCares I cannot add other people to my family plan. It always says ""something went wrong, try again"". How can I fix this?",2030274,"@600371 Hey Harry, help's here. Could you fire over your accounts' email addresses or usernames via DM? We'll take a look backstage /AY https://t.co/ldFdZRiNAt","I cannot add other people to my family plan. It always says ""something went wrong, try again"". How can I fix this?","Hey Harry, help's here. Could you fire over your accounts' email addresses or usernames via DM? We'll take a look backstage /AY",1
1814699,"@SpotifyCares hii someone hacked my spotify acc and i’m not able to get in anymore, is there anyway i can cancel my payment",1814698,@545147 Hey Lindsey! That doesn't sound good. Can you DM us your account's email address? We'll check things backstage /RI https://t.co/ldFdZRiNAt,"hii someone hacked my spotify acc and i’m not able to get in anymore, is there anyway i can cancel my payment",Hey Lindsey! That doesn't sound good. Can you DM us your account's email address? We'll check things backstage /RI,2
187616,@SpotifyCares Obviously there are some requirements otherwise it would work? It works from a different network connection (i.e. without proxy),187617,@160030 2: reaching out to your local IT to look into this. Let us know if there's anything else /RC,Obviously there are some requirements otherwise it would work? It works from a different network connection (i.e. without proxy),2: reaching out to your local IT to look into this. Let us know if there's anything else /RC,0
1218571,@SpotifyCares I created a Spotify premium but have forgotten my email and password for it. Would it be possible for me to find my account?,1218570,@405920 Hi! We've just replied to your DM. We'll carry on helping there /MQ,I created a Spotify premium but have forgotten my email and password for it. Would it be possible for me to find my account?,Hi! We've just replied to your DM. We'll carry on helping there /MQ,9
594074,@SpotifyCares Hi!  I need help with ordering and I think I just purchased a years subscription for the wrong account. How can I cancel?,594073,@260714 Hey there! Help's here. Can you DM us the account's email address or username? We'll take a look backstage /PB https://t.co/ldFdZRiNAt,Hi! I need help with ordering and I think I just purchased a years subscription for the wrong account. How can I cancel?,Hey there! Help's here. Can you DM us the account's email address or username? We'll take a look backstage /PB,9
2292211,Is the app undergoing any maintenance right now? I was logged out of my account out of nowhere and I don't remember the info to the account I have signed to Premium..... @SpotifyCares,2292210,@665682 Hey! Could you send us a DM with any usernames or email addresses you might've used to create your account? We'll take a look backstage /DR https://t.co/ldFdZRiNAt,Is the app undergoing any maintenance right now? I was logged out of my account out of nowhere and I don't remember the info to the account I have signed to Premium.....,Hey! Could you send us a DM with any usernames or email addresses you might've used to create your account? We'll take a look backstage /DR,9
2483551,@SpotifyCares can I interview one of your promotions staff for a school project??,2483550,@709536 Hey Kaitlyn! You can get in touch with our Press team at https://t.co/p0LldlBp30. Give us a shout for anything else /DD,can I interview one of your promotions staff for a school project??,Hey Kaitlyn! You can get in touch with our Press team at Give us a shout for anything else /DD,0
1175706,"@SpotifyCares Says ""You are currently set to offline. Please go online to connect to Spotify""",1175704,"@236452 ¡Hey there! Can you tell us what device, operating system and Spotify version you're using? /LF","Says ""You are currently set to offline. Please go online to connect to Spotify""","¡Hey there! Can you tell us what device, operating system and Spotify version you're using? /LF",2
1826719,@SpotifyCares @115888 can't reset my password enter email and keeps getting error message invalid csrf token 🤔,1826718,"@548279 Hi David! Help's here. Can you DM us your account's username or email address, along with a screenshot of the error message? /MU https://t.co/ldFdZRiNAt",can't reset my password enter email and keeps getting error message invalid csrf token 🤔,"Hi David! Help's here. Can you DM us your account's username or email address, along with a screenshot of the error message? /MU",1
1858010,SORRY! MEJO TANGA KO. IBIG KO SABIHIN DI NASSAVE SONG PARA MAPLAY OFFLINE. SORRY AH. TANGA EH! 🙄 https://t.co/t5SiT0qyqQ,1858009,@555589 2: Could you send us your account's username or email address via DM? We'll take a look under the hood /LP https://t.co/ldFdZRiNAt,SORRY! MEJO TANGA KO. IBIG KO SABIHIN DI NASSAVE SONG PARA MAPLAY OFFLINE. SORRY AH. TANGA EH! 🙄,2: Could you send us your account's username or email address via DM? We'll take a look under the hood /LP,6
1803612,I hate @115888's Genius Behind the Lyrics thing. It's just really annoying.,1803611,"@541940 Hey Niko, help's here! To stop it from displaying automatically, head to Settings &gt; Playback &gt; toggle off Behind the Lyrics /DQ",I hate 's Genius Behind the Lyrics thing. It's just really annoying.,"Hey Niko, help's here! To stop it from displaying automatically, head to Settings > Playback > toggle off Behind the Lyrics /DQ",0
1290553,@SpotifyCares Windows 10 - after latest update Spotify connect doesn't find my Xbox One S or PS4.  I use ethernet for all my devices.  I was previously able to connect to my Xbox and stream music to it.,1290552,"@421803 Hey Brian, help's here! Can you try logging out, restarting your devices, then logging back in? Does that help at all? /JE",Windows 10 - after latest update Spotify connect doesn't find my Xbox One S or PS4. I use ethernet for all my devices. I was previously able to connect to my Xbox and stream music to it.,"Hey Brian, help's here! Can you try logging out, restarting your devices, then logging back in? Does that help at all? /JE",5
226788,"@SpotifyCares Already done that too, wayyy ahead of you. No joy.",226789,@170133 That's odd. Can you try a different device? Try disabling your firewall settings and give it another go. Does that help? /RS,"Already done that too, wayyy ahead of you. No joy.",That's odd. Can you try a different device? Try disabling your firewall settings and give it another go. Does that help? /RS,0
169720,"@SpotifyCares Done a turn on/off. Done a reinstall, same problem? https://t.co/t2ZjWNesor",169721,@155528 Got it. Can you try changing your iPhone's font size to a smaller on by following the steps found here: https://t.co/bTBqQk9k1p? Let us know if that helps /QI,"Done a turn on/off. Done a reinstall, same problem?",Got it. Can you try changing your iPhone's font size to a smaller on by following the steps found here: Let us know if that helps /QI,0
2855892,"@SpotifyCares whenever I’m on twitter and open a GIF, the music pauses. I’m on the iOS 11.2 public beta.",2855890,"@793818 Hey there, help's here! Does logging out &gt; restarting the device &gt; logging back in help? Keep us posted /AL","whenever I’m on twitter and open a GIF, the music pauses. I’m on the iOS 11.2 public beta.","Hey there, help's here! Does logging out > restarting the device > logging back in help? Keep us posted /AL",5
1652627,@SpotifyCares is there any way to fix audio distortion of any sort?,1652625,"@504566 Hey there! Can you let us know your device, operating system, and Spotify version? We'll check it out /RC",is there any way to fix audio distortion of any sort?,"Hey there! Can you let us know your device, operating system, and Spotify version? We'll check it out /RC",0
1034932,"@SpotifyCares Hey Guys!! I recently moved to a new account, and was hoping you'd release my student email fom my old one",1034931,@364814 Hey Tanner! Help's here. Can you DM us your account's email address or username? We'll take a look backstage /KM https://t.co/ldFdZRiNAt,"Hey Guys!! I recently moved to a new account, and was hoping you'd release my student email fom my old one",Hey Tanner! Help's here. Can you DM us your account's email address or username? We'll take a look backstage /KM,9
1810747,"@118266 baru bayar premium tgl 9 oktober kemarin, knpa sekarang ditagih lagi?",1810746,"@544018 Hey Muhammad! We can help out in English via Twitter, but we also have Indonesian support via email at https://t.co/ZgU70TbP8M /QI","baru bayar premium tgl 9 oktober kemarin, knpa sekarang ditagih lagi?","Hey Muhammad! We can help out in English via Twitter, but we also have Indonesian support via email at /QI",7
619707,"Hey @115888.

Cool new slick thing you're doing with the tiny player, but imagine how much cooler if it would be if I could actually see whose track I'm playing and what the track is called... 

Just a suggestion from somebody who likes music.",619706,@267077 Hi there! Thanks for the feedback. We'll be sure to pass it onto the right team. Let us know if there's anything else we can do to help /DV,"Hey . Cool new slick thing you're doing with the tiny player, but imagine how much cooler if it would be if I could actually see whose track I'm playing and what the track is called... Just a suggestion from somebody who likes music.",Hi there! Thanks for the feedback. We'll be sure to pass it onto the right team. Let us know if there's anything else we can do to help /DV,5
2854400,"@115888 I mean, I get it, you want me to try new things, but you can't just mould me into the man you want me to be.",2854398,"@793476 Sorry to hear Discover Weekly wasn’t to your liking this week! It’ll be re-tuned on Monday. Check out &lt;inset Daily Mix, Fresh Finds, Release Radar&gt; in the meantime /DF","I mean, I get it, you want me to try new things, but you can't just mould me into the man you want me to be.","Sorry to hear Discover Weekly wasn’t to your liking this week! It’ll be re-tuned on Monday. Check out <inset Daily Mix, Fresh Finds, Release Radar> in the meantime /DF",0
2371466,"@115888 @SpotifyCares if you’re unsigned/not very popular, how would you get your music onto Spotify?",2371465,"@333427 Hey! This is something for our Artist Services team. Not to worry, you can contact them here: https://t.co/p1wbtdELHu 🙂 /DF","if you’re unsigned/not very popular, how would you get your music onto Spotify?","Hey! This is something for our Artist Services team. Not to worry, you can contact them here: 🙂 /DF",5
106303,"@SpotifyCares hey y'all! I saw that reputation by Taylor Swift is in your library, but I can't play any of the songs besides the ones that were in your system prior to today. Can you tell me when the blacked-out songs will be available to stream?",106302,"@139553 Hey there! Taylor Swift's 'Reputation' isn't available to stream just yet. For now, be sure to check out the singles: https://t.co/3h0TnPWP0c 🙂 /JI","hey y'all! I saw that reputation by Taylor Swift is in your library, but I can't play any of the songs besides the ones that were in your system prior to today. Can you tell me when the blacked-out songs will be available to stream?","Hey there! Taylor Swift's 'Reputation' isn't available to stream just yet. For now, be sure to check out the singles: 🙂 /JI",6
1836121,@SpotifyCares I can't search users anymore and I lost a playlist from somebody I met on vacation #Help please,1836120,"@550578 Hey Carmen, the calvary's here! You can try searching 'spotify:user:' followed by their Spotify username. Let us know how it goes /JX",I can't search users anymore and I lost a playlist from somebody I met on vacation #Help please,"Hey Carmen, the calvary's here! You can try searching 'spotify:user:' followed by their Spotify username. Let us know how it goes /JX",0
2392754,@SpotifyCares Why is it not an option?,2392756,"@689021 We’re afraid that we don’t have any more info to share, but give us a shout if you need anything else /NY",Why is it not an option?,"We’re afraid that we don’t have any more info to share, but give us a shout if you need anything else /NY",0
2042222,Will @115888 @SpotifyCares ever launch in #India ?,2042221,@169498 Hi! We don't have any updates on this yet. We'll make sure to let the right team know though that this is something you'd like to see /GK,Will ever launch in #India ?,Hi! We don't have any updates on this yet. We'll make sure to let the right team know though that this is something you'd like to see /GK,0
80921,"Hey @SpotifyCares, love spotify but one thing bothers me very much: I have a playlist of around 2500 songs and have to scroll down to the bottom on my iphone everytime i want to listen to my recently added songs. Takes a long time. Any way i (or you) can change that? Greets matt",80920,@133958 Hey there! You can sort your tunes by following the steps here: https://t.co/myAf3mlgcv. Hope this helps 🙂 /MA,"Hey , love spotify but one thing bothers me very much: I have a playlist of around 2500 songs and have to scroll down to the bottom on my iphone everytime i want to listen to my recently added songs. Takes a long time. Any way i (or you) can change that? Greets matt",Hey there! You can sort your tunes by following the steps here: Hope this helps 🙂 /MA,0
859293,@115888 Hello  I would like to Family account.  my son has already an account with you. How can we do this?,859291,@324028 @115888 Hi! We've just replied to your DM. Let's continue chatting there /WW,Hello I would like to Family account. my son has already an account with you. How can we do this?,Hi! We've just replied to your DM. Let's continue chatting there /WW,9
1832902,My Spotify web player isn't working and it's stuck on this add it lets me click songs and everything but it won't play it.@SpotifyCares,1832901,@549912 Hi Kae! That doesn't sound good. Can you try opening the web player in an incognito/private window? Let us know how it goes /RK,My Spotify web player isn't working and it's stuck on this add it lets me click songs and everything but it won't play it.,Hi Kae! That doesn't sound good. Can you try opening the web player in an incognito/private window? Let us know how it goes /RK,6
790774,@SpotifyCares https://t.co/0q2ko7Sawd there you go ✌️,790776,@308569 Thanks. We'll get this reported. Great detective work! https://t.co/LpsmyUtme0 /JP,there you go ✌️,Thanks. We'll get this reported. Great detective work! /JP,0
380832,"@SpotifyCares hey, nothing changed after i log out &gt; restart &gt; log back in",380833,@206321 Can you DM us your account's username or email address? We'll take a look backstage /PL https://t.co/ldFdZRiNAt,"hey, nothing changed after i log out > restart > log back in",Can you DM us your account's username or email address? We'll take a look backstage /PL,0
1707324,"@SpotifyCares Sent a DM earlier today, need some response. anyone paying attention over there?",1707322,"@293169 Hi there, we've replied to your DM! We'll continue to help out over there 🙂 /DQ","Sent a DM earlier today, need some response. anyone paying attention over there?","Hi there, we've replied to your DM! We'll continue to help out over there 🙂 /DQ",0
2387461,Hey @115888 how do I block/delete the “walk on water song” from this playlist https://t.co/PgceNfyi0E,2387460,"@687971 Hi! This isn’t possible right now, but we have more info about this on our Community. Check it out: https://t.co/oGDLtialVI /PL",Hey how do I block/delete the “walk on water song” from this playlist,"Hi! This isn’t possible right now, but we have more info about this on our Community. Check it out: /PL",6
720760,@SpotifyCares Hey! Yeah I noticed it while ago! Thanks!☺️,720762,"@292505 Awesome! If you ever need us again, feel free to drop us a tweet. Have a... https://t.co/FQulrDtFky 😁 /JE",Hey! Yeah I noticed it while ago! Thanks!☺️,"Awesome! If you ever need us again, feel free to drop us a tweet. Have a... 😁 /JE",8
907667,@SpotifyCares Latest Chrome on Mac. The player never works when coming out of sleep mode btw. In this case I had to switch to a dif album to make it work.,907666,"@335537 Got it! Your feedback has been noted and passed onto the team. In the meantime, were you able to get it working? /KL",Latest Chrome on Mac. The player never works when coming out of sleep mode btw. In this case I had to switch to a dif album to make it work.,"Got it! Your feedback has been noted and passed onto the team. In the meantime, were you able to get it working? /KL",4
1067212,@SpotifyCares It helps is the uninstaller doesn't crash. That happens any time I try to uninstall the program. I had to use a third party program.,1067213,@371846 Could you send us your account's email address or username via DM? We'd like to check further /RK https://t.co/ldFdZRiNAt,It helps is the uninstaller doesn't crash. That happens any time I try to uninstall the program. I had to use a third party program.,Could you send us your account's email address or username via DM? We'd like to check further /RK,0
1306509,"@115888 How are you also not going to let me get back on student until next month? Man, you guys have such great practices",1306508,@374764 Hey there! Can you DM us your account's email address or username? We'll check backstage /AR https://t.co/ldFdZRiNAt,"How are you also not going to let me get back on student until next month? Man, you guys have such great practices",Hey there! Can you DM us your account's email address or username? We'll check backstage /AR,0
2018809,"@115888 Hi, who do I contact to sort out a payment issue?? I was charged twice this month! Thanks",2018808,"@597024 Hey Nicola, we can help you out here! Can you DM us your account's email address? We'll figure out what happened backstage /RR https://t.co/ldFdZRiNAt","Hi, who do I contact to sort out a payment issue?? I was charged twice this month! Thanks","Hey Nicola, we can help you out here! Can you DM us your account's email address? We'll figure out what happened backstage /RR",8
2937788,@115888 I’ve updated my payment for my premium &amp; it’s not working :(,2937787,"@812075 Hey Amelia, help's here! Can you DM us your account's email address? We'll take a look backstage /JN https://t.co/ldFdZRiNAt",I’ve updated my payment for my premium & it’s not working :(,"Hey Amelia, help's here! Can you DM us your account's email address? We'll take a look backstage /JN",7
909951,"@SpotifyCares after FINALLY letting my desktop install Win 10 Creators Update, my music in spotify keeps pasuing every 30 secs or so! #MAD",909950,"@336137 Hey! What device and Spotify version are you using? Also, have you tried any troubleshooting so far? We'll see what we can suggest /CB","after FINALLY letting my desktop install Win 10 Creators Update, my music in spotify keeps pasuing every 30 secs or so! #MAD","Hey! What device and Spotify version are you using? Also, have you tried any troubleshooting so far? We'll see what we can suggest /CB",2
2259687,Hey Spotify team where are you?????????????????????,2259686,"@480394 Hey, help's here! Could you DM us your username and email address? We'll take a closer look /JQ https://t.co/ldFdZRiNAt",Hey Spotify team where are you?????????????????????,"Hey, help's here! Could you DM us your username and email address? We'll take a closer look /JQ",2
2622853,"@SpotifyCares It’s lowkey crazy, because Holland never pays with credit cards, everyone uses iDeal, most of them are students like me.",2622855,@740998 We can see how that’d be handy. Thanks for taking the time to reach out – your feedback's been noted 📝 /DF,"It’s lowkey crazy, because Holland never pays with credit cards, everyone uses iDeal, most of them are students like me.",We can see how that’d be handy. Thanks for taking the time to reach out – your feedback's been noted 📝 /DF,0
1179891,@SpotifyCares No I've tried that as well as resetting the cache and uninstalling on both devices,1179890,"@397484 Are you getting any specific error messages? If so, can you send us a screenshot of it? That'll be really helpful /AG",No I've tried that as well as resetting the cache and uninstalling on both devices,"Are you getting any specific error messages? If so, can you send us a screenshot of it? That'll be really helpful /AG",0
2404015,@SpotifyCares I tried that I even uninstalled the program and reinstalled it and everything still said a connecting it does it on WiFi and on cellular,2404017,@177690 That's odd. Can you DM us your account's username? We'll take a look backstage /JP https://t.co/ldFdZRiNAt,I tried that I even uninstalled the program and reinstalled it and everything still said a connecting it does it on WiFi and on cellular,That's odd. Can you DM us your account's username? We'll take a look backstage /JP,0
2597268,@115888 Please update the song download limit,2597267,"@735376 Hey, we hear you loud and clear! You can help make this happen by supporting a similar idea here: https://t.co/Z9OErWpTNz /NS",Please update the song download limit,"Hey, we hear you loud and clear! You can help make this happen by supporting a similar idea here: /NS",6
1653066,@SpotifyCares Will we ever get an Apple Watch app??,1653064,"@504652 Hey, we appreciate your feedback! Don't worry, we'll let our devs know this is something you'd like to see in the future /GK",Will we ever get an Apple Watch app??,"Hey, we appreciate your feedback! Don't worry, we'll let our devs know this is something you'd like to see in the future /GK",0
777912,@SpotifyCares please i need it in my country,777911,@305722 Fingers crossed we'll be with you soon. Let us know if you have more questions /MO,please i need it in my country,Fingers crossed we'll be with you soon. Let us know if you have more questions /MO,0
1095352,@115888 can't believe that we are almost in 2018 and u still don't have #carmode in your mobile app. #spotify #car #mode #carmode #music,1095350,@378483 Hey there! We can see how that’d be handy. Thanks for taking the time to reach out – your feedback's been noted 📝 /GU,can't believe that we are almost in 2018 and u still don't have #carmode in your mobile app. #spotify #car #mode #carmode #music,Hey there! We can see how that’d be handy. Thanks for taking the time to reach out – your feedback's been noted 📝 /GU,5
412007,"@SpotifyCares It takes ~5 minutes between pressing “Log In” and getting to that screen. Then it holds there, with the video looping. Reinstalled twice",412008,"@213284 Hmm. Could you try removing the app again, restarting your device, then reinstalling? Also, does this happen on other devices? /JL","It takes ~5 minutes between pressing “Log In” and getting to that screen. Then it holds there, with the video looping. Reinstalled twice","Hmm. Could you try removing the app again, restarting your device, then reinstalling? Also, does this happen on other devices? /JL",0
1803093,"@SpotifyCares This is another Bible that WAS avail in the USA, @SpotifyCares Bible – CEV New Testament - Contemporary English Version (Dramatized) Thanks.",2005358,@541797 Thanks. Sometimes content gets temporarily removed because of licensing changes. Hopefully we'll have them available again soon /AK,"This is another Bible that WAS avail in the USA, Bible – CEV New Testament - Contemporary English Version (Dramatized) Thanks.",Thanks. Sometimes content gets temporarily removed because of licensing changes. Hopefully we'll have them available again soon /AK,8
1703329,@SpotifyCares Is there an outage? https://t.co/CnMwzV8QJw,1703328,"@516358 Hi John! Can you try refreshing? We had a bit of a hiccup with our site earlier, but everything should be running smoothly again /TR",Is there an outage?,"Hi John! Can you try refreshing? We had a bit of a hiccup with our site earlier, but everything should be running smoothly again /TR",0
2908,@115888 How to use this for only 9 pesos?,2201055,@131447 Hey! Can you fire over your account's email address or username via DM? We'll see what we can suggest /RC https://t.co/ldFdZRiNAt,How to use this for only 9 pesos?,Hey! Can you fire over your account's email address or username via DM? We'll see what we can suggest /RC,0
1505069,"@115888 A clear answer hard to find on webpage: In
Premium where does Offline music download so how/if music can import to iPad Pro iTunes",1505068,"@469301 Hey! Do you mean importing your iTunes-purchased songs and playlists to Spotify? If so, we have more info at https://t.co/Kc5u2xi9iS /JP",A clear answer hard to find on webpage: In Premium where does Offline music download so how/if music can import to iPad Pro iTunes,"Hey! Do you mean importing your iTunes-purchased songs and playlists to Spotify? If so, we have more info at /JP",5
2444269,.@SpotifyCares Been trying to add my dad on my Spotify premium since yesterday. I might just switch to Apple Music. .@115888,2444268,@700859 Hey Akash! Could you send us a DM with your and your dad's usernames or accounts' email addresses? We'll take a look backstage /CH https://t.co/ldFdZRiNAt,. Been trying to add my dad on my Spotify premium since yesterday. I might just switch to Apple Music. .,Hey Akash! Could you send us a DM with your and your dad's usernames or accounts' email addresses? We'll take a look backstage /CH,5
2432983,@SpotifyCares YOURE THE BEST I️ LOVE YOU,2432981,@698236 You're welcome! Let us know if you ever need us again. We'd be... https://t.co/LgAM6ky9Vv 🎶 /AU,YOURE THE BEST I️ LOVE YOU,You're welcome! Let us know if you ever need us again. We'd be... 🎶 /AU,0
2081782,@115888 add Capital Steez on Spotify please 🙌🏻,2081781,"@615650 Hey Evin! We’d love to have all of their stuff available, but we have some info about content here: https://t.co/0i8GpimuDa /MX",add Capital Steez on Spotify please 🙌🏻,"Hey Evin! We’d love to have all of their stuff available, but we have some info about content here: /MX",2
632012,"@125633 hi, the Spotify for artist website isn’t letting me view my page. Is there something wrong with the site at the moment?",632011,"@145914 Hey Freezy! You can contact our Artist team here: https://t.co/p1wbtdELHu. If you've reached out, DM us your email address &amp; we'll chase it up /K https://t.co/ldFdZRiNAt","hi, the Spotify for artist website isn’t letting me view my page. Is there something wrong with the site at the moment?","Hey Freezy! You can contact our Artist team here: If you've reached out, DM us your email address & we'll chase it up /K",5
1889080,@SpotifyCares my account has been hacked and I have had no support from Spotify 😡😡😡😡😡,1889079,@563352 Hi Stephen! We're sorry to hear that. Can you DM us your account's username and email address? We'll take a look backstage 🔍 /PI https://t.co/ldFdZRiNAt,my account has been hacked and I have had no support from Spotify 😡😡😡😡😡,Hi Stephen! We're sorry to hear that. Can you DM us your account's username and email address? We'll take a look backstage 🔍 /PI,9
1659915,@115888 Having a problem with my account which seems un-solvable. Could you please message me?,1659914,@506398 Hey! Can you DM us your account's email address? We'll see what we can suggest /CB https://t.co/ldFdZRiNAt,Having a problem with my account which seems un-solvable. Could you please message me?,Hey! Can you DM us your account's email address? We'll see what we can suggest /CB,9
797689,"@SpotifyCares I'm running Spotify 1.0.65.320.gac7a8e02 on macOS Sierra version 10.12.6. Also on a Huawei P9 Lite, Android 7.0, Spotify 8.4.22.857 armV7",797691,"@310182 Thanks. Is this happening on both devices? Also, does this error appear when you're connected to 3G/4G, WiFi, or both? /DB","I'm running Spotify 1.0.65.320.gac7a8e02 on macOS Sierra version 10.12.6. Also on a Huawei P9 Lite, Android 7.0, Spotify 8.4.22.857 armV7","Thanks. Is this happening on both devices? Also, does this error appear when you're connected to 3G/4G, WiFi, or both? /DB",2
44376,@115888 The ad shouldve said something about credit/debit card :),2779496,@776363 Got it. We've just replied to your DM. Let's carry on chatting there /DV,The ad shouldve said something about credit/debit card :),Got it. We've just replied to your DM. Let's carry on chatting there /DV,0
2290444,Yes please. We actually reported this months ago. The year's about to end but still nothing. https://t.co/dzTO1pMcVt,2290443,@352406 We hear you loud and clear! We can’t make any promises but we’ll pass your feedback onto the right folks /DR,Yes please. We actually reported this months ago. The year's about to end but still nothing.,We hear you loud and clear! We can’t make any promises but we’ll pass your feedback onto the right folks /DR,0
566321,"Spotify just offered me the option to buy a year of Premium and a discounted rate, and it takes me to… another ad for the same offer? But no way to actually get it. https://t.co/cVWYyNHU1g",566319,"@252762 Hey Peter! Can you DM us the link so we can take a closer look? In the meantime, you can get this offer by heading here: https://t.co/LHTUu8url7. Let us know how it goes /YM https://t.co/ldFdZRiNAt","Spotify just offered me the option to buy a year of Premium and a discounted rate, and it takes me to… another ad for the same offer? But no way to actually get it.","Hey Peter! Can you DM us the link so we can take a closer look? In the meantime, you can get this offer by heading here: Let us know how it goes /YM",7
1792050,@SpotifyCares  does that mean that by the time my account is confirmed you’ll take another $6 so I’m paying for nothing right now? 2/2,1792049,@538250 Hey there! We're here to help. Can you DM us your account's email address? We'll take a look under the hood /AN https://t.co/ldFdZRiNAt,does that mean that by the time my account is confirmed you’ll take another $6 so I’m paying for nothing right now? 2/2,Hey there! We're here to help. Can you DM us your account's email address? We'll take a look under the hood /AN,6
809546,@SpotifyCares plz answer my dm It’s really important o have one very unhappy mother,809544,@312897 Hey Lucy! We've sent a DM your way. We'll carry on helping you there /SJ,plz answer my dm It’s really important o have one very unhappy mother,Hey Lucy! We've sent a DM your way. We'll carry on helping you there /SJ,0
1060965,'Suggested songs' being forced on you by @115888 mobile makes it impossible to listen to an album through. Really unwelcome,1060963,"@370504 Hey, that doesn't sound fun! Just to check, are you rocking Free or Premium? We'll see what we can suggest /MA",'Suggested songs' being forced on you by mobile makes it impossible to listen to an album through. Really unwelcome,"Hey, that doesn't sound fun! Just to check, are you rocking Free or Premium? We'll see what we can suggest /MA",4
2042855,@115888 I forgot to enter new debit card and my kids' accounts are not going to premium after I changed the info on our family premium.,2042854,@604094 Hi there! Can you DM us the email addresses or usernames of all the accounts involved? We'll take a look backstage /NQ https://t.co/ldFdZRiNAt,I forgot to enter new debit card and my kids' accounts are not going to premium after I changed the info on our family premium.,Hi there! Can you DM us the email addresses or usernames of all the accounts involved? We'll take a look backstage /NQ,7
308982,"@SpotifyCares I don't use the app; I prefer the web player, so I've only seen it there. Private home network.",308981,@189783 Thanks. Can you DM us your account's email address? We'll take a look backstage /MG https://t.co/ldFdZRiNAt,"I don't use the app; I prefer the web player, so I've only seen it there. Private home network.",Thanks. Can you DM us your account's email address? We'll take a look backstage /MG,0
568906,@SpotifyCares Xiaomi redmi note 3. I'm running Android 6.0.1 and I'm using Spotify 8.4.30.688.,568908,"@253479 Thanks. Can you send us the Playlist Link? Just tap the three dots &gt; Share &gt; Copy Link. Also, what country is your account set to? /XF",Xiaomi redmi note 3. I'm running Android 6.0.1 and I'm using Spotify 8.4.30.688.,"Thanks. Can you send us the Playlist Link? Just tap the three dots > Share > Copy Link. Also, what country is your account set to? /XF",2
1717756,@SpotifyCares please contact me I have been locked out and have tried contacting your company multiple times,1717755,@520134 Hi Miguel! We've just responded to your DM. Let's carry on chatting there /TR,please contact me I have been locked out and have tried contacting your company multiple times,Hi Miguel! We've just responded to your DM. Let's carry on chatting there /TR,0
567992,"Hey @SpotifyCares, I got this message. Uninstalled, re-downloaded and re-installed and it happened it again. https://t.co/RBRdDUf2qf",567990,@253243 Hey there! The cavalry's here. Does restarting your PC make any difference? Can you let us know the Windows and Spotify version you're using? We'll see what we can suggest /KB,"Hey , I got this message. Uninstalled, re-downloaded and re-installed and it happened it again.",Hey there! The cavalry's here. Does restarting your PC make any difference? Can you let us know the Windows and Spotify version you're using? We'll see what we can suggest /KB,0
2597256,@SpotifyCares why was all of scars on broadway's stuff taken off,2597255,"@735373 Hey there! Just to check, what country is your Spotify account set to? We'll have a closer look /MT",why was all of scars on broadway's stuff taken off,"Hey there! Just to check, what country is your Spotify account set to? We'll have a closer look /MT",0
2095735,@SpotifyCares And here's a video to document the problem: https://t.co/weGVOYlrx0,2095734,"@403432 Can you log out, restart your iPhone, then log back in before trying one more time? Let us know how it goes /JU",And here's a video to document the problem:,"Can you log out, restart your iPhone, then log back in before trying one more time? Let us know how it goes /JU",0
680593,@SpotifyCares do you have an Apple Watch app?,680592,@282399 1: Hi there! We're afraid we don't have an app on the Apple Watch. We suggest checking out the official idea and add your vote...,do you have an Apple Watch app?,1: Hi there! We're afraid we don't have an app on the Apple Watch. We suggest checking out the official idea and add your vote...,0
44355,@115888 not able to pay 9 pesos through smart? :(,1190789,"@399885 Hi there! To get the Intro Offer under your preferred rate, you'll need to use a recurring payment method such as a debit/credit card or PayPal at https://t.co/iOSe5Io3nY. Let us know how it goes /NJ",not able to pay 9 pesos through smart? :(,"Hi there! To get the Intro Offer under your preferred rate, you'll need to use a recurring payment method such as a debit/credit card or PayPal at Let us know how it goes /NJ",0
468975,"Dear @115888 please, when you have time, upload @146300 song. Thanks https://t.co/sSBDDjm1xu",468974,"@226667 Hey Jos! Fingers crossed we'll be able to have it soon, but there's info about Spotify content here: https://t.co/1dgftcFtzc /RA","Dear please, when you have time, upload song. Thanks","Hey Jos! Fingers crossed we'll be able to have it soon, but there's info about Spotify content here: /RA",8
2983686,I wish @115888 had mixtapes... :(,2983685,@822771 Hey there! We’ve got some info about mixtapes here: https://t.co/MEjmIRL2eB /JP,I wish had mixtapes... :(,Hey there! We’ve got some info about mixtapes here: /JP,0
2894020,@SpotifyCares is this ever going to be available? https://t.co/dSq9NEf4HL,2894019,@802060 Hey! We can’t make any promises but we’ll let our developers know this is something you'd like to see in the future /PB,is this ever going to be available?,Hey! We can’t make any promises but we’ll let our developers know this is something you'd like to see in the future /PB,0
2789425,@SpotifyCares  why am I double charged two separate amounts on the same day? https://t.co/MLcrJFYtz2,2789424,@778602 Hey Gerardo! We've sent a DM your way. We'll carry on helping you there /SJ,why am I double charged two separate amounts on the same day?,Hey Gerardo! We've sent a DM your way. We'll carry on helping you there /SJ,0
2491597,"@SpotifyCares Not a specific problem (generally I love the product, on since beta) , I'm rather wondering if there is any reading/transparency on your attitudes and use of tools for suggesting music? I noticed -a feeling, nothing else- than even within my playlists it doesn't feel random",2491599,@711369 We understand. We’ve recently made some improvements to our shuffle algorithm. We’d love to hear your feedback here: https://t.co/T3vZnSL3od /MU,"Not a specific problem (generally I love the product, on since beta) , I'm rather wondering if there is any reading/transparency on your attitudes and use of tools for suggesting music? I noticed -a feeling, nothing else- than even within my playlists it doesn't feel random",We understand. We’ve recently made some improvements to our shuffle algorithm. We’d love to hear your feedback here: /MU,5
1091046,@SpotifyCares hey how can i cancel my premium subscription if i dont know my email nor password?,1091045,@377424 Hi! We've just sent a DM your way. Let's carry on chatting there /RA,hey how can i cancel my premium subscription if i dont know my email nor password?,Hi! We've just sent a DM your way. Let's carry on chatting there /RA,9
1736610,@SpotifyCares PLEASE PLEASE PLEASE give us a light mode. My eyes hurt because of the dark theme. I can't spend more than a minute on the app in my iPad because ARGH MY EYES,1736609,"@524273 Hey, we can see how that’d be handy! Thanks for taking the time to reach out – your feedback's been noted 📝 /RA",PLEASE PLEASE PLEASE give us a light mode. My eyes hurt because of the dark theme. I can't spend more than a minute on the app in my iPad because ARGH MY EYES,"Hey, we can see how that’d be handy! Thanks for taking the time to reach out – your feedback's been noted 📝 /RA",0
8249,@117153 I contacted Hulu and they said the problem was on your end,2590311,"@733690 Hey Erica, we'd love to help! Can you DM us your account's username or email address? We'll take a look backstage /JP",I contacted Hulu and they said the problem was on your end,"Hey Erica, we'd love to help! Can you DM us your account's username or email address? We'll take a look backstage /JP",0
607483,@SpotifyCares They've been 'looking into it' for months. Any chance of an update?,607485,"@264368 Don't worry, we've already given a nudge to the relevant folks about this. Hopefully we'll have that functionality available soon! For now, let us know if there's anything else we can help with /RC",They've been 'looking into it' for months. Any chance of an update?,"Don't worry, we've already given a nudge to the relevant folks about this. Hopefully we'll have that functionality available soon! For now, let us know if there's anything else we can help with /RC",0
147388,@115888 just run the latest update as prompted by my Marantz wi fi player and now Spotify is not an option on my player - what's happened?,147387,@149492 Hey Leslea! We've just sent you a DM /DR,just run the latest update as prompted by my Marantz wi fi player and now Spotify is not an option on my player - what's happened?,Hey Leslea! We've just sent you a DM /DR,2
2910981,Excuse me @115888 you have a This Is: Emmylou Harris playlist but Goodbye (aka the greatest song ever) is not on it to whom can I address my complaint?,2910979,"@660516 We hear you, Richard! Your feedback has been noted and passed onto the team 👊🏼 Stay awesome /TI",Excuse me you have a This Is: Emmylou Harris playlist but Goodbye (aka the greatest song ever) is not on it to whom can I address my complaint?,"We hear you, Richard! Your feedback has been noted and passed onto the team 👊🏼 Stay awesome /TI",6
2215944,@SpotifyCares @117168 why is reputation not here??!!😭😭 https://t.co/sYrsunnLex,2215943,"@450262 Hi! Fingers crossed we'll be able to have it soon, but there's info about Spotify content here: https://t.co/0i8GpimuDa /DR",why is reputation not here??!!😭😭,"Hi! Fingers crossed we'll be able to have it soon, but there's info about Spotify content here: /DR",0
2065166,@SpotifyCares my Spotify isn’t connecting to my headphones.,2065165,"@610711 Hey Hannah! What device and Spotify version are you using? Also, what headphones are you trying to use? We'll see what we can suggest /BH",my Spotify isn’t connecting to my headphones.,"Hey Hannah! What device and Spotify version are you using? Also, what headphones are you trying to use? We'll see what we can suggest /BH",2
1730844,"@SpotifyCares We have two artist profiles called Crimson Star, can you please merge these into one account ?",1730843,@522993 Hey! We’d recommend reaching out to your distributor. They'll work with our team to make sure your artist page gets fixed up /MU,"We have two artist profiles called Crimson Star, can you please merge these into one account ?",Hey! We’d recommend reaching out to your distributor. They'll work with our team to make sure your artist page gets fixed up /MU,9
53695,@115888 why is the spotify desktop app on my Mac soooooo slow ??? Aaargh #spotify,53693,"@128142 Hey! What device, operating system, and Spotify version are you using? We'll see what we can suggest /CB",why is the spotify desktop app on my Mac soooooo slow ??? Aaargh #spotify,"Hey! What device, operating system, and Spotify version are you using? We'll see what we can suggest /CB",2
959411,@SpotifyCares I need help with my accounts,959410,@228087 Hi there! We've just sent you a bit more info over DM. We'll carry on helping out there /DD,I need help with my accounts,Hi there! We've just sent you a bit more info over DM. We'll carry on helping out there /DD,0
337096,hey @115888 - what happened to Jay Z's albums? Did he pull 'em off Spotify? What's the story?,337095,@196432 Hey Chris! We can confirm that some of Jay Z's catalog has been removed at the request of the artist /JN,hey - what happened to Jay Z's albums? Did he pull 'em off Spotify? What's the story?,Hey Chris! We can confirm that some of Jay Z's catalog has been removed at the request of the artist /JN,2
819610,@125633 Can you guys please add a feature that can allow os to update a profile picture,1797409,@540082 Hi there! For information on how to update your artist image head here: https://t.co/3v3UMdAyoM. We'll be here if you need us again /SP,Can you guys please add a feature that can allow os to update a profile picture,Hi there! For information on how to update your artist image head here: We'll be here if you need us again /SP,5
2373428,"@SpotifyCares for some reason this happened when i left spotify open for 2 hours playing music and then closed it, It was using 20GB of ram and 40% cpu. spotify version is 1.0.67.582.g19436fa3 .   I'm testing it again with just spotify open, i'll update on what i find https://t.co/NffF7vnWI1",2373426,"@495873 Hey, that doesn't sound right. Has this happened before? If not, can you try the steps here for us: https://t.co/EqisDMwZAT? /RH","for some reason this happened when i left spotify open for 2 hours playing music and then closed it, It was using 20GB of ram and 40% cpu. spotify version is 1.0.67.582.g19436fa3 . I'm testing it again with just spotify open, i'll update on what i find","Hey, that doesn't sound right. Has this happened before? If not, can you try the steps here for us: /RH",2
1833417,"@SpotifyCares For my friends it shows I got 2 exact same accounts, with the same share codes and mail but with different playlists?????",1833416,"@549990 Hi there! Can you DM us your account's email address or username, and screenshots of the two accounts you mentioned? We'll take a look /NQ https://t.co/ldFdZRiNAt","For my friends it shows I got 2 exact same accounts, with the same share codes and mail but with different playlists?????","Hi there! Can you DM us your account's email address or username, and screenshots of the two accounts you mentioned? We'll take a look /NQ",0
2525596,"@115888 @SpotifyCares - I am seeing my playback interrupted and time to time I see my app connected to ""spotiamb 0.2.1""... Any idea how to purge this hack?",2525595,@148441 Hey! We’re sorry to hear that. Check out: https://t.co/QHn3ok8y2n for what to do next /JS,"- I am seeing my playback interrupted and time to time I see my app connected to ""spotiamb 0.2.1""... Any idea how to purge this hack?",Hey! We’re sorry to hear that. Check out: for what to do next /JS,0
777062,@115888 there are two rappers by the name of Antwon. @16233 ‘s new tape is on both. Please rectify this.,777061,"@305514 Hey there, thanks for that. We'll get this reported. Great detective work! Let us know if you need anything else /RV",there are two rappers by the name of Antwon. ‘s new tape is on both. Please rectify this.,"Hey there, thanks for that. We'll get this reported. Great detective work! Let us know if you need anything else /RV",0
1574843,"@485317 @SpotifyCares A huge pet peeve of mine is that they don't have an artists complete song list available. Have to search through albums, so annoying!",1830868,"@549387 Hey Sean, this sounds like a great idea! Suggest it in our Community at https://t.co/rtDvYZx3Es and get support from other users /KL","A huge pet peeve of mine is that they don't have an artists complete song list available. Have to search through albums, so annoying!","Hey Sean, this sounds like a great idea! Suggest it in our Community at and get support from other users /KL",6
2389024,"@SpotifyCares I’m trying to upload the cover of my playlist so i upload some 1:1 image from my PC, i’m using Windows 10 and the newest version of Spotify, but the image always shown like it was rotate to the left, thank you.",2389026,@688298 Thanks for the info. Try logging out &gt; restarting your device &gt; logging back in &gt; re-uploading the image. Does that do the trick? /AY,"I’m trying to upload the cover of my playlist so i upload some 1:1 image from my PC, i’m using Windows 10 and the newest version of Spotify, but the image always shown like it was rotate to the left, thank you.",Thanks for the info. Try logging out > restarting your device > logging back in > re-uploading the image. Does that do the trick? /AY,3
995888,"Yo @SpotifyCares, you got the wrong CL listed as the art for the song No Better Feelin' it should be @34104",995887,"@355893 Hey Diego, we're here to help! Can you send us the Spotify URI? Just right-click the track &gt; Share &gt; URI. We'll be right here /RV","Yo , you got the wrong CL listed as the art for the song No Better Feelin' it should be","Hey Diego, we're here to help! Can you send us the Spotify URI? Just right-click the track > Share > URI. We'll be right here /RV",6
667157,@115888 hello hoe i pay spotify premium and you still dont put pentagon's new album ¿¿????¿,667156,"@278989 Hey Antonella! Fingers crossed we'll be able to have it soon, but there's info about Spotify content here: https://t.co/0i8GpimuDa /NS",hello hoe i pay spotify premium and you still dont put pentagon's new album ¿¿????¿,"Hey Antonella! Fingers crossed we'll be able to have it soon, but there's info about Spotify content here: /NS",4
2442045,Why is there no sleep timer on the @115888 app 😐😐😐,2442044,@700305 Hey Claire! A sleep timer is a great idea. Help make it happen by adding support here: https://t.co/pMmX7wXq24 😉 /CH,Why is there no sleep timer on the app 😐😐😐,Hey Claire! A sleep timer is a great idea. Help make it happen by adding support here: 😉 /CH,0
2959336,@115888 i love you and i'm thankful for everything you've done for me but NEVER play Train on my radio playlists again!!!!,2959335,@816771 Hey Rachel! Thanks for the kind words. We’ll be sure to pass this on to the right folks - your feedback's been noted 📝 /PC,i love you and i'm thankful for everything you've done for me but NEVER play Train on my radio playlists again!!!!,Hey Rachel! Thanks for the kind words. We’ll be sure to pass this on to the right folks - your feedback's been noted 📝 /PC,6
1209314,@SpotifyCares Unacceptable you are suppose to be a global Company yet you are not. Why advertise as one only to leave many countries out. #falseadvert,1209316,"@403893 2: we've sent in our previous message. In the meantime, let us know if we could help with anything else /AR",Unacceptable you are suppose to be a global Company yet you are not. Why advertise as one only to leave many countries out. #falseadvert,"2: we've sent in our previous message. In the meantime, let us know if we could help with anything else /AR",0
2251476,"@SpotifyCares is it possible to have my user id changed to somewhat readable, instead of random numbers?",2251474,"@434469 2. username. Don't worry, we'll let the right team know it's something you'd like to see. For anything else, let us know /GU","is it possible to have my user id changed to somewhat readable, instead of random numbers?","2. username. Don't worry, we'll let the right team know it's something you'd like to see. For anything else, let us know /GU",0
2210969,Hey @115888 and @917 should team up on a filter that allows me to show people what I am listening to at that moment.,2210968,"@646233 Hey, we can see how that’d be useful! You can vote for the official idea here: https://t.co/cHGue9msiX /AR",Hey and should team up on a filter that allows me to show people what I am listening to at that moment.,"Hey, we can see how that’d be useful! You can vote for the official idea here: /AR",0
1899415,"@115888 I'm new, how do the daily mixes work? It's a super awesome feature, is it based on my liked songs? Or what I add to my library?",1899414,@566082 Hey Sara! Daily Mix serves up unique mixes based on aspects of your music taste. You’ll mainly hear tunes you already love /MX,"I'm new, how do the daily mixes work? It's a super awesome feature, is it based on my liked songs? Or what I add to my library?",Hey Sara! Daily Mix serves up unique mixes based on aspects of your music taste. You’ll mainly hear tunes you already love /MX,5
1859495,"@117153  
Hi I subscribed to premium but I can not use it, use the university account and they already charged me but I really wanted the normal premium account, which is what I have to do to recover my money and pay the normal premium.",1859494,@555941 Hey Alberto! Can you DM us your account's username and email address? We'll take a look backstage /JL https://t.co/ldFdZRiNAt,"Hi I subscribed to premium but I can not use it, use the university account and they already charged me but I really wanted the normal premium account, which is what I have to do to recover my money and pay the normal premium.",Hey Alberto! Can you DM us your account's username and email address? We'll take a look backstage /JL,7
848528,@SpotifyCares any chance your app could be fixed? I’d be very grateful #fedup,848526,@321651 Hey Mark! Is your Spotify misbehaving? What issues are you having and on what device? Let us know - we'll help out /SY,any chance your app could be fixed? I’d be very grateful #fedup,Hey Mark! Is your Spotify misbehaving? What issues are you having and on what device? Let us know - we'll help out /SY,0
609554,"@117153 Everytime I click a song on the web player, it plays a different song than the one I selected. I've tested many songs/devices",609553,@264903 Hi there! What operating system and internet browser are you using at the moment? We'll see what we can suggest /MC,"Everytime I click a song on the web player, it plays a different song than the one I selected. I've tested many songs/devices",Hi there! What operating system and internet browser are you using at the moment? We'll see what we can suggest /MC,6
588864,".@SpotifyCares why can’t I use a Spotify gift card to pay for spotify yearly?
https://t.co/wA9YBAGBqK https://t.co/ZSlVxCiLmH",588862,@259182 Hi Susan! It's not currently possible to pay for the yearly deal with a gift card. You can see the available payment methods here: https://t.co/YtWKwM0QpF /I,. why can’t I use a Spotify gift card to pay for spotify yearly?,Hi Susan! It's not currently possible to pay for the yearly deal with a gift card. You can see the available payment methods here: /I,2
296847,"@SpotifyCares Same problem here, Can you help me fix it?",296845,"@173904 Hey there! We just sent you a reply to your DM, so we'll continue assisting you there /TF","Same problem here, Can you help me fix it?","Hey there! We just sent you a reply to your DM, so we'll continue assisting you there /TF",0
2608285,Um @115888 @36698 why is Travelin' Soldier no longer on Spotify I need it to cry in the car thanks,2608284,@737785 Hey! Sometimes content gets temporarily removed because of licensing changes. Hopefully we'll have it available again soon /DF,Um why is Travelin' Soldier no longer on Spotify I need it to cry in the car thanks,Hey! Sometimes content gets temporarily removed because of licensing changes. Hopefully we'll have it available again soon /DF,8
2877435,The @115888 app needs a sleep timer and my life is set.,2877434,@798717 Hey Noah! A sleep timer is a great idea. Help make it happen by adding support here: https://t.co/pMmX7wXq24 🙂 /AY,The app needs a sleep timer and my life is set.,Hey Noah! A sleep timer is a great idea. Help make it happen by adding support here: 🙂 /AY,0
2353920,@SpotifyCares Spotify version 8.4.26.793 . I’ve restarted my phone; No difference. Left speaker still not producing sound. No matter if it is controlled via iPhone or Android.,2353921,@680148 Hmm. Can you let us know when this started happening? Was it after a specific update? /RC,Spotify version 8.4.26.793 . I’ve restarted my phone; No difference. Left speaker still not producing sound. No matter if it is controlled via iPhone or Android.,Hmm. Can you let us know when this started happening? Was it after a specific update? /RC,5
2919419,@SpotifyCares hi my spotify app isnf working on mobile wife or lte,2919418,@244813 Hey there! Thanks for letting us know. Everything’s looking good on our end now - are you still having this issue? /FR,hi my spotify app isnf working on mobile wife or lte,Hey there! Thanks for letting us know. Everything’s looking good on our end now - are you still having this issue? /FR,5
1157290,@115888 It never crashed and now it won't even play shuffled songs. Literally it's just ad after ad,1420743,"@392237 Hmm, that's odd. Does logging out, restarting your device, and logging back in help at all? /YM",It never crashed and now it won't even play shuffled songs. Literally it's just ad after ad,"Hmm, that's odd. Does logging out, restarting your device, and logging back in help at all? /YM",6
2633302,@SpotifyCares Found a helpful link in the Spotify Community to move playlists over to a new account. https://t.co/OxvbWQfkld Can I has?,2633301,"@743512 Hey there! We appreciate your feedback on this. We're afraid it's not possible to move playlists to another account on your own, but if you'd like, we can transfer any tunes/followers over to a new one for you. Just DM us your account's email address, and we'll take a look /LM https://t.co/ldFdZRiNAt",Found a helpful link in the Spotify Community to move playlists over to a new account. Can I has?,"Hey there! We appreciate your feedback on this. We're afraid it's not possible to move playlists to another account on your own, but if you'd like, we can transfer any tunes/followers over to a new one for you. Just DM us your account's email address, and we'll take a look /LM",9
694638,@SpotifyCares i can’t connect my wife with my family subscription plan. Please help,694637,"@285648 Hey Ritchie, help's here! We've just replied to your DM. Let's carry on chatting there /DV",i can’t connect my wife with my family subscription plan. Please help,"Hey Ritchie, help's here! We've just replied to your DM. Let's carry on chatting there /DV",1
1191871,"@SpotifyCares Done. Same old. We’re having this problems for months. It only changes the length of time Spotify works ok, diminishingly.",1191874,"@400135 Thanks for your feedback. We'll be sure to pass it on to the right team. Just to check, is the Search function now working on your end? /MA","Done. Same old. We’re having this problems for months. It only changes the length of time Spotify works ok, diminishingly.","Thanks for your feedback. We'll be sure to pass it on to the right team. Just to check, is the Search function now working on your end? /MA",2
2828379,@SpotifyCares excuse me but I didn’t receive my student discount for this month’s payment,2828378,@787722 Hey there! Can you fire over your account's email address or username via DM? We'll take a look backstage /RC https://t.co/ldFdZRiNAt,excuse me but I didn’t receive my student discount for this month’s payment,Hey there! Can you fire over your account's email address or username via DM? We'll take a look backstage /RC,0
991825,@SpotifyCares It’s ok I managed to get it to work. Thanks tho!,991824,@300616 No worries! Let us know if you ever need us again. We'd be... https://t.co/LgAM6ky9Vv /RS,It’s ok I managed to get it to work. Thanks tho!,No worries! Let us know if you ever need us again. We'd be... /RS,8
1844075,@115888 I am trying to sign up for a new account. ios app or web browser (safari&amp;chrome) wont work. help!,1844074,@552493 Hey Mike! Could you DM us the email address you're using to set up an account? We'll check things out /AY https://t.co/ldFdZRiNAt,I am trying to sign up for a new account. ios app or web browser (safari&chrome) wont work. help!,Hey Mike! Could you DM us the email address you're using to set up an account? We'll check things out /AY,0
2587964,Dear @115888 i need this song ASAP!!! One More Chance by Super Junior #OneMoreChance,2587963,@733231 Hey. We’ll have it available to you as soon as it's available to us! https://t.co/0i8GpimuDa /BH,Dear i need this song ASAP!!! One More Chance by Super Junior #OneMoreChance,Hey. We’ll have it available to you as soon as it's available to us! /BH,6
2707749,@115888 how come songs in my library will no longer be saved or downloaded? This happens at least once a month. Random songs will. I longer be available when I'm offline which is every day commuting,2707748,"@760420 Hey, help's here! Can you DM us your account's email address? We'll take a closer look /BE https://t.co/ldFdZRiNAt",how come songs in my library will no longer be saved or downloaded? This happens at least once a month. Random songs will. I longer be available when I'm offline which is every day commuting,"Hey, help's here! Can you DM us your account's email address? We'll take a closer look /BE",5
534627,.@SpotifyCares I am getting error code: 404 when I try to sign in to any app.,534626,"@243846 Hi Ryan! Help's here. Can you DM us your account's username or email address, along with a screenshot of the error message you're getting? We'll check things backstage /MU https://t.co/ldFdZRiNAt",. I am getting error code: 404 when I try to sign in to any app.,"Hi Ryan! Help's here. Can you DM us your account's username or email address, along with a screenshot of the error message you're getting? We'll check things backstage /MU",0
1942017,@SpotifyCares   Valerie Rushton (valeriespot) £9.99 paid from my bank a/c 23.10.76 but premium not activated.,1942016,@577489 Hi there. We've checked your account and can't see any payments yet. Can you DM us other usernames or email addresses you may have used? /JU https://t.co/ldFdZRiNAt,Valerie Rushton (valeriespot) £9.99 paid from my bank a/c 23.10.76 but premium not activated.,Hi there. We've checked your account and can't see any payments yet. Can you DM us other usernames or email addresses you may have used? /JU,7
2473655,"@707282 So they blocked me again. ILL NEVER GONNA STOP NOT UNLESS YOU GIVE MY MONEY BACK. 

F R A U D F A K E SPOTIFY PREMIUM,WILL TAKE YOUR GODAMN MONEY AND RUN.

@115888 @SpotifyCares 

https://t.co/fGgYCvGzt6",2473654,"@707281 Hey Cedric! Don't worry, we'll get this reported. In the future, we'd recommend buying Premium from our official website: https://t.co/WB5TSxRfDe in order to avoid instances like this /KT","So they blocked me again. ILL NEVER GONNA STOP NOT UNLESS YOU GIVE MY MONEY BACK. F R A U D F A K E SPOTIFY PREMIUM,WILL TAKE YOUR GODAMN MONEY AND RUN.","Hey Cedric! Don't worry, we'll get this reported. In the future, we'd recommend buying Premium from our official website: in order to avoid instances like this /KT",2
1368087,"Spotify took ""If that ain't country"" by David Allan Coe off. I have never been so pissed off in my life. What a bunch of jackasses @115888",1368086,@438488 Hey Hunter! Sometimes content gets temporarily removed because of licensing changes. Hopefully we'll have it available again soon /RA,"Spotify took ""If that ain't country"" by David Allan Coe off. I have never been so pissed off in my life. What a bunch of jackasses",Hey Hunter! Sometimes content gets temporarily removed because of licensing changes. Hopefully we'll have it available again soon /RA,2
1328431,@SpotifyCares Can’t play this artist either: https://t.co/DwDNBnUeDQ,1328430,@429920 Got it. Try logging out &gt; restarting your devices &gt; logging back in. Does that make a difference? /AY,Can’t play this artist either:,Got it. Try logging out > restarting your devices > logging back in. Does that make a difference? /AY,6
1965642,@SpotifyCares Since when could you just decide to upgrade my subscription. I literally live on my own why would I need Spotify Family?,1965641,"@582647 Hi David, we understand how you feel about this. Could you send us a DM with your account's email address or username? We'll take a look /AY https://t.co/ldFdZRiNAt",Since when could you just decide to upgrade my subscription. I literally live on my own why would I need Spotify Family?,"Hi David, we understand how you feel about this. Could you send us a DM with your account's email address or username? We'll take a look /AY",1
367086,"@115888 Like, I get that they're similar to other artists I like. It's just... relentless.",367085,"@202953 Hi, we hear you! This isn't possible right now, but you can show your support for the idea on our Community: https://t.co/oGDLtirXki /GT","Like, I get that they're similar to other artists I like. It's just... relentless.","Hi, we hear you! This isn't possible right now, but you can show your support for the idea on our Community: /GT",0
1364946,"dear @115888 , please have your services available worldwide , thanks.",1364945,@437793 Hey! We're launching in new countries as often as possible. Be sure to add your email at https://t.co/X8DVSX9QgM /RC,"dear , please have your services available worldwide , thanks.",Hey! We're launching in new countries as often as possible. Be sure to add your email at /RC,8
1125880,"@SpotifyCares Yes, please! No new rumors about the HiFi tier since April - I‘m a little worried!",1125882,"@312172 No worries. We've passed it on. If you need anything else, just let us know. We're always here to help! /CB","Yes, please! No new rumors about the HiFi tier since April - I‘m a little worried!","No worries. We've passed it on. If you need anything else, just let us know. We're always here to help! /CB",0
1167987,@SpotifyCares Yes it is thank you for the support,1167988,@311908 Awesome! Let us know if anything comes up. Happy listening 🎶 /JP,Yes it is thank you for the support,Awesome! Let us know if anything comes up. Happy listening 🎶 /JP,3
2793341,"WTF!!! I had @115888 premium, &amp; now it's gone!!! 😒 what happened??? @SpotifyCares",2793339,@779545 Hey there! Can you DM us your account's username or email address? We'll take a look backstage /MS https://t.co/ldFdZRiNAt,"WTF!!! I had premium, & now it's gone!!! 😒 what happened???",Hey there! Can you DM us your account's username or email address? We'll take a look backstage /MS,7
2148228,@SpotifyCares Why am I paying for your service?,2148230,"@631412 1: Sorry for the confusion. The desktop app's default quality uses 160kbit/s. If you enable High quality streaming, you can stream...",Why am I paying for your service?,"1: Sorry for the confusion. The desktop app's default quality uses 160kbit/s. If you enable High quality streaming, you can stream...",0
1450223,@SpotifyCares I have done them all. And still nothing works.,1450224,@456526 Hmm. Can you let us know what country you're currently located at? /DR,I have done them all. And still nothing works.,Hmm. Can you let us know what country you're currently located at? /DR,0
215431,@115888 Pre-made playlists that have horrible songs on them but really good songs too ya know?,215430,@167191 Hey! We hear you loud and clear. We can’t make any promises but we’ll pass your feedback onto the right folks /RH,Pre-made playlists that have horrible songs on them but really good songs too ya know?,Hey! We hear you loud and clear. We can’t make any promises but we’ll pass your feedback onto the right folks /RH,0
280478,@SpotifyCares Thankyou for the speedy reply 😁,280477,"@182830 https://t.co/qAh6tkevrD! Give us a shout if you need us again, and we'll come running 🏃 /MA",Thankyou for the speedy reply 😁,"Give us a shout if you need us again, and we'll come running 🏃 /MA",0
2075591,"Hey @SpotifyCares bring back the song Gone by Linus Hablot! Just removed his EP, and I'm sad.",2075590,"@613847 Hi Max! Sometimes content is temporarily removed due to licensing, but we hope to have it back soon: https://t.co/VMrgnGpB4G /GK","Hey bring back the song Gone by Linus Hablot! Just removed his EP, and I'm sad.","Hi Max! Sometimes content is temporarily removed due to licensing, but we hope to have it back soon: /GK",6
634368,"@115888 Share feature crashes the app. Using a Pixel. Already uninstalled, reinstalled.",634367,"@270406 Hi Michael, help's here! Can you let us know what version of Spotify you're using? We'll see what we can suggest /JI","Share feature crashes the app. Using a Pixel. Already uninstalled, reinstalled.","Hi Michael, help's here! Can you let us know what version of Spotify you're using? We'll see what we can suggest /JI",5
2292757,"@SpotifyCares i am paying for the premium service, but its not working, i cannot shuffle or forward more than 6 times, can you help please",2292756,@665820 Hi there. Can you DM us your account's email address? We'll take a look backstage /LM https://t.co/ldFdZRiNAt,"i am paying for the premium service, but its not working, i cannot shuffle or forward more than 6 times, can you help please",Hi there. Can you DM us your account's email address? We'll take a look backstage /LM,7
2310896,@117153 I've been charged for premium family but am not getting it on my app; already tried updating app and logging out/ back in,2310895,@670204 Hey! Help's here. Can you DM us your account's username and email address? We'll take a look backstage /JL https://t.co/ldFdZRiNAt,I've been charged for premium family but am not getting it on my app; already tried updating app and logging out/ back in,Hey! Help's here. Can you DM us your account's username and email address? We'll take a look backstage /JL,1
1608125,@SpotifyCares Hi! It was just a comment that you aren’t digital as I can’t convert to Premium via commercial in my app,1608128,"@493854 Thanks for the feedback! No worries, you can upgrade to Premium at https://t.co/WB5TSxRfDe. If you need more help, let us know /NY",Hi! It was just a comment that you aren’t digital as I can’t convert to Premium via commercial in my app,"Thanks for the feedback! No worries, you can upgrade to Premium at If you need more help, let us know /NY",7
704786,"@SpotifyCares How can you offer a ""family plan"" but not have an option to block or skip explicit songs. I'd love to shuffle some playlists for Thanksgiving dinner but can't run the risk with all the kids over. Please get with the times and add this often-requested feature.",704785,"@288441 Hey there, we hear you! To help make it happen, we’d recommend showing your support for the idea here: https://t.co/CdI1SY9KZE /TB","How can you offer a ""family plan"" but not have an option to block or skip explicit songs. I'd love to shuffle some playlists for Thanksgiving dinner but can't run the risk with all the kids over. Please get with the times and add this often-requested feature.","Hey there, we hear you! To help make it happen, we’d recommend showing your support for the idea here: /TB",1
2481128,Why can't you officially launch Spotify here? @115888,2481127,@708944 2: add your email at https://t.co/X8DVSX9QgM to be the first to know. Give us a shout if you have other questions /AP,Why can't you officially launch Spotify here?,2: add your email at to be the first to know. Give us a shout if you have other questions /AP,2
831866,"@115888 please get more sponsors, I'm tired of hearing this Happy Death Day advertisement",831865,@318111 Hey there! Thanks for the feedback – we appreciate it. We’ll get this passed onto the right team /NQ,"please get more sponsors, I'm tired of hearing this Happy Death Day advertisement",Hey there! Thanks for the feedback – we appreciate it. We’ll get this passed onto the right team /NQ,0
2794531,@115888 Your website is down! Fix it pls!,2794530,@779847 Hi there! Everything should be running smoothly now. Let us know if this is still happening /HR,Your website is down! Fix it pls!,Hi there! Everything should be running smoothly now. Let us know if this is still happening /HR,0
2705160,"I need .@spotifycares to update their roku app. I want to play my own playlists, not just “what’s new” and “top tracks” searching for music/artists is also tedious. Please consider updating it.",2705159,"@759760 Hey Malena, we hear you! We have some info about the Spotify app on Roku here: https://t.co/titMn0j3Im. Let us know if you have any questions /TB","I need . to update their roku app. I want to play my own playlists, not just “what’s new” and “top tracks” searching for music/artists is also tedious. Please consider updating it.","Hey Malena, we hear you! We have some info about the Spotify app on Roku here: Let us know if you have any questions /TB",6
1756620,and to ease things for me a bit can you @115888 please allow me to have you here in russia,1756621,"@528925 1: Hey there! We're afraid Spotify isn't available in Russia right now, but we're launching in new countries as often as possible.",and to ease things for me a bit can you please allow me to have you here in russia,"1: Hey there! We're afraid Spotify isn't available in Russia right now, but we're launching in new countries as often as possible.",0
2574111,@SpotifyCares It was more tongue-in-cheek. I think I am getting old :D,2574110,"@729968 Haha, we feel you! For anything else, we're just a tweet away /JP",It was more tongue-in-cheek. I think I am getting old :D,"Haha, we feel you! For anything else, we're just a tweet away /JP",0
1742920,"@SpotifyCares It isn’t premium, and it’s on my mobile device",1742923,"@525730 1: Could you also let us know your device's make and model, operating system, and Spotify version? To check the latter, just head... /AU","It isn’t premium, and it’s on my mobile device","1: Could you also let us know your device's make and model, operating system, and Spotify version? To check the latter, just head... /AU",7
1272621,@SpotifyCares @116130 was charged for a thirty day ‘free’ trial after 13 days can you tell me how I can get a refund please.,1272619,"@417896 Hey, help's here! Can you DM us your account's email address? We'll check backstage /GK https://t.co/ldFdZRiNAt",was charged for a thirty day ‘free’ trial after 13 days can you tell me how I can get a refund please.,"Hey, help's here! Can you DM us your account's email address? We'll check backstage /GK",0
649910,"@115888
Have signed up to Spotify on Premium for myself and the bride.. I get adverts she doesnt, last payment went out 4th November??..",649909,"@274502 Hi, help's here! Does logging out, then logging back in using the Log in with Facebook button make any difference? Keep us posted /XF","Have signed up to Spotify on Premium for myself and the bride.. I get adverts she doesnt, last payment went out 4th November??..","Hi, help's here! Does logging out, then logging back in using the Log in with Facebook button make any difference? Keep us posted /XF",2
2922441,@SpotifyCares Spotify seems to be down all over the world? Please update us. Thank you!,2922439,@808780 Hey Ashlynn! Thanks for letting us know. Everything’s looking good on our end now - are you still having this issue? /FR,Spotify seems to be down all over the world? Please update us. Thank you!,Hey Ashlynn! Thanks for letting us know. Everything’s looking good on our end now - are you still having this issue? /FR,3
2042298,@SpotifyCares Thanks my account's username is Alejandra Aptera and the email address is __email__,2042297,@166081 Thanks for the info. We suggest deleting your public tweet since it has your private information. Could you DM us instead? /RE https://t.co/ldFdZRiNAt,Thanks my account's username is Alejandra Aptera and the email address is __email__,Thanks for the info. We suggest deleting your public tweet since it has your private information. Could you DM us instead? /RE,9
1167981,@SpotifyCares No good  song I’m listening to right now doesn’t even show in the Spotify home screen https://t.co/R149J1JZgW,1167982,"@311908 Got it. Just to confirm, did you follow the steps that we sent in our previous message? Keep us posted /AM",No good song I’m listening to right now doesn’t even show in the Spotify home screen,"Got it. Just to confirm, did you follow the steps that we sent in our previous message? Keep us posted /AM",6
1420738,@SpotifyCares Oh my god this is so terrible. Must come back.,1420737,@172337 We understand. We'll be sure to have it available to you as soon as it's available again to us /AR,Oh my god this is so terrible. Must come back.,We understand. We'll be sure to have it available to you as soon as it's available again to us /AR,0
1593669,@SpotifyCares Im dm u! Just to make sure i dont share anything sensitive to my devices,1593670,@163532 We've shared a bit more info via DM. We'll carry on helping out there /AY,Im dm u! Just to make sure i dont share anything sensitive to my devices,We've shared a bit more info via DM. We'll carry on helping out there /AY,0
1797130,@115888 i can't connect to my family's spotify account any way to resolve this issue? same goes for my brother,1797129,@539989 Hey there! Could you shoot us a DM with the usernames and email addresses for both accounts? We'll take a look backstage /VK https://t.co/ldFdZRiNAt,i can't connect to my family's spotify account any way to resolve this issue? same goes for my brother,Hey there! Could you shoot us a DM with the usernames and email addresses for both accounts? We'll take a look backstage /VK,1
1914218,@spotifycares Then spent ~ 1 hr going thru site for answer/contact us option.  Hard work to spend money!  So I didn't end up subscribing.,1914217,@570184 Hi there! Help's here. Can you DM us your account's email address/username and the country you're currently residing in? /PB https://t.co/ldFdZR1cbT,Then spent ~ 1 hr going thru site for answer/contact us option. Hard work to spend money! So I didn't end up subscribing.,Hi there! Help's here. Can you DM us your account's email address/username and the country you're currently residing in? /PB,0
611413,@SpotifyCares iPhone 7 running iOS 11. Spotify 8.4.20,611412,@265375 Thanks! Just follow these steps to sort your songs to show Recently Added at the top: https://t.co/5hjtm5AdqM. Let us know how it goes /GN,iPhone 7 running iOS 11. Spotify 8.4.20,Thanks! Just follow these steps to sort your songs to show Recently Added at the top: Let us know how it goes /GN,2
760604,@SpotifyCares Its been a month trying to get a response to fixing an error on my artist account. I need songs merged to my verified account.,760603,"@301747 Got it! If you've reached out, DM us your email address &amp; we'll chase it up /DH https://t.co/ldFdZRiNAt",Its been a month trying to get a response to fixing an error on my artist account. I need songs merged to my verified account.,"Got it! If you've reached out, DM us your email address & we'll chase it up /DH",9
1380908,@SpotifyCares Bupkis. And I’m not the only one with this issue. https://t.co/Gv50Zi20qp,1380909,@441430 Hmm. When did this start happening? Was it after a specific firmware/app update? /NS,Bupkis. And I’m not the only one with this issue.,Hmm. When did this start happening? Was it after a specific firmware/app update? /NS,0
2414563,@SpotifyCares Downloaded last night. Went to listen on the plane and all gone,2414565,@570961 We're sorry to hear about that. Can you check if your phone has any cache-clearing apps? /DV,Downloaded last night. Went to listen on the plane and all gone,We're sorry to hear about that. Can you check if your phone has any cache-clearing apps? /DV,0
954362,@SpotifyCares I have DM’d as well,954359,@346452 Hey Emilia! We just replied to your DM. Check it out 🙂 /BH,I have DM’d as well,Hey Emilia! We just replied to your DM. Check it out 🙂 /BH,0
2582073,@SpotifyCares I signed up for Spotify with Rogers yesterday and then saw a better deal with Spotify online so cancelled the Rogers plan today. However I can't find a way to sign on with Spotify because it's still showing my account with Rogers. How can I change this?,2582072,@731785 Hi there! Can you DM us your account's username or email address? We'll take a look under the hood /JM https://t.co/ldFdZRiNAt,I signed up for Spotify with Rogers yesterday and then saw a better deal with Spotify online so cancelled the Rogers plan today. However I can't find a way to sign on with Spotify because it's still showing my account with Rogers. How can I change this?,Hi there! Can you DM us your account's username or email address? We'll take a look under the hood /JM,2
2190728,That moment when you wonder if you should be tweeting to @SpotifyCares or @comcastcares because not a single song has played without interruption... 😩,2190727,"@641284 Hi Liz, help's here! What’s happening exactly? Can you let us know the device/OS you’re using? We'll see what we can suggest /JI",That moment when you wonder if you should be tweeting to or because not a single song has played without interruption... 😩,"Hi Liz, help's here! What’s happening exactly? Can you let us know the device/OS you’re using? We'll see what we can suggest /JI",6
2023031,"Hi @SpotifyCares, i am trying to close an account of a friend who died 2 months ago. It is terrible that i cant and have to use pub twitter.",2023030,"@598309 Hey Oliver, help's here! Can you DM us your friend's account's email address? We'll check backstage /GK https://t.co/ldFdZRiNAt","Hi , i am trying to close an account of a friend who died 2 months ago. It is terrible that i cant and have to use pub twitter.","Hey Oliver, help's here! Can you DM us your friend's account's email address? We'll check backstage /GK",7
1698021,@115888  why dont you have maggie and ther  ferocious beast on spotify,1698020,"@515021 Hey! Fingers crossed we'll be able to have it soon, but there's info about Spotify content here: https://t.co/0i8GpimuDa /RA",why dont you have maggie and ther ferocious beast on spotify,"Hey! Fingers crossed we'll be able to have it soon, but there's info about Spotify content here: /RA",2
851849,@SpotifyCares anyway to sort playlists alphabetical other than manually (Mac App) and/or select which playlists show on mobile app?,851847,@322348 Could you head over at https://t.co/5hjtm5AdqM and see if that helps? Let us know if you have any other questions /GU,anyway to sort playlists alphabetical other than manually (Mac App) and/or select which playlists show on mobile app?,Could you head over at and see if that helps? Let us know if you have any other questions /GU,0
128854,@118266 Iya saya pengguna premium. Ngga dpt promonya ya..,128853,"@144987 Hey! We can help out in English via Twitter, but we also have Indonesian support via email at https://t.co/ZgU70TbP8M /RB",Iya saya pengguna premium. Ngga dpt promonya ya..,"Hey! We can help out in English via Twitter, but we also have Indonesian support via email at /RB",7
1595443,@SpotifyCares Is there any possible way to disconnect my cousins facebook from my spotify via xbox or phone?,1595442,@490196 2: computer. Just follow these steps: https://t.co/uafhOEnKkW. Let us know how it goes 🙂 /RR,Is there any possible way to disconnect my cousins facebook from my spotify via xbox or phone?,2: computer. Just follow these steps: Let us know how it goes 🙂 /RR,5
1272289,@SpotifyCares I’m having trouble with my family plan I’ve tried to add my girlfriend but it keeps asking her to re-enter our address.,1272288,@417821 Hey there! Could you DM us the usernames or email addresses on your and your girlfriend's accounts? We'll take a look under the hood /LP https://t.co/ldFdZRiNAt,I’m having trouble with my family plan I’ve tried to add my girlfriend but it keeps asking her to re-enter our address.,Hey there! Could you DM us the usernames or email addresses on your and your girlfriend's accounts? We'll take a look under the hood /LP,1
1455469,@SpotifyCares read my DM pls,1455468,@457820 Hey! We've just sent you a bit more info over DM. We'll carry on helping out there /DR,read my DM pls,Hey! We've just sent you a bit more info over DM. We'll carry on helping out there /DR,0
2516183,@SpotifyCares Unfortunately I’ve requested a reset link several times but i never receive it even by junk mail,2516182,@625603 Can you DM us your account's email address? We'll see what we can suggest /RB https://t.co/ldFdZRiNAt,Unfortunately I’ve requested a reset link several times but i never receive it even by junk mail,Can you DM us your account's email address? We'll see what we can suggest /RB,0
1795497,@115888 when are you going to support Slovenia ? 🇸🇮,1795496,@539526 Hi Eteo! We're launching regularly in countries around the world. Sign up here to be first to hear: https://t.co/XDwWzj7cLP /AU,when are you going to support Slovenia ? 🇸🇮,Hi Eteo! We're launching regularly in countries around the world. Sign up here to be first to hear: /AU,0
1860777,"@SpotifyCares I bought a full year but my Spotify Premium still says ""update payment"". I have the receipt for the year. What's going on?",1860776,"@556206 Hey there, help's here! Can you DM us your account's email address and username? We'll take a look backstage 🙂 /CG https://t.co/ldFdZRiNAt","I bought a full year but my Spotify Premium still says ""update payment"". I have the receipt for the year. What's going on?","Hey there, help's here! Can you DM us your account's email address and username? We'll take a look backstage 🙂 /CG",7
33428,@SpotifyCares So can I not go back to the normal spotify cause I’m not really to fond of this version?,33429,"@123395 We're afraid it's not possible to revert back to the older app version, but we appreciate your feedback. We'll pass it on to the team /NY",So can I not go back to the normal spotify cause I’m not really to fond of this version?,"We're afraid it's not possible to revert back to the older app version, but we appreciate your feedback. We'll pass it on to the team /NY",2
2110172,@SpotifyCares Yup. Tried that. Tried reformatting my SD card. Nothing.,2110171,@622518 Alright. Can you let us know what device and Android version you're running? Could you also try using a different SD card? /LM,Yup. Tried that. Tried reformatting my SD card. Nothing.,Alright. Can you let us know what device and Android version you're running? Could you also try using a different SD card? /LM,0
2399588,I paid for premium a few weeks ago and it worked for a while but now my account says I don't have premium. I have the receipt @SpotifyCares,2399587,"@690483 Hey Sarah, help's here! Can you DM us your account's email address? We'll take a look backstage /JN https://t.co/ldFdZRiNAt",I paid for premium a few weeks ago and it worked for a while but now my account says I don't have premium. I have the receipt,"Hey Sarah, help's here! Can you DM us your account's email address? We'll take a look backstage /JN",7
1702124,@SpotifyCares any word of when you'll up the limit of songs that we can save? i cleared it up last year and i ran into this issue again https://t.co/7zmzUNcWuf,1702123,"@516077 We hear you! We’d love to see your vote, and hear your feedback on this idea: https://t.co/8OOl8B2i69 🙂 /VK",any word of when you'll up the limit of songs that we can save? i cleared it up last year and i ran into this issue again,"We hear you! We’d love to see your vote, and hear your feedback on this idea: 🙂 /VK",0
2145975,@125633 big shout out for the follow guys!!! Let's get the working. #ChooseRemix,2145974,@630864 Hey Marc! You're welcome. Give us a shout if you need anything else /KP,big shout out for the follow guys!!! Let's get the working. #ChooseRemix,Hey Marc! You're welcome. Give us a shout if you need anything else /KP,0
1929988,"@SpotifyCares That did fix the issue, thanks for the help! ❤️",1929989,@574322 Great! Glad to hear it's working. Just let us know if we can help with anything else. https://t.co/m4HWSbgHVZ /MX,"That did fix the issue, thanks for the help! ❤️",Great! Glad to hear it's working. Just let us know if we can help with anything else. /MX,8
1296391,"@SpotifyCares 2: Been a subscriber and advocate since the US launch but I can't stand this ""feature"" any longer. Time to move on I suppose : /",1296393,"@423017 We're sorry you feel that way. We're taking in your comments though, and we'll be sure to pass them on to the relevant team /AR","2: Been a subscriber and advocate since the US launch but I can't stand this ""feature"" any longer. Time to move on I suppose : /","We're sorry you feel that way. We're taking in your comments though, and we'll be sure to pass them on to the relevant team /AR",5
1752886,"@SpotifyCares #Spotify Im a premium sub and app routinely deletes all music for no reason. 3rd time this month, been happening for years",1752885,@528039 Hey! Can you DM us your account's email address? We'll take a quick look backstage /CB https://t.co/ldFdZRiNAt,"#Spotify Im a premium sub and app routinely deletes all music for no reason. 3rd time this month, been happening for years",Hey! Can you DM us your account's email address? We'll take a quick look backstage /CB,5
1852415,Hui @148611 bat ito na lang version ng Crash Into Me? Nawala ung recorded version. Ansakit-sakit! https://t.co/M0tTJLeeN7,1852416,@554379 2: licensing changes. Hopefully we'll have it available again soon. More info here: https://t.co/0i8GpimuDa /LO,Hui bat ito na lang version ng Crash Into Me? Nawala ung recorded version. Ansakit-sakit!,2: licensing changes. Hopefully we'll have it available again soon. More info here: /LO,0
1691126,"@SpotifyCares @513381 Same issue. iOS. Logged out of app --&gt; restarted device --&gt; logged in --&gt; same behavior, same issue",1691125,"@513380 Hey Bryan! Can you tell us your device, iOS and Spotify versions? We'll see what else we can suggest /LS","Same issue. iOS. Logged out of app --> restarted device --> logged in --> same behavior, same issue","Hey Bryan! Can you tell us your device, iOS and Spotify versions? We'll see what else we can suggest /LS",0
966914,"@SpotifyCares I signed up over 5 yrs ago when I was on vacation in Sweden, not sure it worked back then. When I tried to login in just now it was only offering me a 7 day trial instead of the 30 day trial if you were in Canada. It wont let me change my Country permanently",966913,@349484 Hi there! Can you DM us your account's email address or username? We'll take a look backstage /NQ https://t.co/ldFdZRiNAt,"I signed up over 5 yrs ago when I was on vacation in Sweden, not sure it worked back then. When I tried to login in just now it was only offering me a 7 day trial instead of the 30 day trial if you were in Canada. It wont let me change my Country permanently",Hi there! Can you DM us your account's email address or username? We'll take a look backstage /NQ,0
450069,@SpotifyCares I think a lot of people experienced the same outage. I think we're back to normal now.,450068,"@152991 We had a little hiccup earlier, but everything should be running as smooth as Smooth Jazz now! /DB",I think a lot of people experienced the same outage. I think we're back to normal now.,"We had a little hiccup earlier, but everything should be running as smooth as Smooth Jazz now! /DB",0
1787262,@SpotifyCares Something is going on with Daft Punk on Mac app - no Daft Punk songs will play on my Mac (other artists fine) but ok on phone,1787260,@536941 Hey Cian! Could you DM us your Spotify account's email address? We'll take a look under the hood /BH https://t.co/ldFdZRiNAt,Something is going on with Daft Punk on Mac app - no Daft Punk songs will play on my Mac (other artists fine) but ok on phone,Hey Cian! Could you DM us your Spotify account's email address? We'll take a look under the hood /BH,6
2759221,"Dear @115888, it's been years. 
we need innerspeaker album back",2759220,"@772074 Hey there! Fingers crossed we'll be able to have it soon, but there's info about Spotify content here: https://t.co/0i8GpimuDa /LO","Dear , it's been years. we need innerspeaker album back","Hey there! Fingers crossed we'll be able to have it soon, but there's info about Spotify content here: /LO",4
2912516,"Spotify website is down, There goes my gaming music :(
@117153 #Spotify  #SpotifyDown",2912515,"@806249 Hey Mitchell! We had a little hiccup backstage, but it should be working now. We're here if you need us /JE","Spotify website is down, There goes my gaming music :( #Spotify #SpotifyDown","Hey Mitchell! We had a little hiccup backstage, but it should be working now. We're here if you need us /JE",2
1842228,@115888 @115940 I signed up for your student bundle and it charged my card but isn’t letting me sign in???,1842227,@552070 Hey Anna! Could you send us a DM with your account's email address or username? We'll take a look backstage /MA https://t.co/ldFdZRiNAt,I signed up for your student bundle and it charged my card but isn’t letting me sign in???,Hey Anna! Could you send us a DM with your account's email address or username? We'll take a look backstage /MA,0
1369725,"@115888 What is the literal fucking point of playing an ad RIGHT IN THE MIDDLE of something I'm listening to, so BOTH tracks play. FFS.",1369724,"@438832 Hi! Thanks for your feedback - we'll pass it on. For now, check out https://t.co/zgnxs5kPEu if you haven't had a subscription before /RB","What is the literal fucking point of playing an ad RIGHT IN THE MIDDLE of something I'm listening to, so BOTH tracks play. FFS.","Hi! Thanks for your feedback - we'll pass it on. For now, check out if you haven't had a subscription before /RB",6
327649,.@115888 is there a way to block predators and abusers from getting added to my daily mix,327647,"@194114 Hey Juanita! We're afraid that's not possible right now. To help make it happen, you can show your support by voting for the idea here: https://t.co/llJeAWnvFA /LO",. is there a way to block predators and abusers from getting added to my daily mix,"Hey Juanita! We're afraid that's not possible right now. To help make it happen, you can show your support by voting for the idea here: /LO",0
649946,@115888 why are y’all removing songs from my playlist. This is BS I’m paying for premium to have songs saved and y’all are removing them.,649945,@274518 Hi there! Can you send us your Playlist Link via DM? Just right-click the playlist &gt; Share &gt; Copy Playlist Link. We'll check backstage /FJ https://t.co/ldFdZRiNAt,why are y’all removing songs from my playlist. This is BS I’m paying for premium to have songs saved and y’all are removing them.,Hi there! Can you send us your Playlist Link via DM? Just right-click the playlist > Share > Copy Playlist Link. We'll check backstage /FJ,7
2398318,@SpotifyCares Any news on optimisation for iPhone X screens?,2398316,@690211 Hey Andrew! Our best tech folks are on the case as we speak. Hopefully we'll have a fix soon /MX,Any news on optimisation for iPhone X screens?,Hey Andrew! Our best tech folks are on the case as we speak. Hopefully we'll have a fix soon /MX,0
284961,"#Spotifycares
If you honestly cared you would have a customer care phone number not a damn tweet #",284962,"@183892 1: Hi Michelle! Sorry to hear you feel that way. We don't offer phone support right now, but we'd be more than happy to help via...",#Spotifycares If you honestly cared you would have a customer care phone number not a damn tweet #,"1: Hi Michelle! Sorry to hear you feel that way. We don't offer phone support right now, but we'd be more than happy to help via...",5
2128514,@115888 when are you launching in India??,2128513,@626609 Hey Pankaj! We're launching regularly in countries around the world. Sign up here to be first to hear: https://t.co/XDwWzj7cLP 🙂 /T,when are you launching in India??,Hey Pankaj! We're launching regularly in countries around the world. Sign up here to be first to hear: 🙂 /T,0
2822014,"@SpotifyCares please review this complaint, there are thing being said that you guys aren’t bothering to read, https://t.co/pzZ3Fflpan",2822013,"@786440 Hey! Rest assured that we're taking all feedback into consideration, but we're afraid the discount is currently only available to users who are actively in term at their college/university. We're aiming to get every school on board, so keep checking our website for updates 🙂 /MA","please review this complaint, there are thing being said that you guys aren’t bothering to read,","Hey! Rest assured that we're taking all feedback into consideration, but we're afraid the discount is currently only available to users who are actively in term at their college/university. We're aiming to get every school on board, so keep checking our website for updates 🙂 /MA",0
2259614,Spotify Account is hacked @SpotifyCares.,2259613,@657974 Hey Sarah! We're here to help. Can you DM us your account's email address? We'll take a look under the hood /AN https://t.co/ldFdZRiNAt,Spotify Account is hacked .,Hey Sarah! We're here to help. Can you DM us your account's email address? We'll take a look under the hood /AN,9
312218,@SpotifyCares Our home wifi and 4g,312219,@190563 Thanks! Can you let us know the Android and Spotify versions you're running? We'll see what we can suggest /LO,Our home wifi and 4g,Thanks! Can you let us know the Android and Spotify versions you're running? We'll see what we can suggest /LO,0
2383572,"@SpotifyCares Hey im using it on my Macbook, Sierra OS and version 1.0.67.582.g19436fa3",2383571,@687094 Thanks. Can you try logging out &gt; restarting your device &gt; logging back in? Let us know if that makes a difference /RH,"Hey im using it on my Macbook, Sierra OS and version 1.0.67.582.g19436fa3",Thanks. Can you try logging out > restarting your device > logging back in? Let us know if that makes a difference /RH,0
10720,@115888 Hi. I can't log on to my premium account. Are there any problems at your end?,10719,@117979 Hey there! Could you send us a DM with your account's email address? We'll take a look backstage /FR https://t.co/ldFdZRiNAt,Hi. I can't log on to my premium account. Are there any problems at your end?,Hey there! Could you send us a DM with your account's email address? We'll take a look backstage /FR,7
1670871,"@115888 Hey,I´m desperately trying to update my premium account for a student one and anyhow I try, I still can´t do it. Can you help?",1670870,@508620 Hey! Can you DM us your account's email address? We'll see what we can suggest /CB https://t.co/ldFdZRiNAt,"Hey,I´m desperately trying to update my premium account for a student one and anyhow I try, I still can´t do it. Can you help?",Hey! Can you DM us your account's email address? We'll see what we can suggest /CB,7
315352,@115888 thank u for this 😁 https://t.co/EEaQRiJQ5j,315351,@191284 https://t.co/rkpsuGlCiy. Have an awesome day 🙂 /DR,thank u for this 😁,Have an awesome day 🙂 /DR,3
1776690,Where is buck tick? @115888,1776689,@237846 Hey there! Licensing agreements can affect music availability. We have more info here: https://t.co/VMrgnGpB4G /NS,Where is buck tick?,Hey there! Licensing agreements can affect music availability. We have more info here: /NS,0
1853570,@115888 don't you think it makes sense to be able to pick a song on the charts and not have to just shuffle it? https://t.co/ARWKv9Sc6o,1853569,@554636 Hey! Can you DM us your account's username and email address? We'll see what we can suggest /JL https://t.co/ldFdZRiNAt,don't you think it makes sense to be able to pick a song on the charts and not have to just shuffle it?,Hey! Can you DM us your account's username and email address? We'll see what we can suggest /JL,6
2887001,i got my spotify account back:) thank you so much @115888 @SpotifyCares for the help.,2887000,@800621 Hi there. That's fantastic news! Give us a shout if you need anything else. We're... https://t.co/zOXI69QSqg /DN,i got my spotify account back:) thank you so much for the help.,Hi there. That's fantastic news! Give us a shout if you need anything else. We're... /DN,3
70704,So I cannot listen to #Spotify unless I install the app on my computer .. or what?,70702,"@131858 Hey Deborah, head to https://t.co/ff6sKjNd4w using Google Chrome. You should be able to listen to your tunes that way! Let us know if you need help 🙂 /J",So I cannot listen to #Spotify unless I install the app on my computer .. or what?,"Hey Deborah, head to using Google Chrome. You should be able to listen to your tunes that way! Let us know if you need help 🙂 /J",2
1882069,@115888 I need help!@135099 mis-sold an upgrade on @121122 meaning i no longer have access to Premium.They refuse to help.,1882068,"@561652 Hey, help's here! Can you DM us your account's username or email address? We'll take a look and see what we can suggest /MC https://t.co/ldFdZRiNAt",I need help! mis-sold an upgrade on meaning i no longer have access to Premium.They refuse to help.,"Hey, help's here! Can you DM us your account's username or email address? We'll take a look and see what we can suggest /MC",7
908260,@SpotifyCares I have sent 3 requests for password recovery.  All came to email in SPANISH!!!  I am insulted and disgusted as I am in the USA,908259,"@335688 Hey there, can you send us a DM with your account's username and email address? We'll take a look /DH https://t.co/ldFdZRiNAt",I have sent 3 requests for password recovery. All came to email in SPANISH!!! I am insulted and disgusted as I am in the USA,"Hey there, can you send us a DM with your account's username and email address? We'll take a look /DH",9
1358949,@SpotifyCares Hey I sent a DM but been ignored. Need your help for an issue the past week. Thank you!,1358948,@436830 Hey Drei! We've sent a DM your way. We'll carry on helping you there /SJ,Hey I sent a DM but been ignored. Need your help for an issue the past week. Thank you!,Hey Drei! We've sent a DM your way. We'll carry on helping you there /SJ,3
1601886,"@SpotifyCares Spotify has finally been updated to accommodate iPhone X! FYI, I had to delete and reinstall the app (the automatic update did not correct the screen issue). @SpotifyCares https://t.co/pQmxwtcfxm",1601888,@491721 Hey John! Thanks for the feedback. We'll get this passed on to the right team. Let us know if there's anything else we can help with /KM,"Spotify has finally been updated to accommodate iPhone X! FYI, I had to delete and reinstall the app (the automatic update did not correct the screen issue).",Hey John! Thanks for the feedback. We'll get this passed on to the right team. Let us know if there's anything else we can help with /KM,2
539214,@115888 there's no way to purchase this. Why is there no wary to purchase this!? https://t.co/6QcspROBTg,539212,"@245033 Hi Tyler, that doesn't seem right! Can you try opening https://t.co/LHTUu8url7 in an incognito/private browser? Keep us posted /GT",there's no way to purchase this. Why is there no wary to purchase this!?,"Hi Tyler, that doesn't seem right! Can you try opening in an incognito/private browser? Keep us posted /GT",0
574256,Help my Spotify changed to premium by itself and I got charged the normal price rather than the student one and I can’t use Hulu @SpotifyCares,574255,@180874 Hi there! Help's here. Can you DM us your account's email address or username? We'll take a look backstage /NQ https://t.co/ldFdZRiNAt,Help my Spotify changed to premium by itself and I got charged the normal price rather than the student one and I can’t use Hulu,Hi there! Help's here. Can you DM us your account's email address or username? We'll take a look backstage /NQ,7
2565897,@125633 - can you pls advise as to why I can't manage my artists' account. nobody ever gets back to me about verification! https://t.co/wquaB8gpfb,2565896,@727939 Hey! We’d recommend reaching out at https://t.co/p1wbtdELHu. Our Artist Support team will do their best to help you with this 🙂 /M,- can you pls advise as to why I can't manage my artists' account. nobody ever gets back to me about verification!,Hey! We’d recommend reaching out at Our Artist Support team will do their best to help you with this 🙂 /M,9
677100,PUT PENCEY PREP THE FUCK BACK ON SPOTIFY @115888 @SpotifyCares,677099,@281537 Hey there! Can you DM us your account's email address? We'll take a look backstage /RB https://t.co/ldFdZRiNAt,PUT PENCEY PREP THE FUCK BACK ON SPOTIFY,Hey there! Can you DM us your account's email address? We'll take a look backstage /RB,2
1232913,@SpotifyCares I signed up for the $9.99 plan but I can't log in.,1232912,@409164 Hi there! We've just sent a DM your way. Let's carry on chatting there /FR,I signed up for the $9.99 plan but I can't log in.,Hi there! We've just sent a DM your way. Let's carry on chatting there /FR,1
189931,@115888 So 4.99 monthly for how long if i get it,1842307,@324810 2: can still reapply for it if you're still a student after the discount expires. We have more info here: https://t.co/m1ZS9VVbXt /RC,So 4.99 monthly for how long if i get it,2: can still reapply for it if you're still a student after the discount expires. We have more info here: /RC,0
172476,"@115888 uhhh, can we get those Frank Ocean Endless tracks already plz?",172475,@156306 Hey! We’ll have it available to you as soon as it’s available to us. https://t.co/0i8GpimuDa /MX,"uhhh, can we get those Frank Ocean Endless tracks already plz?",Hey! We’ll have it available to you as soon as it’s available to us. /MX,0
1801740,"@115888  whilst I am very flattered, permission to use my photo should have been asked.",1801739,"@541354 Hey Monica, thanks for the heads up! Can you send us the Playlist Link? Just tap the three dots &gt; Share &gt; Copy Link. We'll check it out /AY","whilst I am very flattered, permission to use my photo should have been asked.","Hey Monica, thanks for the heads up! Can you send us the Playlist Link? Just tap the three dots > Share > Copy Link. We'll check it out /AY",0
172492,@SpotifyCares It’s the latest version of each 👍,172490,"@156310 Thanks. Can you try logging out, restarting your device, then logging back in? Let us know if that helps /QI",It’s the latest version of each 👍,"Thanks. Can you try logging out, restarting your device, then logging back in? Let us know if that helps /QI",0
617831,@SpotifyCares Can you follow me?,617834,"@266588 Hey Matteo! We gave you a follow. Hope it brightens up your day. If you need help with anything else, just give us a shout. Otherwise, have a... https://t.co/FQulrDtFky 😉 /GU",Can you follow me?,"Hey Matteo! We gave you a follow. Hope it brightens up your day. If you need help with anything else, just give us a shout. Otherwise, have a... 😉 /GU",0
467616,Since I got #ios11 my @115888 often pauses itself when I listen in my car via Bluetooth. What to do?,467614,"@226306 Hey Jennifer! Don't worry, we're here to help. Can you let us know the iPhone model you're using along with its Spotify version? Keep us posted /MT",Since I got #ios11 my often pauses itself when I listen in my car via Bluetooth. What to do?,"Hey Jennifer! Don't worry, we're here to help. Can you let us know the iPhone model you're using along with its Spotify version? Keep us posted /MT",0
879596,@SpotifyCares No it did not.,879595,"@328829 Thanks for confirming. Just to check, did you watch the video ad that grants you 30 minutes ad-free listening in full? /JE",No it did not.,"Thanks for confirming. Just to check, did you watch the video ad that grants you 30 minutes ad-free listening in full? /JE",0
1225429,"@115888 @SpotifyCares
Why can't we see who's following our playlists? A lot of people want that simple feature.
https://t.co/oQHzXpR1am",1225428,"@407493 Hi Esaias! We're afraid that's not possible right now, but you can show your support by voting for the idea through that link /AU",Why can't we see who's following our playlists? A lot of people want that simple feature.,"Hi Esaias! We're afraid that's not possible right now, but you can show your support by voting for the idea through that link /AU",5
1132211,@SpotifyCares Here is the mobile. Desktop is most recent install. https://t.co/bxlMOSv2Ww,1132213,@386800 Hmm. When did this start happening? Can you try reinstalling the mobile app? Just follow the steps at https://t.co/EqisDMwZAT /MV,Here is the mobile. Desktop is most recent install.,Hmm. When did this start happening? Can you try reinstalling the mobile app? Just follow the steps at /MV,0
2516195,@115888 what’s the timeframe for multiroom support on echo??,2516193,@555770 Hi Justin. We're afraid we don't have any info on this yet. Feel free to share your thoughts and vote for the idea here: https://t.co/248j19QkbF /JU,what’s the timeframe for multiroom support on echo??,Hi Justin. We're afraid we don't have any info on this yet. Feel free to share your thoughts and vote for the idea here: /JU,0
452080,"@115888 I'm a paying customer trying to disconnect FB from my spotify account (I deactivated FB). Requiring FB or forcing me to ""start over"" are both deal-breakers. Solution?",452078,@222227 Hey Adam! Can you send us a DM with your account's email address or username? We'll take a look backstage and see what we can suggest /AR https://t.co/ldFdZRiNAt,"I'm a paying customer trying to disconnect FB from my spotify account (I deactivated FB). Requiring FB or forcing me to ""start over"" are both deal-breakers. Solution?",Hey Adam! Can you send us a DM with your account's email address or username? We'll take a look backstage and see what we can suggest /AR,0
2690965,@115888 do you have any special offers for recent grads? My student offer is about to expire and I’m not prepared for the cold harsh reality of the real world and full priced subscriptions.,2690964,@756493 Hey! We currently don't have such an offer. You can suggest this in our Community at https://t.co/rtDvYZOF32 and get support from other users /BD,do you have any special offers for recent grads? My student offer is about to expire and I’m not prepared for the cold harsh reality of the real world and full priced subscriptions.,Hey! We currently don't have such an offer. You can suggest this in our Community at and get support from other users /BD,0
1487766,"@SpotifyCares Hi, I've been trying to buy tickets for my gf for this show all day and I can't get to work? https://t.co/0sbtnaUTHW",1487765,@465548 Hey! We've just sent a DM your way. Let's carry on chatting there /AN,"Hi, I've been trying to buy tickets for my gf for this show all day and I can't get to work?",Hey! We've just sent a DM your way. Let's carry on chatting there /AN,7
1816099,"Every time I play put American Teen on shuffle and Therapy comes on, Spotify always skips it or closes out the app ?? @115888",1816098,"@545559 Hi there. Don't worry, we'll look into this. Can you tell us what device, operating system, and exact app version you're using? /JU","Every time I play put American Teen on shuffle and Therapy comes on, Spotify always skips it or closes out the app ??","Hi there. Don't worry, we'll look into this. Can you tell us what device, operating system, and exact app version you're using? /JU",6
2035955,"@SpotifyCares I had an album saved to my music, then un-saved it but want to undo that. Any way to get it back? I can't find it in search...",2035954,@601925 Hi there! Help's here. Can you DM us your account's email address or username? We'll see what we can suggest /PB https://t.co/ldFdZRiNAt,"I had an album saved to my music, then un-saved it but want to undo that. Any way to get it back? I can't find it in search...",Hi there! Help's here. Can you DM us your account's email address or username? We'll see what we can suggest /PB,4
2305898,"@SpotifyCares Hi, please check your DMs! 🌼",2305897,@668997 Hey! We just replied to your DM. Check it out 🙂 /BH,"Hi, please check your DMs! 🌼",Hey! We just replied to your DM. Check it out 🙂 /BH,5
1959347,"I add student detail two days late after free trial, and then it charged me 9.99 pounds can I get the extra 4.99 back??@SpotifyCares",1959346,@581232 Hey there! Help's arrived. Can you DM us your account's email address? We'll take a look under the hood /RP https://t.co/ldFdZRiNAt,"I add student detail two days late after free trial, and then it charged me 9.99 pounds can I get the extra 4.99 back??",Hey there! Help's arrived. Can you DM us your account's email address? We'll take a look under the hood /RP,0
2608717,"@SpotifyCares I've been charged a monthly payment, but I unsubscribed a day after trying the free trial? I want a refund, please.",2608716,@737891 Hey there! Can you DM us your account's email address or username? We'll take a look /NS https://t.co/ldFdZRiNAt,"I've been charged a monthly payment, but I unsubscribed a day after trying the free trial? I want a refund, please.",Hey there! Can you DM us your account's email address or username? We'll take a look /NS,0
2044353,@SpotifyCares I have an old Spotify account but can't access/cancel as I've forgotten my password to my old email account. Please help!,2044352,@604560 Hey Harriet! Can you DM us all possible email addresses/usernames you might've used creating an account? We'll look backstage /BG https://t.co/ldFdZRiNAt,I have an old Spotify account but can't access/cancel as I've forgotten my password to my old email account. Please help!,Hey Harriet! Can you DM us all possible email addresses/usernames you might've used creating an account? We'll look backstage /BG,9
2959326,@SpotifyCares Thank you I’ll have a look,2959328,"@816768 You're welcome! If you need more help, you can always reach us here. Have a great day 🙂 /SY",Thank you I’ll have a look,"You're welcome! If you need more help, you can always reach us here. Have a great day 🙂 /SY",3
2758315,Has @115833 multiroom audio come to  @SpotifyCares yet?,2758314,"@189197 Hey Phil! This isn't possible right now, but you can show your support for the idea in our Community: https://t.co/TrNOUzI3JM /NS",Has multiroom audio come to yet?,"Hey Phil! This isn't possible right now, but you can show your support for the idea in our Community: /NS",0
169709,@SpotifyCares rebel son(king Barrett) by wwe is the wrong song it's the same as reborn(Curtis axel),169708,@155526 Hey there! Could you let us know the device/OS you're using? Keep us posted /DF,rebel son(king Barrett) by wwe is the wrong song it's the same as reborn(Curtis axel),Hey there! Could you let us know the device/OS you're using? Keep us posted /DF,6
329406,@SpotifyCares It didn't seem to help at all,329407,@194513 Can you DM us your account's emal address or username? We'll take a look backstage /RH https://t.co/ldFdZRiNAt,It didn't seem to help at all,Can you DM us your account's emal address or username? We'll take a look backstage /RH,0
620361,@115888 @115888 why is my account think im overseas and won't let me use it ?,2901225,@803630 Hey Tarryn! Can you DM us your account's username and email address? We'll take a look backstage /TF,why is my account think im overseas and won't let me use it ?,Hey Tarryn! Can you DM us your account's username and email address? We'll take a look backstage /TF,6
2431658,@115888 what is this ridiculous username you assigned me and won't let me edit? l8aqmyeuwuipzsduevh9stizr I just can't even. Why?,2431659,"@668442 1. Hey Ben! It's currently not possible to change usernames. On a side note, this is a new way of registering where you don't need to...",what is this ridiculous username you assigned me and won't let me edit? l8aqmyeuwuipzsduevh9stizr I just can't even. Why?,"1. Hey Ben! It's currently not possible to change usernames. On a side note, this is a new way of registering where you don't need to...",6
885112,.@115888 i need a feature where i can filter out artists i don't ever wanna hear #please 🙂,885111,"@237097 Hey there, we can see how that’d be useful! You can vote for the official idea here: https://t.co/hlXvRg5Zog /KL",. i need a feature where i can filter out artists i don't ever wanna hear #please 🙂,"Hey there, we can see how that’d be useful! You can vote for the official idea here: /KL",5
1867188,@SpotifyCares Question about how to update my address in my profile. LMK if you can help.,1867187,"@557791 Hey Allison! We're afriad there's currently no way for users to change the address on their accounts. Any questions, give us a shout /TF",Question about how to update my address in my profile. LMK if you can help.,"Hey Allison! We're afriad there's currently no way for users to change the address on their accounts. Any questions, give us a shout /TF",9
141200,@115888 Hi! I have an HIFI Onkyo TX-NR509 and I cannot longer connect to spotify. User and password are ok and the account is Premium. What’s the mess?,141197,"@147844 Hi Salvatore! As we look to improve the overall Spotify experience, we are removing the app's integration from Onkyo. There's more info here: https://t.co/bEYguupnkR /MU",Hi! I have an HIFI Onkyo TX-NR509 and I cannot longer connect to spotify. User and password are ok and the account is Premium. What’s the mess?,"Hi Salvatore! As we look to improve the overall Spotify experience, we are removing the app's integration from Onkyo. There's more info here: /MU",2
337846,@SpotifyCares Hey guys - been paying for Premium but iPhone says Free.  Uninstalled &amp; still the same.  Works on desktop.  Running Sonos.,337845,@196641 We've just sent you a DM 🙂 /SU,Hey guys - been paying for Premium but iPhone says Free. Uninstalled & still the same. Works on desktop. Running Sonos.,We've just sent you a DM 🙂 /SU,7
260883,"@SpotifyCares How often, and on what day of the week, will Time Capsule be updating?",260882,"@178111 2: will remind you of your teenage years. It does this for one time only, but we're also taking on all feedback about this 📝 /RR","How often, and on what day of the week, will Time Capsule be updating?","2: will remind you of your teenage years. It does this for one time only, but we're also taking on all feedback about this 📝 /RR",0
2037685,@115888 your connect to a device feature really sucks,2037684,"@602504 Hey! Can you tell us what's happening exactly? Also, can you tell us what device, operating system, and Spotify version you're using? /CH",your connect to a device feature really sucks,"Hey! Can you tell us what's happening exactly? Also, can you tell us what device, operating system, and Spotify version you're using? /CH",5
2183058,"@SpotifyCares I get that it’s a great showcase for new music and labels want their tracks on it, however, it would be great to still keep the mix of old, or give us another discover playlist for older/classic (not brand new) tracks. Happy with either option",2183059,"@639474 We appreciate your honest thoughts. Just to check, when did you notice the issue? Is Private Session turned on when you're streaming? /JM","I get that it’s a great showcase for new music and labels want their tracks on it, however, it would be great to still keep the mix of old, or give us another discover playlist for older/classic (not brand new) tracks. Happy with either option","We appreciate your honest thoughts. Just to check, when did you notice the issue? Is Private Session turned on when you're streaming? /JM",5
2729346,@SpotifyCares I was trying to sign up for the Hulu and Premium bundle for college students but I don't think it worked. But I still got charged and the payments haven't cleared on my account yet. How do I fix this?,2729345,@765231 Hi Kate! Help's arrived. Can you DM us your account's username or email address? We'll take a look under the hood /CP https://t.co/ldFdZRiNAt,I was trying to sign up for the Hulu and Premium bundle for college students but I don't think it worked. But I still got charged and the payments haven't cleared on my account yet. How do I fix this?,Hi Kate! Help's arrived. Can you DM us your account's username or email address? We'll take a look under the hood /CP,7
2145988,"@SpotifyCares No, just playing a song and it stops mid song. I am using iPhoneX iOS 11.2 Spotify version 8.4.25.906",2145987,@561820 Thanks. Could you DM us your account's email address? We'll take a look backstage /AU https://t.co/ldFdZRiNAt,"No, just playing a song and it stops mid song. I am using iPhoneX iOS 11.2 Spotify version 8.4.25.906",Thanks. Could you DM us your account's email address? We'll take a look backstage /AU,6
2929212,"@SpotifyCares OK cuz:
Baby, It's Cold Outside - Zooey Deschanel &amp; Lawrence Redbone is the best version of the song, along with My Grown Up Christmas List - Kelly Clarkson
Also: Chivas - Kelly Clarkson
😀💚",2929211,@810343 Thanks. We’ll have those tracks available to you as soon as they're available to us! https://t.co/1dgftcFtzc /LO,"OK cuz: Baby, It's Cold Outside - Zooey Deschanel & Lawrence Redbone is the best version of the song, along with My Grown Up Christmas List - Kelly Clarkson Also: Chivas - Kelly Clarkson 😀💚",Thanks. We’ll have those tracks available to you as soon as they're available to us! /LO,6
2018854,"@SpotifyCares (3) i have tried logging out on all devices and changing password several times but to no avail, help?",2018853,@597040 Hey George! We’re sorry to hear that. Check out https://t.co/QHn3ok8y2n for what to do next. We're here for you if there's anything else /YM,"(3) i have tried logging out on all devices and changing password several times but to no avail, help?",Hey George! We’re sorry to hear that. Check out for what to do next. We're here for you if there's anything else /YM,0
2848313,"@SpotifyCares Ah. False alarm. Boo. It's in the radio though... doesn't feel like the far stretch to implement into DW, but I can barely spell 'code'.",2848315,@680252 Thanks for the feedback. We’re always testing things in order to improve &amp; we'll pass on your thoughts to our devs /JU,"Ah. False alarm. Boo. It's in the radio though... doesn't feel like the far stretch to implement into DW, but I can barely spell 'code'.",Thanks for the feedback. We’re always testing things in order to improve & we'll pass on your thoughts to our devs /JU,0
1830977,"@SpotifyCares yes, tried both. neither helped.",1830978,@549415 Hmm. Could you try reinstalling the app on both your devices? Just follow the steps at https://t.co/grEcQYYFVS. Keep us posted /NS,"yes, tried both. neither helped.",Hmm. Could you try reinstalling the app on both your devices? Just follow the steps at Keep us posted /NS,0
2744325,Dear @115888 - someone hacked my account so all my recs are related to what they listened to. Is there a way to fix this?,2744324,@768629 Hey there! That doesn't sound good. Can you DM us your account's email address or username? We'll take a look backstage /PB https://t.co/ldFdZRiNAt,Dear - someone hacked my account so all my recs are related to what they listened to. Is there a way to fix this?,Hey there! That doesn't sound good. Can you DM us your account's email address or username? We'll take a look backstage /PB,9
1324621,"@SpotifyCares ""I know you messaged us in August and it's November now, but the same *hopefully soon* is the best we got for you.""",1324623,"@342994 Hey Eddie, we're human and we're here to help 🙂  We'll send over a DM with details on how we work to get reports like these fixed /J","""I know you messaged us in August and it's November now, but the same *hopefully soon* is the best we got for you.""","Hey Eddie, we're human and we're here to help 🙂 We'll send over a DM with details on how we work to get reports like these fixed /J",0
2227252,@115888 @117168  @SpotifyCares  doesn't this mean no concert in Chicago tomorrow? https://t.co/dk8sxDlwWS,2227251,"@650133 Hey there! We don't have any info on this right now, but we'll pass this on to the right team /KL",doesn't this mean no concert in Chicago tomorrow?,"Hey there! We don't have any info on this right now, but we'll pass this on to the right team /KL",0
2382567,"@SpotifyCares Hi, xiaomi mi max 2, latest Spotify version to date  8.4.26.770 armV7",2382569,"@686852 Thanks! We appreciate your feedback, but we have info about a similar idea here: https://t.co/wqGMBMv1wr /PL","Hi, xiaomi mi max 2, latest Spotify version to date 8.4.26.770 armV7","Thanks! We appreciate your feedback, but we have info about a similar idea here: /PL",5
291859,@SpotifyCares @185505 Spotify - you guys really need to give an answer to this.   Huge fan - but multiroom alexa changed everything.   Need functionality ASAP.,640203,"@271879 We understand where you're coming from. Not to worry, we'll also give our devs a nudge on this. Drop us a tweet if you need us again /MT",Spotify - you guys really need to give an answer to this. Huge fan - but multiroom alexa changed everything. Need functionality ASAP.,"We understand where you're coming from. Not to worry, we'll also give our devs a nudge on this. Drop us a tweet if you need us again /MT",0
6497,@117153 @SpotifyCares I'm having an issue with money going out of my bank to Spotify and I don't have an account with you?,284963,"@183893 We're sorry to hear this. Not to worry, we've just sent you more info via DM. We'll continue helping out there /GN",I'm having an issue with money going out of my bank to Spotify and I don't have an account with you?,"We're sorry to hear this. Not to worry, we've just sent you more info via DM. We'll continue helping out there /GN",2
1219476,@SpotifyCares You already said to do this and the developers said it’s not an idea for right now. Obviously everyone wants Spotify on Apple Watch so you should try to figure it out. Yesterday.,1219478,@119922 1: We hear you. Rest assured that our devs are still closely monitoring the ideas posted by our listeners. We'll keep everyone posted...,You already said to do this and the developers said it’s not an idea for right now. Obviously everyone wants Spotify on Apple Watch so you should try to figure it out. Yesterday.,1: We hear you. Rest assured that our devs are still closely monitoring the ideas posted by our listeners. We'll keep everyone posted...,0
1520740,@117153 da um help ai,1520738,@472721 Hey there! Can you let us know what's happening exactly? We'd love to lend a hand /NS,da um help ai,Hey there! Can you let us know what's happening exactly? We'd love to lend a hand /NS,0
2239639,@115888 stop playing and get J Cole's the warm up plsssss🙄,2239638,"@653023 Hey! Fingers crossed we'll be able to have it soon, but there's info about Spotify content here: https://t.co/0i8GpimuDa /DF",stop playing and get J Cole's the warm up plsssss🙄,"Hey! Fingers crossed we'll be able to have it soon, but there's info about Spotify content here: /DF",0
2912462,When @115888 is acting up😣,2912460,@806231 Hey! Thanks for letting us know. Everything’s looking good on our end now - are you still having this issue? 🙂 /GN,When is acting up😣,Hey! Thanks for letting us know. Everything’s looking good on our end now - are you still having this issue? 🙂 /GN,0
746962,"@115821 @115888 2/2 played it off my #AmazonEcho at home (using my Spotify account - NP). Their music isn’t to my taste, how do I prevent this in future?",746961,@295632 Hi Colin! That doesn't sound good. Head to https://t.co/cnaaFIwigZ and click Sign Out Everywhere. Let us know if that helps /QI,"2/2 played it off my #AmazonEcho at home (using my Spotify account - NP). Their music isn’t to my taste, how do I prevent this in future?",Hi Colin! That doesn't sound good. Head to and click Sign Out Everywhere. Let us know if that helps /QI,9
2306616,"@SpotifyCares I was logged out of spotify, when I logged back in my username was replaced with a bunch of numbers, all of my library and playlists were gone and premium was also gone, this also reactivated my facebook which was not linked, please help",2306615,"@204401 Hey there, that doesn't sound right! Could you DM us your Spotify account's email address? We'll take a look under the hood /BH https://t.co/ldFdZRiNAt","I was logged out of spotify, when I logged back in my username was replaced with a bunch of numbers, all of my library and playlists were gone and premium was also gone, this also reactivated my facebook which was not linked, please help","Hey there, that doesn't sound right! Could you DM us your Spotify account's email address? We'll take a look under the hood /BH",5
1692797,"@SpotifyCares On my laptop using Windows 10. I've got the latest Spotify I'm assuming. Everything else is fine, it's literally just that album is jumpy.",1692795,"@513751 Hmm. Can you try logging out, restarting your device, then logging back in? Does that help? /JE","On my laptop using Windows 10. I've got the latest Spotify I'm assuming. Everything else is fine, it's literally just that album is jumpy.","Hmm. Can you try logging out, restarting your device, then logging back in? Does that help? /JE",4
2332069,@SpotifyCares Nvm it's my cellphone Carrier,2332068,@558576 Hey there! Let us know if you ever need us again. We'd be... https://t.co/LgAM6ky9Vv /AN,Nvm it's my cellphone Carrier,Hey there! Let us know if you ever need us again. We'd be... /AN,0
829594,@SpotifyCares Of course! It's Chrome OS.,829592,@317564 Got it. Could you try clearing your browser's cookies/cache? We'd also suggest using an incognito/private window /MT,Of course! It's Chrome OS.,Got it. Could you try clearing your browser's cookies/cache? We'd also suggest using an incognito/private window /MT,0
2586494,@115888 can I get a customer service number I would like to talk to a human and no I don't want to read online,2586493,"@732886 Hey there! We don't offer phone support, but we can help you here. Can you tell us what's happening exactly? We'll see what we can do /NS",can I get a customer service number I would like to talk to a human and no I don't want to read online,"Hey there! We don't offer phone support, but we can help you here. Can you tell us what's happening exactly? We'll see what we can do /NS",0
848562,"Finns det något sätt att sluta få rekommendationer om Chris Browns nya musik, @8199? Vill inte ha det svinet i mina spellistor.",848560,"@321656 Hey! We can help out in English via Twitter, but we also have Swedish support via email at https://t.co/ZgU70TbP8M /AY","Finns det något sätt att sluta få rekommendationer om Chris Browns nya musik, ? Vill inte ha det svinet i mina spellistor.","Hey! We can help out in English via Twitter, but we also have Swedish support via email at /AY",0
837870,"@SpotifyCares Thanks! I tried to do that but I have no pathway to publish a question. Do I not have restricted forum permissions, or something like that?",837872,"@319328 1: Just to check, do you already have a Spotify account? If so, you can use your login details to create an account in our Community.","Thanks! I tried to do that but I have no pathway to publish a question. Do I not have restricted forum permissions, or something like that?","1: Just to check, do you already have a Spotify account? If so, you can use your login details to create an account in our Community.",8
591444,@SpotifyCares I tried to change my password. I keep getting CSRF token is invalid. Can you please help.,591443,"@259949 Hi Randy, help's here! Can you DM us your account's email address? We'll take a look backstage /DV https://t.co/ldFdZRiNAt",I tried to change my password. I keep getting CSRF token is invalid. Can you please help.,"Hi Randy, help's here! Can you DM us your account's email address? We'll take a look backstage /DV",1
1862330,@115888 can you help me? I can't play the new Grizzly Bear album.,1862329,"@556557 Hey Christopher, help's here! Can you DM the device/OS you're using? Any screenshots of what's happening would be helpful as well /TR https://t.co/ldFdZRiNAt",can you help me? I can't play the new Grizzly Bear album.,"Hey Christopher, help's here! Can you DM the device/OS you're using? Any screenshots of what's happening would be helpful as well /TR",4
2908683,@117153 you down? Can’t search or do anything that’s not already downloaded. iPhone 6.,2908681,@805342 Hey Graeme! That doesn't sound right. What iOS and Spotify versions are you using? Are you getting any error messages? A screenshot of the issue would also help. We'll see what we can suggest /LP,you down? Can’t search or do anything that’s not already downloaded. iPhone 6.,Hey Graeme! That doesn't sound right. What iOS and Spotify versions are you using? Are you getting any error messages? A screenshot of the issue would also help. We'll see what we can suggest /LP,0
1748250,@SpotifyCares Please please partner with Headspace to bring the Spotify + Headspace student bundle to the US.,1748249,"@526992 Hey! We don't have any info on this yet, but we'll make sure to pass on your suggestion /JP",Please please partner with Headspace to bring the Spotify + Headspace student bundle to the US.,"Hey! We don't have any info on this yet, but we'll make sure to pass on your suggestion /JP",2
1965272,@SpotifyCares Not at all. It's globe,1965271,@582570 1: Got it. All purchases made using Globe load or bill will be charged with additional 12% VAT. This means the final price for Spotify...,Not at all. It's globe,1: Got it. All purchases made using Globe load or bill will be charged with additional 12% VAT. This means the final price for Spotify...,0
80938,@115888 where tf is my presale code for @4823 tix? I listen to her more than any other artist.,80937,@133965 Hey Michael! Pre-sale codes are being sent out by email to some of Billie Eilish's biggest fans on Spotify. Hopefully you're one of them! /MX,where tf is my presale code for tix? I listen to her more than any other artist.,Hey Michael! Pre-sale codes are being sent out by email to some of Billie Eilish's biggest fans on Spotify. Hopefully you're one of them! /MX,0
632019,"@SpotifyCares Cool, any chance of some more @108644 songs being available in the UK?",632020,"@269799 We’d love to have all of her stuff available, but we have some info about content here: https://t.co/0i8GpimuDa /RC","Cool, any chance of some more songs being available in the UK?","We’d love to have all of her stuff available, but we have some info about content here: /RC",0
1881225,Why am I️ paying for premium when i still hear this shit? @115888 https://t.co/7lNwPtMEs1,1881226,"@561428 1: Hey there! It looks like the track is part of the playlist you're listening to, but thanks for the feedback. Our Curation team are... /NQ",Why am I️ paying for premium when i still hear this shit?,"1: Hey there! It looks like the track is part of the playlist you're listening to, but thanks for the feedback. Our Curation team are... /NQ",7
2404028,"Ok @115888, I am getting really tired of the grayed out songs that I used to be able to play and now for whatever reason, I can't! This is becoming a serious pain point for users like me, and there are plenty of competitors. Just saying.",2404027,"@691523 Hi Fina, help's here. Can you let us know the device, operating system, and Spotify version you're using? We'll see what we can suggest /NY","Ok , I am getting really tired of the grayed out songs that I used to be able to play and now for whatever reason, I can't! This is becoming a serious pain point for users like me, and there are plenty of competitors. Just saying.","Hi Fina, help's here. Can you let us know the device, operating system, and Spotify version you're using? We'll see what we can suggest /NY",6
1631928,@SpotifyCares I believe folks have been asking for this for a long while. Odd that it appears when I output the audio to my PS4.,1631930,"@142541 We appreciate your feedback. No worries, we'll make sure to remind the right folks that it's a popular request /RC",I believe folks have been asking for this for a long while. Odd that it appears when I output the audio to my PS4.,"We appreciate your feedback. No worries, we'll make sure to remind the right folks that it's a popular request /RC",0
1795845,So @SpotifyCares do subscribers get the pre-sale codes to Jhene Aiko's concerts or nah? https://t.co/KIncoTnqi5,1795844,"@381151 Hi Jamelle! Pre-sale codes are being sent out by email to some of Jhene Aiko's biggest fans on Spotify. Hopefully, you're one of them /AU",So do subscribers get the pre-sale codes to Jhene Aiko's concerts or nah?,"Hi Jamelle! Pre-sale codes are being sent out by email to some of Jhene Aiko's biggest fans on Spotify. Hopefully, you're one of them /AU",0
301902,Dear @115888 today’s New Music Friday was eh. No depth. May I make a suggestion? @188031,301903,"@188030 1: Hey Vanessa! Our Curation team are independent &amp; use taste, data, research, and trends to create playlists, but we’ll...",Dear today’s New Music Friday was eh. No depth. May I make a suggestion?,"1: Hey Vanessa! Our Curation team are independent & use taste, data, research, and trends to create playlists, but we’ll...",5
2724042,Why aren’t full album credits available to view on @115888? I’d love to know more about the talented people behind the music I love,2724040,"@764074 Hey Frazer! This isn't possible right now, but you can show your support for the idea in our Community: https://t.co/dkpzZy8mrm /RS",Why aren’t full album credits available to view on ? I’d love to know more about the talented people behind the music I love,"Hey Frazer! This isn't possible right now, but you can show your support for the idea in our Community: /RS",4
2908635,@SpotifyCares @805318 Same for me. Defo your end,2908647,@805324 Hey Jon! Thanks for letting us know. Everything’s looking good on our end now - are you still having this issue? /FR,Same for me. Defo your end,Hey Jon! Thanks for letting us know. Everything’s looking good on our end now - are you still having this issue? /FR,0
2059518,"@115888 Hi, it appears that my account has either incorrectly been deleted/disabled, or hacked. Please advise on how to fix this.",2059517,@609100 Hey Hugo! We're here to help. Can you DM us your account's email address or username? We'll take a look backstage /KM https://t.co/ldFdZRiNAt,"Hi, it appears that my account has either incorrectly been deleted/disabled, or hacked. Please advise on how to fix this.",Hey Hugo! We're here to help. Can you DM us your account's email address or username? We'll take a look backstage /KM,9
2373425,@115888 are you supporting iphone x anytime soon ?,2373424,"@684713 Hey! We don't have any info to share about this right now, but we’re working on it as we speak. Stay tuned /NQ",are you supporting iphone x anytime soon ?,"Hey! We don't have any info to share about this right now, but we’re working on it as we speak. Stay tuned /NQ",0
681866,@SpotifyCares Who’s fault is that?! BRING BACK THE PREVIEWS! iTunes have a preview. All music apps should have it. I don’t ever want to add the wrong song,681868,@282719 Thanks for sharing your thoughts about the changes. We can’t make any promises but we’ll pass your feedback onto the right folks /KB,Who’s fault is that?! BRING BACK THE PREVIEWS! iTunes have a preview. All music apps should have it. I don’t ever want to add the wrong song,Thanks for sharing your thoughts about the changes. We can’t make any promises but we’ll pass your feedback onto the right folks /KB,5
568927,"@SpotifyCares I remember I think 2015's had all this really cool info about what you listened to throughout the year, it'd be awesome if something similar happened! 😃",568929,@253486 We hear you loud and clear. We can’t make any promises but we’ll pass your feedback onto the right folks 🙂 /NQ,"I remember I think 2015's had all this really cool info about what you listened to throughout the year, it'd be awesome if something similar happened! 😃",We hear you loud and clear. We can’t make any promises but we’ll pass your feedback onto the right folks 🙂 /NQ,0
1252713,"@SpotifyCares It happens on Wi-Fi and data. Also, I have the latest version of Spotify.",1252714,@413857 Thanks for the info. Best thing to try here is a clean reinstall. Just follow the exact steps at https://t.co/EqisDMwZAT. Keep us posted /RK,"It happens on Wi-Fi and data. Also, I have the latest version of Spotify.",Thanks for the info. Best thing to try here is a clean reinstall. Just follow the exact steps at Keep us posted /RK,2
2736546,@115888 still waiting on my Starbucks points to come through from your offer to join premium. Any help please?,2736545,"@287113 Hey there! In 3 days, you should receive an email containing a Star Code you can redeem at https://t.co/2i8f3UftFG for 125 Stars. Hope that helps /PB",still waiting on my Starbucks points to come through from your offer to join premium. Any help please?,"Hey there! In 3 days, you should receive an email containing a Star Code you can redeem at for 125 Stars. Hope that helps /PB",7
600894,"@SpotifyCares Come on guys, fix your Windows 7 client! You are supposed to be Agile and Lean, companies even show videos of Spotify's development process as an example. This is really bad UX.  API-MS-WIN-CORE-PROCESSTHREADS-L1-1-2.DLL",600893,@262533 Hey there! Help's here. Can you let us know the app version you're running? We'll see what we can suggest /PB,"Come on guys, fix your Windows 7 client! You are supposed to be Agile and Lean, companies even show videos of Spotify's development process as an example. This is really bad UX. API-MS-WIN-CORE-PROCESSTHREADS-L1-1-2.DLL",Hey there! Help's here. Can you let us know the app version you're running? We'll see what we can suggest /PB,0
600892,@115888 is it possible to get a discount on Spotify Premium for Family by paying for a whole year all at once?,600891,"@262532 Hi Andy! Right now, it isn't possible to sign up for a full year of Premium for Family, but you can sign up for the Annual Discount then upgrade to Premium for Family. Note that this will move your renewal date forward due to the difference in pricing. Hope this helped 🙂 /DB",is it possible to get a discount on Spotify Premium for Family by paying for a whole year all at once?,"Hi Andy! Right now, it isn't possible to sign up for a full year of Premium for Family, but you can sign up for the Annual Discount then upgrade to Premium for Family. Note that this will move your renewal date forward due to the difference in pricing. Hope this helped 🙂 /DB",2
2472598,"@SpotifyCares iOS, 7 Plus, Spotify Premium v: 8.4.26.793 https://t.co/5MP7hmH0GG",2472600,@173824 Thanks! Can you try to log out &gt; do a soft reset on your device by holding Home + Lock for 10 seconds &gt; log back in? Let us know if that helps /KT,"iOS, 7 Plus, Spotify Premium v: 8.4.26.793",Thanks! Can you try to log out > do a soft reset on your device by holding Home + Lock for 10 seconds > log back in? Let us know if that helps /KT,2
645105,"@SpotifyCares hi, hello there. I just want to know why my account subscription payment already expired in 7 days and i must pay again for premium subs?? I didnt change anything on my regular payment before, can you help me?",645104,"@273116 Hey there, help's here! Could you DM us your account's email address and username? We'll take a look backstage /CG https://t.co/ldFdZRiNAt","hi, hello there. I just want to know why my account subscription payment already expired in 7 days and i must pay again for premium subs?? I didnt change anything on my regular payment before, can you help me?","Hey there, help's here! Could you DM us your account's email address and username? We'll take a look backstage /CG",7
104131,@SpotifyCares I know. I've been a premium subscriber for so many years and have never gotten any deal. It's the way cookie crumbles but don't I just think it's wrong.,104133,"@138957 Sorry to hear you feel that way. We don't have any specific info to share, but we'll be sure to let the right team know it's something you'd like to see. For anything else, we're just a tweet away /JE",I know. I've been a premium subscriber for so many years and have never gotten any deal. It's the way cookie crumbles but don't I just think it's wrong.,"Sorry to hear you feel that way. We don't have any specific info to share, but we'll be sure to let the right team know it's something you'd like to see. For anything else, we're just a tweet away /JE",7
1106815,"@SpotifyCares All good , I managed to get in finally but the issue is I can not sign in with my Facebook app account, I had to manually type it in.",1106816,@381216 That's great! Just give us a shout if you need anything else. We're... https://t.co/zOXI69QSqg /JU,"All good , I managed to get in finally but the issue is I can not sign in with my Facebook app account, I had to manually type it in.",That's great! Just give us a shout if you need anything else. We're... /JU,9
1794203,Why @115888 mobile app has no play button? Weird designers were working on this poor app,1794201,"@132143 Hey! That doesn't sound right. Can you let us know the device, OS, and Spotify version you're running? We'll see what we can suggest /KM",Why mobile app has no play button? Weird designers were working on this poor app,"Hey! That doesn't sound right. Can you let us know the device, OS, and Spotify version you're running? We'll see what we can suggest /KM",6
1865403,@SpotifyCares  I have a premium family acct under __email__ but My Account says Free Acct. so I get ads; please fix.,1865402,@557304 Hi there! We'd suggest deleting your tweet to keep your info private. Can you send us a DM instead? We'll do our best to help out /NJ https://t.co/ldFdZRiNAt,I have a premium family acct under __email__ but My Account says Free Acct. so I get ads; please fix.,Hi there! We'd suggest deleting your tweet to keep your info private. Can you send us a DM instead? We'll do our best to help out /NJ,7
620319,@115888 why am I listening to adverts I can't skip when I have premium?,620318,"@267232 Hey Meg, help's here! Could you DM us your account's email address and username? We'll take a look backstage /CG https://t.co/ldFdZRiNAt",why am I listening to adverts I can't skip when I have premium?,"Hey Meg, help's here! Could you DM us your account's email address and username? We'll take a look backstage /CG",7
1655995,@SpotifyCares I have not noticed anything else not working. Restart and log in/out did not work either.,1655993,@505338 Got it. Does this happen when logging in to other devices as well? /SJ,I have not noticed anything else not working. Restart and log in/out did not work either.,Got it. Does this happen when logging in to other devices as well? /SJ,0
248223,"lol @115888 @SpotifyCares please fix, the app is drunk 😂 https://t.co/6MJg7WzJuK",248222,@174972 Hey there! Help's here. Can you let us know the iOS and app version you're using? We'll see what we can suggest /PB,"lol please fix, the app is drunk 😂",Hey there! Help's here. Can you let us know the iOS and app version you're using? We'll see what we can suggest /PB,0
1079420,@SpotifyCares I have Virgin media account what is benefit of linking,1079419,"@374612 Hey Andrew! Unfortunately, we don't have this deal anymore. If you need anything else, just give us a shout /PX",I have Virgin media account what is benefit of linking,"Hey Andrew! Unfortunately, we don't have this deal anymore. If you need anything else, just give us a shout /PX",9
389434,"@SpotifyCares Ah sorted, many thanks!",389436,"@208172 Glad to hear that it's sorted now! If you need more help, you can always reach us here 🙂 /SY","Ah sorted, many thanks!","Glad to hear that it's sorted now! If you need more help, you can always reach us here 🙂 /SY",8
529240,@SpotifyCares hi. I’ve forgetting which email I set up my account with and can’t remember my password. Can you help please???,529239,"@235213 Hey Ellie! Sure, we can help. Can you DM us your username? We'll see what we can do /KT https://t.co/ldFdZR1cbT",hi. I’ve forgetting which email I set up my account with and can’t remember my password. Can you help please???,"Hey Ellie! Sure, we can help. Can you DM us your username? We'll see what we can do /KT",9
1270548,@115888 does it cost money?,1270547,"@417473 Hey there! Spotify Premium costs $9.99 a month, but if you haven't had it before, you can subscribe to a 30-day trial for free /LM",does it cost money?,"Hey there! Spotify Premium costs $9.99 a month, but if you haven't had it before, you can subscribe to a 30-day trial for free /LM",6
149344,@115888 hey can u guys please make the 9PHP promo for every user ITS A HARD LIFE U KNOW,149342,"@150028 Hey Nini! Right now, it's limited to new users who never had Premium before. Not to worry, we're taking on all feedback about this. In the meantime, you can check the current offer we have for you at https://t.co/Nvf3UAFInq. Hope this helps /JP",hey can u guys please make the 9PHP promo for every user ITS A HARD LIFE U KNOW,"Hey Nini! Right now, it's limited to new users who never had Premium before. Not to worry, we're taking on all feedback about this. In the meantime, you can check the current offer we have for you at Hope this helps /JP",0
1694969,i love that the spotify web player crashes at least once every hour while i’m at work.,1694968,"@514261 Hey there, help's here! To clarify, are you using the Spotify desktop app or web player? Keep us posted 🙂 /PX",i love that the spotify web player crashes at least once every hour while i’m at work.,"Hey there, help's here! To clarify, are you using the Spotify desktop app or web player? Keep us posted 🙂 /PX",2
2049178,@167274 @83909 all i want for christmas is merry christmas lil’ mama on spotify. PLEASE @SpotifyCares,2049177,"@606016 Hey! Fingers crossed we'll be able to have it soon, but there's info about Spotify content here: https://t.co/0i8GpimuDa /NQ",all i want for christmas is merry christmas lil’ mama on spotify. PLEASE,"Hey! Fingers crossed we'll be able to have it soon, but there's info about Spotify content here: /NQ",2
2709259,"My discovery weekly is absolutely shit today, you're letting me down @115888  you guys have been on point the last few weeks but today's is :( , plis send a decent play list my way",2709258,"@760802 Hey, sorry to hear Discover Weekly wasn’t to your liking this week! It’ll be re-tuned on Monday. Check out &lt;inset Daily Mix, Fresh Finds, Release Radar&gt; in the meantime /NS","My discovery weekly is absolutely shit today, you're letting me down you guys have been on point the last few weeks but today's is :( , plis send a decent play list my way","Hey, sorry to hear Discover Weekly wasn’t to your liking this week! It’ll be re-tuned on Monday. Check out <inset Daily Mix, Fresh Finds, Release Radar> in the meantime /NS",6
1117024,"@115888 took some of my favorite  songs off, I was gonna let it slide but they took off Troubadour by George Strait &amp; that ain’t gonna fly",1117023,@383575 Hi Sunny! Can you let us know what device and version of Spotify you're using? We'll see what we can suggest /DR,"took some of my favorite songs off, I was gonna let it slide but they took off Troubadour by George Strait & that ain’t gonna fly",Hi Sunny! Can you let us know what device and version of Spotify you're using? We'll see what we can suggest /DR,0
2420182,@115888 OMG really!! Can I still get student premium if I already am on the regular premium one? Please!!!! Pretty Please!!!,2420181,"@695231 Hey there! To apply for the student discount, just head here: https://t.co/xbU7d8wpTJ. Let us know how this goes /CG",OMG really!! Can I still get student premium if I already am on the regular premium one? Please!!!! Pretty Please!!!,"Hey there! To apply for the student discount, just head here: Let us know how this goes /CG",7
1009405,@115888 The app but nothing happens. It is stuck like this,1009404,@358849 Hi there! Can you DM us your username or email address? We'll check backstage /HC https://t.co/ldFdZRiNAt,The app but nothing happens. It is stuck like this,Hi there! Can you DM us your username or email address? We'll check backstage /HC,0
1956989,@SpotifyCares Nah. Make Spotify Student work with NUS cards again and we'll talk.,1956988,"@580722 We understand. Right now, we don’t have any other info on this, but let us know if you need a hand getting set up with UNiDAYS /DN",Nah. Make Spotify Student work with NUS cards again and we'll talk.,"We understand. Right now, we don’t have any other info on this, but let us know if you need a hand getting set up with UNiDAYS /DN",2
1908381,@SpotifyCares Need to update payment details. Can't proceed without NUS number which I don't have because no longer a student...,1908379,@568519 Hi Glenda! Help's here. Could you DM us your account's email address or username? We'll take a look backstage /AU https://t.co/ldFdZRiNAt,Need to update payment details. Can't proceed without NUS number which I don't have because no longer a student...,Hi Glenda! Help's here. Could you DM us your account's email address or username? We'll take a look backstage /AU,0
2498917,"@115888 loving the stranger things theme, now please make a visualizer so I can have it going full screen! #Spotify #StrangersThings2 https://t.co/Om2Dpiyga1",2498916,"@713016 We hear you loud and clear, Chris! We can’t make any promises but we’ll pass your feedback onto the right folks /RH","loving the stranger things theme, now please make a visualizer so I can have it going full screen! #Spotify #StrangersThings2","We hear you loud and clear, Chris! We can’t make any promises but we’ll pass your feedback onto the right folks /RH",2
351213,By the looks of it this is very common and no one has found a solution? https://t.co/PaLfaUg6A0 @115888 @116130,351211,"@199557 Hi Andrea, help's here. Can you let us know the iOS and Spotify versions you're running? We'll see what we can suggest /NY",By the looks of it this is very common and no one has found a solution?,"Hi Andrea, help's here. Can you let us know the iOS and Spotify versions you're running? We'll see what we can suggest /NY",0
2218945,@115888 nasan na yung #reputation kelan nyo balak i-release?😢😢😢,2218943,"@648198 Hi! Taylor Swift's 'Reputation' isn't available to stream just yet – stay tuned! For now, check out the singles: https://t.co/3h0TnPWP0c /NY",nasan na yung #reputation kelan nyo balak i-release?😢😢😢,"Hi! Taylor Swift's 'Reputation' isn't available to stream just yet – stay tuned! For now, check out the singles: /NY",0
1709600,@SpotifyCares I was trying to do the promo for the Hulu/student and I got charge 3 times,1709598,"@518004 Hey there, help's here! Can you DM us your account's email address? We'll check backstage /MO https://t.co/ldFdZRiNAt",I was trying to do the promo for the Hulu/student and I got charge 3 times,"Hey there, help's here! Can you DM us your account's email address? We'll check backstage /MO",7
2412708,@115888 you guys need to make the app available in Kenya too,2412707,@685945 Hey there! We're launching regularly in countries around the world. Sign up here to be first to hear: https://t.co/XDwWzj7cLP 🎶 /AU,you guys need to make the app available in Kenya too,Hey there! We're launching regularly in countries around the world. Sign up here to be first to hear: 🎶 /AU,0
1703327,"@SpotifyCares It worked, thank you!",1703326,"@516358 https://t.co/rkpsuGlCiy! If you need anything else, give us a shout /TR","It worked, thank you!","If you need anything else, give us a shout /TR",3
2877420,"@115888 Why you not here in India still? Will give so you much love. We want you here, please. https://t.co/bYZ0LtOw5m",2877419,"@145096 Hey Soumya! We also want to be able to play music in homes all over the world. Not to worry, we're launching regularly in new countries. Sign up here to be first to hear: https://t.co/XDwWzj7cLP. Let us know if we can help with anything else 🙂 /AY","Why you not here in India still? Will give so you much love. We want you here, please.","Hey Soumya! We also want to be able to play music in homes all over the world. Not to worry, we're launching regularly in new countries. Sign up here to be first to hear: Let us know if we can help with anything else 🙂 /AY",0
189666,"@SpotifyCares no, it didn't :( tried everything but I still can't create the playlist. it's not even greyed out but nothing happens after clicking on it.",189664,"@160485 Okay. Can we have you try reinstalling the app? To do so, just follow the steps at https://t.co/EqisDMwZAT. Let us know how it goes /JI","no, it didn't :( tried everything but I still can't create the playlist. it's not even greyed out but nothing happens after clicking on it.","Okay. Can we have you try reinstalling the app? To do so, just follow the steps at Let us know how it goes /JI",0
2158635,@3493 @115888 @SpotifyCares what is the Spotify offer code for DVSN's show? Presale was today &amp; I never received an email,2158634,@634069 Hey! We've just replied to your DM. Check your inbox /RH,what is the Spotify offer code for DVSN's show? Presale was today & I never received an email,Hey! We've just replied to your DM. Check your inbox /RH,2
1688966,@SpotifyCares iOS update seems to have fixed the issue. Thanks!,1688968,@184259 You're welcome! We're glad to hear everything's working now. Give us a shout if it starts misbehaving again; we're always here to help /RC,iOS update seems to have fixed the issue. Thanks!,You're welcome! We're glad to hear everything's working now. Give us a shout if it starts misbehaving again; we're always here to help /RC,8
2030978,@SpotifyCares every minute that #THECODE by #MONSTAX isn't available is a minute off my life 😔😔😔,2030977,"@600557 Hey Alyssa! Fingers crossed we'll be able to have it soon, but there's info about Spotify content here: https://t.co/0i8GpimuDa /NY",every minute that #THECODE by #MONSTAX isn't available is a minute off my life 😔😔😔,"Hey Alyssa! Fingers crossed we'll be able to have it soon, but there's info about Spotify content here: /NY",0
2065694,@SpotifyCares I cannot connect to hulu using my spotify student subscription. https://t.co/v0NZLme38Q,2065693,"@610871 Hey, help has arrived. Can you DM us your account's email address or username? We'll take a look backstage /RK https://t.co/ldFdZRiNAt",I cannot connect to hulu using my spotify student subscription.,"Hey, help has arrived. Can you DM us your account's email address or username? We'll take a look backstage /RK",2
1701512,@SpotifyCares Hm it's my work network maybe they have something.... I'll try again tomorrow and hopefully it will be better!,1701513,@242333 Sounds like a plan! We'll be right here waiting for your update /GU,Hm it's my work network maybe they have something.... I'll try again tomorrow and hopefully it will be better!,Sounds like a plan! We'll be right here waiting for your update /GU,0
2239794,"@SpotifyCares Thanks for answering. I'm in Israel, but I have a VPN with apparent endpoint USA. Doesn't seem to matter; I can't get in no matter what I try.",2239793,"@653065 We're afraid we aren't available there yet and can't guarantee that using a VPN will work, but you can try using an incognito window /DR","Thanks for answering. I'm in Israel, but I have a VPN with apparent endpoint USA. Doesn't seem to matter; I can't get in no matter what I try.","We're afraid we aren't available there yet and can't guarantee that using a VPN will work, but you can try using an incognito window /DR",8
1306501,"Dear @115888 Discover Playlist, 
I want good new music, not music that's already in my library.
Love and kisses
Estevan",1306499,"@425310 Hey there! To keep Discover Weekly fresh, keep listening to more of your favourite tunes. This will mix things up /AR","Dear Discover Playlist, I want good new music, not music that's already in my library. Love and kisses Estevan","Hey there! To keep Discover Weekly fresh, keep listening to more of your favourite tunes. This will mix things up /AR",5
2306176,@SpotifyCares This is disappointing to say the least,2306178,"@669053 We're sorry you feel that way. Rest assured, we'll let the right team know it's something you'd like to see /TB",This is disappointing to say the least,"We're sorry you feel that way. Rest assured, we'll let the right team know it's something you'd like to see /TB",0
110083,@115888 I already registered for this promo yet it says it is availed 129 thru load. I thought it was just 9 pesos? Can you help me?,2808526,"@783262 Hey Serene, help's here! Can you send us a DM with your account's email address or username? We'll take a look backstage /AR https://t.co/ldFdZR1cbT",I already registered for this promo yet it says it is availed 129 thru load. I thought it was just 9 pesos? Can you help me?,"Hey Serene, help's here! Can you send us a DM with your account's email address or username? We'll take a look backstage /AR",0
590118,@125633 @27525 @27526 I keep getting an error message when contacting you how else can direct my question  to you regarding my account?,590116,@259543 Hey! You should have an email from the Artist Support team waiting for you /I,I keep getting an error message when contacting you how else can direct my question to you regarding my account?,Hey! You should have an email from the Artist Support team waiting for you /I,9
2203774,Why do I keep getting an ad for an app when I have premium? @SpotifyCares,2203773,"@644382 Hey Kathlaline, help's here! Could you DM us your account's username and email address? We'll take a look under the hood /DQ https://t.co/ldFdZRiNAt",Why do I keep getting an ad for an app when I have premium?,"Hey Kathlaline, help's here! Could you DM us your account's username and email address? We'll take a look under the hood /DQ",7
2532977,How can't I love these sweet People from @115888 ? with this I will have a great day 😍😍😍😍 @SpotifyCares https://t.co/wyW6Ge683d,2532976,"@572029 Aww, you made us blush! Give us a shout if we can help with anything else, otherwise... https://t.co/m4HWSbgHVZ 😁 /MA",How can't I love these sweet People from ? with this I will have a great day 😍😍😍😍,"Aww, you made us blush! Give us a shout if we can help with anything else, otherwise... 😁 /MA",0
67706,@SpotifyCares I have been logged out of my account. Received an email telling me my email had changed and I never asked to change it. Help please!,2913787,@806596 Hi there! We've just sent a DM your way. Check your messages /AG,I have been logged out of my account. Received an email telling me my email had changed and I never asked to change it. Help please!,Hi there! We've just sent a DM your way. Check your messages /AG,9
2234744,"Having issues on my #iPhoneX with @115888. Playing Spotify if another app steals audio (say YouTube), go back to Spotify and press play.. track plays but no audio. Fix is to close app and re-open. Anyone else? #spotifyissues",2234745,@651833 Thanks for the info. Could you try reinstalling the app? Just follow the steps at https://t.co/grEcQYYFVS. Let us know how it goes /NS,"Having issues on my #iPhoneX with . Playing Spotify if another app steals audio (say YouTube), go back to Spotify and press play.. track plays but no audio. Fix is to close app and re-open. Anyone else? #spotifyissues",Thanks for the info. Could you try reinstalling the app? Just follow the steps at Let us know how it goes /NS,6
782904,"@SpotifyCares Spotify isn't working on the pc app or on my phone. Can't access any online content, says it's in offline mode.",782902,"@306886 Hey Steve, help's here. Can you let us know the device, OS, and Spotify version you're using? We'll see what we can suggest /KL","Spotify isn't working on the pc app or on my phone. Can't access any online content, says it's in offline mode.","Hey Steve, help's here. Can you let us know the device, OS, and Spotify version you're using? We'll see what we can suggest /KL",5
2792171,"@117153 Getting 503 and 504 messages when attempting to view Account Status from player (either desktop or web player).  OSX High Sierra/Chrome.  Any ideaa? Looking to upgrade and can't. This is from the UK, via Virgin Media broadband.",2792170,"@779256 Hey Steve, help's here! Everything looks good on our end now. Can you try using a different device, browser, or incognito window? Let us know if that makes a difference /RK","Getting 503 and 504 messages when attempting to view Account Status from player (either desktop or web player). OSX High Sierra/Chrome. Any ideaa? Looking to upgrade and can't. This is from the UK, via Virgin Media broadband.","Hey Steve, help's here! Everything looks good on our end now. Can you try using a different device, browser, or incognito window? Let us know if that makes a difference /RK",9
1030253,@SpotifyCares Just restarted. No change.,1030254,@363760 Hmm. Can you let us know the exact device and app version you're using? We'll see what we can suggest /PB,Just restarted. No change.,Hmm. Can you let us know the exact device and app version you're using? We'll see what we can suggest /PB,0
2150432,"@SpotifyCares Hi, does spotify automatically get new debit card details? I had to cancel my previous debit card and I'm certain I have not updated with my new card yet I've just been charged and my new details are now in the payment info. Thanks.",2150431,@632017 Hey Shona! We're here to help. Can you DM us your account's email address? We'll take a look under the hood /AN https://t.co/ldFdZRiNAt,"Hi, does spotify automatically get new debit card details? I had to cancel my previous debit card and I'm certain I have not updated with my new card yet I've just been charged and my new details are now in the payment info. Thanks.",Hey Shona! We're here to help. Can you DM us your account's email address? We'll take a look under the hood /AN,0
2287372,can someone tell me why @115888 doesn’t have an apple tv app,2287371,"@664582 Hey there! We don't have any news to share about Apple TV right now, but you can vote for the idea here: https://t.co/quyaSSECJs /BH",can someone tell me why doesn’t have an apple tv app,"Hey there! We don't have any news to share about Apple TV right now, but you can vote for the idea here: /BH",0
1789323,@SpotifyCares Nope still doesn't work ... Even deleted the com.spotify.music folder,1789324,@537494 Our best tech folks are on the case as we speak. Hopefully we'll have a fix soon! /RH,Nope still doesn't work ... Even deleted the com.spotify.music folder,Our best tech folks are on the case as we speak. Hopefully we'll have a fix soon! /RH,5
833702,@SpotifyCares Both Windows and Android clients are up to date. Spotify songs downloading just fine. Just you don't have this one song. Local one won't go.,833704,@318536 Got it. Could you also DM us your account's username or email address? We'll take a look under the hood /JO https://t.co/ldFdZRiNAt,Both Windows and Android clients are up to date. Spotify songs downloading just fine. Just you don't have this one song. Local one won't go.,Got it. Could you also DM us your account's username or email address? We'll take a look under the hood /JO,6
1074047,"Yo @115888, the app keeps crashing every time I try to share a song on my pixel!",1074046,"@373415 Hi Anelise! Our best tech folks are on the case as we speak. Hopefully, we'll have a fix soon /AU","Yo , the app keeps crashing every time I try to share a song on my pixel!","Hi Anelise! Our best tech folks are on the case as we speak. Hopefully, we'll have a fix soon /AU",6
155349,"@SpotifyCares Yep, hacked. Your anti fraud systems are shit. A couple of accounts added to my family account. Can you please check what else has been done to my account?",155346,"@151628 Hey John, We’re sorry to see this. Check out https://t.co/QHn3ok8y2n for what to do next /TB","Yep, hacked. Your anti fraud systems are shit. A couple of accounts added to my family account. Can you please check what else has been done to my account?","Hey John, We’re sorry to see this. Check out for what to do next /TB",9
2622871,@SpotifyCares I have another question,2622872,@740999 Absolutely! We're here to help with any other questions you may have /JI,I have another question,Absolutely! We're here to help with any other questions you may have /JI,0
1715266,@SpotifyCares Yes! MacBook Pro macOS Sierra 10.12.6 &amp; Spotify 1.0.65.320.gac7a8e02 / OnePlus 3T running Android 7.1.1 &amp; Spotify 8.4.23.784 armV7.,1715268,"@519483 Got it! And to confirm, does the issue happen across all your devices, or just one? Let us know /RV",Yes! MacBook Pro macOS Sierra 10.12.6 & Spotify 1.0.65.320.gac7a8e02 / OnePlus 3T running Android 7.1.1 & Spotify 8.4.23.784 armV7.,"Got it! And to confirm, does the issue happen across all your devices, or just one? Let us know /RV",2
1265919,"@SpotifyCares The old trusty ""Have you turned it on and off again?"" - Yes, I shut my computer down every night.",1265921,@416431 We understand. Could you DM us your account's username or email address? We'll take a look under the hood /JO https://t.co/ldFdZRiNAt,"The old trusty ""Have you turned it on and off again?"" - Yes, I shut my computer down every night.",We understand. Could you DM us your account's username or email address? We'll take a look under the hood /JO,0
369734,"@SpotifyCares Me: I want my username to be this
Spotify: okay so your DISPLAY name is that but your login username is ""ahakbrnrbrbnrn172882jjanabw"" okay?",369733,"@203582 2: see this name when they visit your profile. Don't worry, we're passing on all feedback about this on to the right folks /CH","Me: I want my username to be this Spotify: okay so your DISPLAY name is that but your login username is ""ahakbrnrbrbnrn172882jjanabw"" okay?","2: see this name when they visit your profile. Don't worry, we're passing on all feedback about this on to the right folks /CH",0
890661,@SpotifyCares Well the only time I use offline music is when I'm not in wifi and the only time I'm not in wifi is in my car so I can't really test it out,890662,"@331476 Hmm, that's odd. Just to check, do your playlists remain downloaded? /MT",Well the only time I use offline music is when I'm not in wifi and the only time I'm not in wifi is in my car so I can't really test it out,"Hmm, that's odd. Just to check, do your playlists remain downloaded? /MT",5
2268736,"@SpotifyCares I'm having trouble signing up for the Hulu+Spotify Premium deal and it's just not working for me, I have canceled my subs on both websites and did the process over all again and it still doesn't work, I hope I'm not charged twice. Help me get the $4.99 thing done TY",2268735,@660214 Hi! Could you send us a DM with your account's email address? We'll take a look backstage and see what we can suggest /DR https://t.co/ldFdZRiNAt,"I'm having trouble signing up for the Hulu+Spotify Premium deal and it's just not working for me, I have canceled my subs on both websites and did the process over all again and it still doesn't work, I hope I'm not charged twice. Help me get the $4.99 thing done TY",Hi! Could you send us a DM with your account's email address? We'll take a look backstage and see what we can suggest /DR,2
2862713,@SpotifyCares There are some rumours here in Romania regarding your service launch on 28 november. Even the press related about this!,2862715,"@795212 Got it. We don't have any info on this right now, but we'll let the right team know it's something you'd like to see 🙂 /KL",There are some rumours here in Romania regarding your service launch on 28 november. Even the press related about this!,"Got it. We don't have any info on this right now, but we'll let the right team know it's something you'd like to see 🙂 /KL",0
1096833,@SpotifyCares I need to cancel premium from a deleted facebook linked account. I cannot log in to cancel. Please assist.,1096832,@378826 Hi there! Can you DM us your account's email address or username? We'll take a look backstage /NQ https://t.co/ldFdZRiNAt,I need to cancel premium from a deleted facebook linked account. I cannot log in to cancel. Please assist.,Hi there! Can you DM us your account's email address or username? We'll take a look backstage /NQ,9
1798677,@115888 Was wondering why my visa prepaid card isn’t being accepted as payment for premium. When the website says you accept prepaid cards?,1798675,@540453 Hey Faith! Let's make sure your card meets all the requirements on the picture below. Keep us posted /BH https://t.co/l1DmRx640l,Was wondering why my visa prepaid card isn’t being accepted as payment for premium. When the website says you accept prepaid cards?,Hey Faith! Let's make sure your card meets all the requirements on the picture below. Keep us posted /BH,7
1194212,@SpotifyCares Thank you so much! I followed your instructions and I'll keep you posted! Sorry I'm in night mode https://t.co/QxrBxkNo26,1194211,@342991 No worries! We'll keep an eye out for your update /RH,Thank you so much! I followed your instructions and I'll keep you posted! Sorry I'm in night mode,No worries! We'll keep an eye out for your update /RH,3
2183069,@115888 needs to change the way songs gets shuffled. I’ll be listening to bryson tiller and then a mariachi band will start playing next like wtf,2183068,@639477 Hey Jolly! We’ve recently made some improvements to our shuffle algorithm. We’d love to hear your feedback here: https://t.co/T3vZnSL3od /DQ,needs to change the way songs gets shuffled. I’ll be listening to bryson tiller and then a mariachi band will start playing next like wtf,Hey Jolly! We’ve recently made some improvements to our shuffle algorithm. We’d love to hear your feedback here: /DQ,5
1283779,@SpotifyCares So far it's just Florence + the Machine songs. It's an Android,1283782,"@420306 1: Can you send us the model of your phone, and the Spotify version you're running? Can you try logging out, restarting the app, then... /SJ",So far it's just Florence + the Machine songs. It's an Android,"1: Can you send us the model of your phone, and the Spotify version you're running? Can you try logging out, restarting the app, then... /SJ",6
2536600,@115888 i would love if you stopped take it off IDGAF by Dua Lipa of my musics,2536598,"@721585 Hey! To reduce the number of Suggested Tracks you get, try adding more artists into your playlists /DR",i would love if you stopped take it off IDGAF by Dua Lipa of my musics,"Hey! To reduce the number of Suggested Tracks you get, try adding more artists into your playlists /DR",0
384894,@SpotifyCares It didn’t work. Seems to be when I plug it into my usb to play in my car,384895,@207122 Thanks for trying. Could you send us your account's email address or username? We'd like to check further /RK https://t.co/ldFdZRiNAt,It didn’t work. Seems to be when I plug it into my usb to play in my car,Thanks for trying. Could you send us your account's email address or username? We'd like to check further /RK,6
2547430,"I must say, Spotify's customer service deserves an A++",2547429,"@723977 Hey Czarisse! You've made us blush a little. If you need a hand with anything, just https://t.co/AUc7DGJpgF 🙂 /LP","I must say, Spotify's customer service deserves an A++","Hey Czarisse! You've made us blush a little. If you need a hand with anything, just 🙂 /LP",2
2045142,@115888 can you give me one code for spotify premium please ?,2045141,"@604802 Hey Damien! If you haven't had Premium before, head over to https://t.co/zgnxs5kPEu to grab the 30-day Premium trial for your account /SY",can you give me one code for spotify premium please ?,"Hey Damien! If you haven't had Premium before, head over to to grab the 30-day Premium trial for your account /SY",2
784862,"@SpotifyCares I pressed ""Learn More"" and then ""Get Started"" and then it takes me to a screen to edit credit card info.  Don't see another option.",784861,@307284 No worries! Could you DM us your Spotify account's email address? We'll take a look under the hood /BH https://t.co/ldFdZRiNAt,"I pressed ""Learn More"" and then ""Get Started"" and then it takes me to a screen to edit credit card info. Don't see another option.",No worries! Could you DM us your Spotify account's email address? We'll take a look under the hood /BH,0
1788239,"@SpotifyCares are the servers down? i can't log in on your website, and my spotify on my pc is just locked in offline mode",1788238,"@537170 Hi! Are you able to load other websites? Also, can you let us know what OS/Spotify version you're using? We'll see what we can suggest /WW","are the servers down? i can't log in on your website, and my spotify on my pc is just locked in offline mode","Hi! Are you able to load other websites? Also, can you let us know what OS/Spotify version you're using? We'll see what we can suggest /WW",5
2705887,Somehow my @115888 account randomly changed to UK and there goes 2 hours of my day.,2705885,"@759938 Hey there! Don't worry, help's here. Can you DM us your account's email address or username? We'll take a look backstage /MT https://t.co/ldFdZRiNAt",Somehow my account randomly changed to UK and there goes 2 hours of my day.,"Hey there! Don't worry, help's here. Can you DM us your account's email address or username? We'll take a look backstage /MT",9
983068,@SpotifyCares days. How long can i have the error message before I lose my premium? (2/2),983067,@353066 Hey there! Can you DM us your account's email address? We'll take a look under the hood /QI,days. How long can i have the error message before I lose my premium? (2/2),Hey there! Can you DM us your account's email address? We'll take a look under the hood /QI,7
2065759,Always does this to me!!!!! @115888 https://t.co/yRdbeak2xz,2065758,@610892 Sorry to hear that! Check out the steps under “Downloads unexpectedly removed” at https://t.co/38J7tFlIBF. They should help with this /MT,Always does this to me!!!!!,Sorry to hear that! Check out the steps under “Downloads unexpectedly removed” at They should help with this /MT,6
1280131,That moment when @115888 keeps playing suggested songs instead of songs in the playlist I'm trying to listen to. I care about the playlist!,1280129,@419521 Hey there! Can you DM us your account's email address and username? We'll take a look backstage /KL,That moment when keeps playing suggested songs instead of songs in the playlist I'm trying to listen to. I care about the playlist!,Hey there! Can you DM us your account's email address and username? We'll take a look backstage /KL,0
2886,"@115888 By the way, i was about to avail your promo but it won’t let me.",147380,@149489 Hi there! Can you fire over your account's email address via DM? We'll take a look backstage and see what we can suggest /NY https://t.co/ldFdZRiNAt,"By the way, i was about to avail your promo but it won’t let me.",Hi there! Can you fire over your account's email address via DM? We'll take a look backstage and see what we can suggest /NY,6
1591711,"@SpotifyCares why don’t you have all albums from an artist when all other streaming services do? (Apple Music, Google Play Music, TIDAL) 😒",1591710,@122338 We do our best! But sometimes agreements are ongoing because of licensing changes. Hopefully we'll have everything soon 🙂 /CG,"why don’t you have all albums from an artist when all other streaming services do? (Apple Music, Google Play Music, TIDAL) 😒",We do our best! But sometimes agreements are ongoing because of licensing changes. Hopefully we'll have everything soon 🙂 /CG,5
1807113,"@SpotifyCares Crazy behavior. Uninstalled, reinstalled, launched the app for the first time, correct icons are there for a split second then back to this.",1807111,"@542907 Hey Christopher, help's here. Can you try logging out of Spotify, restarting your device, and logging back in? Any better? /NY","Crazy behavior. Uninstalled, reinstalled, launched the app for the first time, correct icons are there for a split second then back to this.","Hey Christopher, help's here. Can you try logging out of Spotify, restarting your device, and logging back in? Any better? /NY",0
2888945,"@115888 Hello guys! Everybody in Romania is talking about ""Spotify Launch in Romania"". Some people said ""19 octomber"", other people said ""28 november"" and etc. Can we get an official release date? Thanks!",2888944,@801019 Hey! We're launching in new countries as often as possible. Be sure to add your email at https://t.co/X8DVSX9QgM /MX,"Hello guys! Everybody in Romania is talking about ""Spotify Launch in Romania"". Some people said ""19 octomber"", other people said ""28 november"" and etc. Can we get an official release date? Thanks!",Hey! We're launching in new countries as often as possible. Be sure to add your email at /MX,0
1078592,When @115888 will work in Russia!?,1078591,@374434 Hi! We're launching regularly in countries around the world. Sign up at https://t.co/XDwWzj7cLP to be the first to hear /RA,When will work in Russia!?,Hi! We're launching regularly in countries around the world. Sign up at to be the first to hear /RA,0
502642,@SpotifyCares Well if I’m shuffling the discover weekly - the French shit will be listened to and the cycle continues... shite!,502644,@235090 Sorry to hear this. Your Discover Weekly should improve as it gets to know you. Keep adding your fav tracks to Your Library/playlists 🙂 /CH,Well if I’m shuffling the discover weekly - the French shit will be listened to and the cycle continues... shite!,Sorry to hear this. Your Discover Weekly should improve as it gets to know you. Keep adding your fav tracks to Your Library/playlists 🙂 /CH,0
2776393,"@spotifycares i have premium, but when i go to my profile it says that i am using free. That is not correct i dont hear ads and i pay for premium, but in the sub tab it says ""You're currently Spotify Free""",2776392,"@775770 Hey, help's here! Can you DM us your account's email address? We'll take a look backstage /JN https://t.co/ldFdZRiNAt","i have premium, but when i go to my profile it says that i am using free. That is not correct i dont hear ads and i pay for premium, but in the sub tab it says ""You're currently Spotify Free""","Hey, help's here! Can you DM us your account's email address? We'll take a look backstage /JN",7
622840,Sooo...Taylor Swifts album is or isn’t coming out on @115888 ???,622839,"@267841 Hey Emily! We’ll have it available to you as soon as it’s available to us! For now, check out the singles: https://t.co/3h0TnPWP0c 🙂 /L",Sooo...Taylor Swifts album is or isn’t coming out on ???,"Hey Emily! We’ll have it available to you as soon as it’s available to us! For now, check out the singles: 🙂 /L",4
947931,I can not log into my account @spotifycares,947930,@344801 Hey there! Could you DM us your account's username and email address? We'll see what we can suggest /DF https://t.co/ldFdZRiNAt,I can not log into my account,Hey there! Could you DM us your account's username and email address? We'll see what we can suggest /DF,9
93966,"Yo @116130 @115888 !! I’ll make you a deal, if you get the #theworldistheirs album by #theIRS on Spotify I’ll sign up to premium for a year. Deal yeh? #supportUKHipHop",93965,@136374 Hey there! Music availability all boils down to licensing agreements. We have more info here: https://t.co/2FJce6Rcpg. Let us know if we can help with anything else. We're just a tweet away /LM,"Yo !! I’ll make you a deal, if you get the #theworldistheirs album by #theIRS on Spotify I’ll sign up to premium for a year. Deal yeh? #supportUKHipHop",Hey there! Music availability all boils down to licensing agreements. We have more info here: Let us know if we can help with anything else. We're just a tweet away /LM,2
1872554,@SpotifyCares Yeah. I have questions. Why remove it? Low engagement? So what! Was it hurting anything being there? I got to pretend I was mixing tracks,1872553,"@559164 We're afraid we don't have any info on this right now, but we'll let the right team know it's something you'd like to see again /NS",Yeah. I have questions. Why remove it? Low engagement? So what! Was it hurting anything being there? I got to pretend I was mixing tracks,"We're afraid we don't have any info on this right now, but we'll let the right team know it's something you'd like to see again /NS",0
1717752,@SpotifyCares the problem resolved itself,1717751,@520133 Glad to hear that everything has been sorted out. Feel free to drop us a tweet if you need anything else. Take care 🙂 /AK,the problem resolved itself,Glad to hear that everything has been sorted out. Feel free to drop us a tweet if you need anything else. Take care 🙂 /AK,0
2175473,Hi @115888 Is there any release notes for the desktop app?,2175472,"@637785 Hey there! We currently don't issue release notes, but you can vote for this idea: https://t.co/mHli6DCEGR to help make it happen /KT",Hi Is there any release notes for the desktop app?,"Hey there! We currently don't issue release notes, but you can vote for this idea: to help make it happen /KT",5
2968485,@SpotifyCares I want to stop my monthly payments to you because I recently bought a car and I need to save my money for payments for that. Also I dislike how have I to air my problems this way.,2968484,"@818862 Hi Juliana, help's on the way! Could you DM us your email and username? We'll get things taken care of /JQ https://t.co/ldFdZRiNAt",I want to stop my monthly payments to you because I recently bought a car and I need to save my money for payments for that. Also I dislike how have I to air my problems this way.,"Hi Juliana, help's on the way! Could you DM us your email and username? We'll get things taken care of /JQ",0
2038591,"Here's what you can do, @115888 :  If having a huge saved library is problematic, say that and give power users better tools to edit them.",2038590,"@285882 Hi Matthew, that's not cool! In any case, you can find more details that could help you out on that here: https://t.co/38J7tF47d5 /GK","Here's what you can do, : If having a huge saved library is problematic, say that and give power users better tools to edit them.","Hi Matthew, that's not cool! In any case, you can find more details that could help you out on that here: /GK",5
1355032,@SpotifyCares having problems when i shuffle play music by albums. is spotify as a whole having issues or just me today?,1355029,"@435982 Hey there, help's here! What’s happening exactly? Can you let us know the device/OS you’re using? /JO",having problems when i shuffle play music by albums. is spotify as a whole having issues or just me today?,"Hey there, help's here! What’s happening exactly? Can you let us know the device/OS you’re using? /JO",6
1576577,"@SpotifyCares I can't log into my account. It says I use Facebook, but let me do it
. __email__",1576576,@485723 Hi there! We'd suggest deleting your previous tweet as it contains personal account info. Can you DM it to us instead? We'll wait for it /GN https://t.co/ldFdZRiNAt,"I can't log into my account. It says I use Facebook, but let me do it . __email__",Hi there! We'd suggest deleting your previous tweet as it contains personal account info. Can you DM it to us instead? We'll wait for it /GN,9
1092734,@SpotifyCares It’s something Rdio did. And I miss it deeply while scrolling past the Taylor Swift releases.,1092733,"@377878 We hear you loud and clear. Rest assured, your feedback will be passed on to the right folks /JI",It’s something Rdio did. And I miss it deeply while scrolling past the Taylor Swift releases.,"We hear you loud and clear. Rest assured, your feedback will be passed on to the right folks /JI",0
115246,@117153 @SpotifyCares I been paying premium price over 6 months plus. Last 3 months only gives me free service,2025890,"@599106 Hi Dave, help's here! We've just responded to your DM. We'll continue talking there 🙂 /JI",I been paying premium price over 6 months plus. Last 3 months only gives me free service,"Hi Dave, help's here! We've just responded to your DM. We'll continue talking there 🙂 /JI",7
1299098,"@SpotifyCares Really need help, my credit card was charged twice with an hour interval of spotify (the student promo)",1299097,@423615 Hey there! Can you DM us your account's email address? We'll take a look backstage /RB https://t.co/ldFdZRiNAt,"Really need help, my credit card was charged twice with an hour interval of spotify (the student promo)",Hey there! Can you DM us your account's email address? We'll take a look backstage /RB,2
2779502,@SpotifyCares SO IF YALL COULD GET BACK TO ME ASAP THAT WOULD BE SUPER,2779501,"@776366 Hey there, sorry for the wait! Could you DM us your account's email address and username? We'll take a look backstage /CG https://t.co/ldFdZRiNAt",SO IF YALL COULD GET BACK TO ME ASAP THAT WOULD BE SUPER,"Hey there, sorry for the wait! Could you DM us your account's email address and username? We'll take a look backstage /CG",0
430239,@SpotifyCares your service has been very unstable yesterday and today. Nothing on my end has changed. Is there a known problem?,430238,"@217299 2: network? If possible, can you try restarting your router? Let's see if this will make a difference /ME",your service has been very unstable yesterday and today. Nothing on my end has changed. Is there a known problem?,"2: network? If possible, can you try restarting your router? Let's see if this will make a difference /ME",0
2722778,Anyone else having issues with Spotify today?,2722777,@763837 Hey Jessica! We'd love to lend a hand. Could you tell us more about what's happening and on what device? We'll see what we can do /JT,Anyone else having issues with Spotify today?,Hey Jessica! We'd love to lend a hand. Could you tell us more about what's happening and on what device? We'll see what we can do /JT,2
1391750,"I wish @115888 had a block option.  I never want a taylor swift, hiss golden messenger or Chris brown to show up on a playlist ever again",1391749,"@443690 Hey Julia, we can see how that’d be useful! You can vote for the official idea here: https://t.co/hlXvRg5Zog. Stay awesome /KL","I wish had a block option. I never want a taylor swift, hiss golden messenger or Chris brown to show up on a playlist ever again","Hey Julia, we can see how that’d be useful! You can vote for the official idea here: Stay awesome /KL",0
1828917,@117153 why was I charged $10 for premium when I updated my card info instead of student discount,1828916,@548863 Hey Rachel! We're here to help. Can you DM us your account's username or email address? We'll take a look under the hood /CP https://t.co/ldFdZRiNAt,why was I charged $10 for premium when I updated my card info instead of student discount,Hey Rachel! We're here to help. Can you DM us your account's username or email address? We'll take a look under the hood /CP,7
929994,"@SpotifyCares Makes no difference, no. Same songs can't be played. PS - your customer service is really excellent. 🙃",929996,"@127172 Aww, you've made us blush! Thanks for trying that for us. Our best tech folks are on the case as we speak. We should have a fix soon 🙂 /TB","Makes no difference, no. Same songs can't be played. PS - your customer service is really excellent. 🙃","Aww, you've made us blush! Thanks for trying that for us. Our best tech folks are on the case as we speak. We should have a fix soon 🙂 /TB",0
2412691,"@SpotifyCares Yes, it is still same. This is the exact screen shot right after the installation. https://t.co/4ysBjbvBl1",2412694,"@693591 Just to check, are you using a VPN or private network? Also, can you send us a DM? We'd like to share some info with you /XF https://t.co/ldFdZRiNAt","Yes, it is still same. This is the exact screen shot right after the installation.","Just to check, are you using a VPN or private network? Also, can you send us a DM? We'd like to share some info with you /XF",0
79450,@115888 it's not letting me log in using facebook so I'm paying for spotify i can't use please help,79449,@133631 Hey there! Could you DM us your account's email address? We'll take a look backstage /JO https://t.co/ldFdZRiNAt,it's not letting me log in using facebook so I'm paying for spotify i can't use please help,Hey there! Could you DM us your account's email address? We'll take a look backstage /JO,2
1459956,@SpotifyCares we going to see that Apple Watch app any time within the next 5 years?!,1459955,@458871 2: add your vote to let our devs know it's something you'd like to see: https://t.co/SEK4E4gi22 /SY,we going to see that Apple Watch app any time within the next 5 years?!,2: add your vote to let our devs know it's something you'd like to see: /SY,0
1681238,"@SpotifyCares hi, I want to change my username and I'm aware you can't. I have playlists and my student discount on this acc. What can I do?",1681237,"@294011 Hey! With your Facebook linked to the account, other Spotify users will see this instead of a username for your profile. Sound good? /TY","hi, I want to change my username and I'm aware you can't. I have playlists and my student discount on this acc. What can I do?","Hey! With your Facebook linked to the account, other Spotify users will see this instead of a username for your profile. Sound good? /TY",0
2061279,I just want to watch HD. Hello @115888 @SpotifyCares please make this available worldwide. https://t.co/hijvhXODwX,2061278,@609626 Hi! We'll have it available to everyone as soon as licensing allows. There's more info about Spotify content at https://t.co/MEjmIRL2eB /AY,I just want to watch HD. Hello please make this available worldwide.,Hi! We'll have it available to everyone as soon as licensing allows. There's more info about Spotify content at /AY,0
2285576,@115888 hey guys one of my favorite albums is no longer in your database 😩 How come? And will it be back? https://t.co/uIKDh6t99H,2285575,@664159 Hey! Sometimes content gets temporarily removed because of licensing changes. Hopefully we'll have it available again soon /DF,hey guys one of my favorite albums is no longer in your database 😩 How come? And will it be back?,Hey! Sometimes content gets temporarily removed because of licensing changes. Hopefully we'll have it available again soon /DF,0
1973434,bakit ba kasi walang irresistible &amp; truly madly deeply sa spotify tf,1973433,"@584442 Hey Marianne! We don't have Filipino support, so we hope it's okay if we reply in English. Can you let us know what's happening? /AC",bakit ba kasi walang irresistible & truly madly deeply sa spotify tf,"Hey Marianne! We don't have Filipino support, so we hope it's okay if we reply in English. Can you let us know what's happening? /AC",2
2639846,"@SpotifyCares Hi, I have a problem with my account family. I subscrive my housband but he can't try to connet to my account. when he try to connect and he fill the position it's show an error.his account is __email__ and my is __email__, why?",2639845,"@744994 Hey Veronica, help's here! We'd suggest deleting your previous tweet as it contains private info. Could you DM it to us instead? We'll look out for your reply /GU https://t.co/ldFdZRiNAt","Hi, I have a problem with my account family. I subscrive my housband but he can't try to connet to my account. when he try to connect and he fill the position it's show an error.his account is __email__ and my is __email__, why?","Hey Veronica, help's here! We'd suggest deleting your previous tweet as it contains private info. Could you DM it to us instead? We'll look out for your reply /GU",9
64389,"@SpotifyCares @130780 Hi sir, i have the same inquiry. My consumption will last this December. Thank you.",64391,"@130781 Hi there! We'd love to help out. Can you DM us your account's username or email address, along with more details on what's happening? We'll check things backstage /MU https://t.co/ldFdZRiNAt","Hi sir, i have the same inquiry. My consumption will last this December. Thank you.","Hi there! We'd love to help out. Can you DM us your account's username or email address, along with more details on what's happening? We'll check things backstage /MU",3
632006,"@SpotifyCares @SpotifyCares Hello! I have a spotify premium trial period which I would like to change to a student subscription, but how do I need to arrange that? Otherwise I end up paying 10€ instead of 5€. Trial period ends in 3 days",632005,@269793 Hey! Can you DM us your account's email address? We'll take a look backstage /SJ https://t.co/ldFdZRiNAt,"Hello! I have a spotify premium trial period which I would like to change to a student subscription, but how do I need to arrange that? Otherwise I end up paying 10€ instead of 5€. Trial period ends in 3 days",Hey! Can you DM us your account's email address? We'll take a look backstage /SJ,2
1992204,"Why isn't @289430 ""Don't Miss You"" on Spotify?!?! I'm very upset about this @115888",1992203,"@589599 Hey there! We’d love to have all of her stuff available, but we have some info about content here: https://t.co/0i8GpimuDa /GK","Why isn't ""Don't Miss You"" on Spotify?!?! I'm very upset about this","Hey there! We’d love to have all of her stuff available, but we have some info about content here: /GK",2
2338014,@115888 Where is Super Slimey???,2338013,@629111 Hey Jonathan! Could this be the one you're looking for: https://t.co/RqYePOitw0? /RI,Where is Super Slimey???,Hey Jonathan! Could this be the one you're looking for: /RI,0
1427780,@115888 pls make me a new 80's playlist,1427779,@451660 Hey there! What artists and genres are you into? We'll get right to it 🙂 /NS,pls make me a new 80's playlist,Hey there! What artists and genres are you into? We'll get right to it 🙂 /NS,0
189899,@115888 I want to do this but what if I don't have a Hulu account would I use my Spotify information to log in?,1779510,@534669 Hi! You'll have the option to create a Hulu account when applying for the student discount. Just head here: https://t.co/PS8Iw4CrWL /BX,I want to do this but what if I don't have a Hulu account would I use my Spotify information to log in?,Hi! You'll have the option to create a Hulu account when applying for the student discount. Just head here: /BX,9
2225611,"@SpotifyCares Hi, will there be a Year in Music 2017?",2225610,"@649702 Hi! We don't have info on this right now, but stay tuned for any updates. Let us know if you have other questions /SA","Hi, will there be a Year in Music 2017?","Hi! We don't have info on this right now, but stay tuned for any updates. Let us know if you have other questions /SA",5
2138973,@115888 - iPhoneX support coming soon to make it actually fit the phone screen? Disappointing that unlike many other apps you didn’t bother to have it ready for launch day! Not ideal really is it given we pay for this service!,2138971,"@629092 Hey! We don't have any info on this right now, but we'll let the right team know it's something you'd like to see /CO",- iPhoneX support coming soon to make it actually fit the phone screen? Disappointing that unlike many other apps you didn’t bother to have it ready for launch day! Not ideal really is it given we pay for this service!,"Hey! We don't have any info on this right now, but we'll let the right team know it's something you'd like to see /CO",0
224867,"@SpotifyCares hi guys, need help with a billing statement, sent a DM. Thanks.",224866,@169723 Hey Miah! We've just sent you a bit more info over DM. We'll carry on helping out there /KB,"hi guys, need help with a billing statement, sent a DM. Thanks.",Hey Miah! We've just sent you a bit more info over DM. We'll carry on helping out there /KB,8
851856,@SpotifyCares I'm just contacting you guys in case it's a security issue. Have a nice day.,851857,"@322350 1: Hey Christopher, sorry to hear this happened! If you're still seeing unusual activity on your account, check out this page..",I'm just contacting you guys in case it's a security issue. Have a nice day.,"1: Hey Christopher, sorry to hear this happened! If you're still seeing unusual activity on your account, check out this page..",0
2922430,@SpotifyCares It worked right when they said “turn off your phone” so I was able to download a few songs. Thx for checking!,2922432,"@808778 You're welcome! If there’s anything else, just let us know. We'd be happy to help /FR",It worked right when they said “turn off your phone” so I was able to download a few songs. Thx for checking!,"You're welcome! If there’s anything else, just let us know. We'd be happy to help /FR",5
2615455,is perfect velvet not on spotify,2615454,"@739306 Hey there! Fingers crossed we'll be able to have it soon, but there's info about Spotify content here: https://t.co/0i8GpimuDa /AC",is perfect velvet not on spotify,"Hey there! Fingers crossed we'll be able to have it soon, but there's info about Spotify content here: /AC",2
826541,"@SpotifyCares Your Windows Mobile app is still having issues, any word on getting the app updated?",826542,"@316887 Hey Neil, help's here! Can you DM us your account's username or email address? We'll take a look backstage /PK https://t.co/ldFdZRiNAt","Your Windows Mobile app is still having issues, any word on getting the app updated?","Hey Neil, help's here! Can you DM us your account's username or email address? We'll take a look backstage /PK",0
1004413,Anyone else having issues with their @115888 account playing on someone else's device? Second time of late... https://t.co/8HkbuVbkos,1004412,"@357731 Hey Ken, help's here! Can you DM us your account's email address? We'll take a look backstage /JN https://t.co/ldFdZRiNAt",Anyone else having issues with their account playing on someone else's device? Second time of late...,"Hey Ken, help's here! Can you DM us your account's email address? We'll take a look backstage /JN",9
2678882,@115888 How can I get more information about the summer business internship?,2678881,@753813 @115888 Hi Mohammed! We've just replied to your DM. Let's continue chatting there /JP,How can I get more information about the summer business internship?,Hi Mohammed! We've just replied to your DM. Let's continue chatting there /JP,0
1062067,@SpotifyCares Thanks for reaching out :) Or fixing it quickly :),1062065,"@370768 Awesome, thanks for letting us know. Enjoy the music! https://t.co/SkdXv2BhCb 🙂 /TC",Thanks for reaching out :) Or fixing it quickly :),"Awesome, thanks for letting us know. Enjoy the music! 🙂 /TC",8
723572,"@SpotifyCares UniDays doesn't support my education provider, which is why I bought an NUS card. As I already have spotify student, can I just renew?",723571,"@293268 We're afraid it's not possible. Don't worry, we'll pass on your thoughts to the team. For now, check out https://t.co/LESfq9LesY /AY","UniDays doesn't support my education provider, which is why I bought an NUS card. As I already have spotify student, can I just renew?","We're afraid it's not possible. Don't worry, we'll pass on your thoughts to the team. For now, check out /AY",2
929832,"@115888 Hi all, thought you'd like to correct your bio on @95529 from ""White"" to 'Wise'",929830,@340612 Hey there! What's happening exactly? Could you let us know the device/OS you're using? We'll see what we can suggest /DF,"Hi all, thought you'd like to correct your bio on from ""White"" to 'Wise'",Hey there! What's happening exactly? Could you let us know the device/OS you're using? We'll see what we can suggest /DF,5
1810749,"@SpotifyCares Hey! My dad died recently with his own Premium account, and we don't have his password. How can I cancel his subscription?",1810748,@544019 Hi Jeremy. We're sorry to hear that. Could you DM us his account's email address? We'll take a look backstage /LM https://t.co/ldFdZRiNAt,"Hey! My dad died recently with his own Premium account, and we don't have his password. How can I cancel his subscription?",Hi Jeremy. We're sorry to hear that. Could you DM us his account's email address? We'll take a look backstage /LM,9
564524,@SpotifyCares Is there a way to get @115888 to work behind a corp proxy with blocks WebSockets? The http=1 URL param no longer works after the web player change.,564522,"@252237 Hey, help's here! Can you let us know more about what's happening? We'll be waiting for your reply /MG",Is there a way to get to work behind a corp proxy with blocks WebSockets? The URL param no longer works after the web player change.,"Hey, help's here! Can you let us know more about what's happening? We'll be waiting for your reply /MG",0
2789400,Can you help @SpotifyCares I can't log onto the website or anything ☹️ https://t.co/PTB8GvjaDN,2789399,@776662 Hi there! We've just replied to your DM. Let's continue chatting there /GT,Can you help I can't log onto the website or anything ☹️,Hi there! We've just replied to your DM. Let's continue chatting there /GT,0
2913959,Hey @115888 get my account fixed,2913958,"@806649 Hey. We had a little hiccup earlier, but everything should be running as smooth as Smooth Jazz now! /CP",Hey get my account fixed,"Hey. We had a little hiccup earlier, but everything should be running as smooth as Smooth Jazz now! /CP",9
2058203,"Dear @115888,

Please have @15406's music on your app. :(

xoxo,

Nestlé",2058202,"@608720 Hi there! We’d love to have rest of her stuff available, but we have some info about content here: https://t.co/0i8GpimuDa /MT","Dear , Please have 's music on your app. :( xoxo, Nestlé","Hi there! We’d love to have rest of her stuff available, but we have some info about content here: /MT",5
2631717,Yo @115888 how about some actual new releases on my Release Radar instead of a playlist full of remixes,2631715,"@743116 Hi Megan! The more you use Spotify, the more personalized Release Radar becomes. Carry on listening to the songs you love, making sure you’re not in a Private Session 🎶 /AU",Yo how about some actual new releases on my Release Radar instead of a playlist full of remixes,"Hi Megan! The more you use Spotify, the more personalized Release Radar becomes. Carry on listening to the songs you love, making sure you’re not in a Private Session 🎶 /AU",0
693712,@SpotifyCares Using an iPhone 6s on latest iOS. Can we show some love for older models that still work fine?? 😫😫,693713,@285405 Hey Charlie! Can you let us know which Spotify version you're running? Does restarting your phone help? /MA,Using an iPhone 6s on latest iOS. Can we show some love for older models that still work fine?? 😫😫,Hey Charlie! Can you let us know which Spotify version you're running? Does restarting your phone help? /MA,0
2442019,@SpotifyCares About a week or more. &amp; both.,2442018,@700301 Hmm. Does restarting your device by holding the Sleep/Wake + Volume Down buttons for 10 seconds help at all? /KB,About a week or more. & both.,Hmm. Does restarting your device by holding the Sleep/Wake + Volume Down buttons for 10 seconds help at all? /KB,0
490791,"@3493 Hey, why the premium promo at 99$ a year is not eligible in Quebec? Thank you.",490790,"@231915 Hey Roch. Currently, we’re not able to offer the $99 Premium promo in Quebec due to circumstances outside our control. We hope to be able to make it available in the future! /K","Hey, why the premium promo at 99$ a year is not eligible in Quebec? Thank you.","Hey Roch. Currently, we’re not able to offer the $99 Premium promo in Quebec due to circumstances outside our control. We hope to be able to make it available in the future! /K",3
1694932,Thanks or the follow @125633,1694931,@514253 Hey there! You're welcome! Give us a shout if you need anything else 💚 /KP,Thanks or the follow,Hey there! You're welcome! Give us a shout if you need anything else 💚 /KP,8
1232390,Hey @115888 ! I didn't get the presale  code for the @52128 concert at the rave! What do I do?,1232391,@409037 1: We’re afraid the codes are unique and sent to those who listen to Franz Ferdinand the most on Spotify. /JX,Hey ! I didn't get the presale code for the concert at the rave! What do I do?,1: We’re afraid the codes are unique and sent to those who listen to Franz Ferdinand the most on Spotify. /JX,0
502676,"@SpotifyCares Sigh. And if I move those mp3s away, spotify won't play the song at all: ""This song is not available. If you have the file on your computer you can import it.""",502677,"@234224 It's possible that you've copied the live version to your Spotify account through the Local Files and put it in one playlist. If the original version of the song isn't on the same playlist as the live one (mp3), no song will play once you've removed it. We hope this helps! /MS","Sigh. And if I move those mp3s away, spotify won't play the song at all: ""This song is not available. If you have the file on your computer you can import it.""","It's possible that you've copied the live version to your Spotify account through the Local Files and put it in one playlist. If the original version of the song isn't on the same playlist as the live one (mp3), no song will play once you've removed it. We hope this helps! /MS",6
667911,@SpotifyCares hey is tax included to the $14.99 for the family plan?,667910,@279221 Hey! We've sent you a DM. We'll carry on chatting there /LO,hey is tax included to the $14.99 for the family plan?,Hey! We've sent you a DM. We'll carry on chatting there /LO,1
1299697,"@115888 love this week's recommended music playlist, any buttons I can press on the app to ensure more of the same style next week?",1299699,"@423773 1: Hi! We don't have that feature right now, but we'll let the right team know it's something you'd like to see...","love this week's recommended music playlist, any buttons I can press on the app to ensure more of the same style next week?","1: Hi! We don't have that feature right now, but we'll let the right team know it's something you'd like to see...",6
2678332,@115888 that last update has done some really glitchy things to the app. CMD + Z please.,2678331,@753695 Hi Luke! Help's here. What's going on exactly? Can you give us a bit more info? You can also send us a DM /SV https://t.co/ldFdZRiNAt,that last update has done some really glitchy things to the app. CMD + Z please.,Hi Luke! Help's here. What's going on exactly? Can you give us a bit more info? You can also send us a DM /SV,0
1622806,"@115888 why do you keep forcing suggested tracks on me?

Why can't I just shuffle my albums in peace???????",1622805,"@267236 2: here: https://t.co/XYoV3e35gj. To reduce the number of Suggested Tracks you get, try adding more songs into your playlists /JN",why do you keep forcing suggested tracks on me? Why can't I just shuffle my albums in peace???????,"2: here: To reduce the number of Suggested Tracks you get, try adding more songs into your playlists /JN",6
1942831,@577680 @115888 can we please get the tragically hip discography up in the UK and US pretty please! With cherries on top! Cheers!,1942830,"@577679 Hi Alex! We’d love to have all of The Tragically Hip's music available, but we have info about content here: https://t.co/0i8GpimuDa /KB",can we please get the tragically hip discography up in the UK and US pretty please! With cherries on top! Cheers!,"Hi Alex! We’d love to have all of The Tragically Hip's music available, but we have info about content here: /KB",0
2218933,@SpotifyCares not sure if iOS bug or specifically relating to the X but when I’m listening to music on Spotify and accept a call. The only way to get the musi to resume is to completely force close the app and reopen it,2218931,"@471615 Hey, help's here! Can you let us know the iOS and Spotify versions you're using? We'll see what we can suggest /GK",not sure if iOS bug or specifically relating to the X but when I’m listening to music on Spotify and accept a call. The only way to get the musi to resume is to completely force close the app and reopen it,"Hey, help's here! Can you let us know the iOS and Spotify versions you're using? We'll see what we can suggest /GK",5
504294,@115888 On the iphone app the artist page needs to be in alpha order like it is on the ipad. Right now it is a jumbled mess.,504292,"@235578 Hey Rob, help's here! Could you send us a screenshot of what it looks like on your iPhone? We'll take a look /TB",On the iphone app the artist page needs to be in alpha order like it is on the ipad. Right now it is a jumbled mess.,"Hey Rob, help's here! Could you send us a screenshot of what it looks like on your iPhone? We'll take a look /TB",0
2183166,@115888 How can I play/pause music like on screen-shot below ? What I need to do to have it like on screen-shot? https://t.co/1z1RxGh44p,2183165,"@639506 Hey there! Thanks for the info. Just to check, what device, operating system, and Spotify version are you running? /LM",How can I play/pause music like on screen-shot below ? What I need to do to have it like on screen-shot?,"Hey there! Thanks for the info. Just to check, what device, operating system, and Spotify version are you running? /LM",6
2528345,@115888 like fr I need to be able to block certain artists cause on the release radar this came up and I don’t know what I did to deserve this disgusting music on my release radar https://t.co/QlqvHRXupI,2528344,"@719872 Hey there! It's currently not possible to ban artists, but we'll let the team know it's a feature you'd like to see. Your Release Radar becomes more personalized the more you use Spotify. Carry on listening to the songs you love, and hopefully you'll see a new batch on Friday /KT",like fr I need to be able to block certain artists cause on the release radar this came up and I don’t know what I did to deserve this disgusting music on my release radar,"Hey there! It's currently not possible to ban artists, but we'll let the team know it's a feature you'd like to see. Your Release Radar becomes more personalized the more you use Spotify. Carry on listening to the songs you love, and hopefully you'll see a new batch on Friday /KT",0
547202,@3493  you guys should update your app so we can clear recently played list faster instead one by one 😒😒 #lame https://t.co/b8sMgdzgL0,547201,"@247283 We hear you 🎧 Rest assured, your feedback will be passed on to the right folks /DF",you guys should update your app so we can clear recently played list faster instead one by one 😒😒 #lame,"We hear you 🎧 Rest assured, your feedback will be passed on to the right folks /DF",0
2336807,@SpotifyCares Why can't I cancel my Spotify premium?,2336806,@676114 Hi there! We've just sent a DM your way. Let's carry on chatting there /FR,Why can't I cancel my Spotify premium?,Hi there! We've just sent a DM your way. Let's carry on chatting there /FR,2
2900,"@115888 I registered last night, and was billed for 129?",1269962,@417337 Hi Daneza! Help's here. Can you DM us your account's username or email address? We'll check things backstage /MU https://t.co/ldFdZRiNAt,"I registered last night, and was billed for 129?",Hi Daneza! Help's here. Can you DM us your account's username or email address? We'll check things backstage /MU,0
821807,@SpotifyCares Ok thanks. I’m listening to music most the time and doing something else. Maybe have a Seperate music video playlist and normal playlist?,821809,"@315756 We hear you, Eric! Your feedback has been noted and passed onto the team 👊🏼 /MX",Ok thanks. I’m listening to music most the time and doing something else. Maybe have a Seperate music video playlist and normal playlist?,"We hear you, Eric! Your feedback has been noted and passed onto the team 👊🏼 /MX",5
31595,@115888 Student discount via bdo card not working,31594,@122970 Hey! Could you send us a DM with your account's email address or username? We'll take a look /AY https://t.co/ldFdZRiNAt,Student discount via bdo card not working,Hey! Could you send us a DM with your account's email address or username? We'll take a look /AY,0
375397,"@SpotifyCares I logged out, restarted my Mac, and logged back in and still no change sadly",375399,@205015 Could you DM us your username or email address so we can take a closer look? /JU https://t.co/ldFdZRiNAt,"I logged out, restarted my Mac, and logged back in and still no change sadly",Could you DM us your username or email address so we can take a closer look? /JU,0
2293427,MY SPOTIFY APP ISNT OPENING @115888 https://t.co/5B7zBmps8w,2293426,@665994 Hi Cass! That doesn't sound good. What device and operating system version are you using? Any error messages? A screenshot can be handy /AU,MY SPOTIFY APP ISNT OPENING,Hi Cass! That doesn't sound good. What device and operating system version are you using? Any error messages? A screenshot can be handy /AU,2
2538270,@115888 when will #Spotify be available in #SouthAfrica,2538269,"@721938 Hey! We don't have any info regarding that. Don't you worry, we're launching regularly in countries around the world. Sign up here to be first to hear: https://t.co/XDwWzj7cLP. If you have any other questions, you know where to reach us /DR",when will #Spotify be available in #SouthAfrica,"Hey! We don't have any info regarding that. Don't you worry, we're launching regularly in countries around the world. Sign up here to be first to hear: If you have any other questions, you know where to reach us /DR",2
2344085,"@SpotifyCares It was on songs, artists and albums but they're back now and I didn't do anything. Glad they're back 😊",2344087,"@677913 Great! Glad to hear it's working. If  you have questions, just give us a shout. https://t.co/m4HWSbgHVZ /XF","It was on songs, artists and albums but they're back now and I didn't do anything. Glad they're back 😊","Great! Glad to hear it's working. If you have questions, just give us a shout. /XF",0
2304487,"Not angry with Spotify, just really, really disappointed https://t.co/fhLJlhj8Ja",2304485,@668637 Hi Dominic! Can you tell us what's happening here exactly? We'd be glad to help you out 🙂 /RR,"Not angry with Spotify, just really, really disappointed",Hi Dominic! Can you tell us what's happening here exactly? We'd be glad to help you out 🙂 /RR,2
1850330,@115888 @SpotifyCares will you please make a genre section for music so that i can listen to my music but by genre?!!!!,1850329,@553944 Hi Mary! Thanks for the feedback. We'll pass it on to the right team. Be sure to vote for a similar idea at https://t.co/xE4AE83rYJ /MC,will you please make a genre section for music so that i can listen to my music but by genre?!!!!,Hi Mary! Thanks for the feedback. We'll pass it on to the right team. Be sure to vote for a similar idea at /MC,5
115278,"@115888 Hey, I have had premium for 7ish yrs, will you let me have it too?  Well I guess I would ask for only 1 month of family instead for that price.  Probably not cause you know we will still pay, screw a holiday price break for the most loyal, grab new users",688072,@284358 Hey there! Can you DM us your account's username or email address? We'll take a look under the hood /RS https://t.co/ldFdZRiNAt,"Hey, I have had premium for 7ish yrs, will you let me have it too? Well I guess I would ask for only 1 month of family instead for that price. Probably not cause you know we will still pay, screw a holiday price break for the most loyal, grab new users",Hey there! Can you DM us your account's username or email address? We'll take a look under the hood /RS,1
694628,"@SpotifyCares Hi, I currently have a premium account with student discount, but I want to switch to a Family account. Would I be able to keep all my playlists and downloaded songs?",694627,"@285643 Hey Af! Yes, you still keep all of your playlists and offline tracks. Just to make sure, can you DM us your account's email address? We'll see what we can suggest /SJ https://t.co/ldFdZRiNAt","Hi, I currently have a premium account with student discount, but I want to switch to a Family account. Would I be able to keep all my playlists and downloaded songs?","Hey Af! Yes, you still keep all of your playlists and offline tracks. Just to make sure, can you DM us your account's email address? We'll see what we can suggest /SJ",9
1516265,"@SpotifyCares Ok, thanks for the reply. Have a great weekend!",1516267,@471799 You're welcome! Give us a shout if you need us again. you have yourself a... https://t.co/cPbDPiAv92 😁 /NY,"Ok, thanks for the reply. Have a great weekend!",You're welcome! Give us a shout if you need us again. you have yourself a... 😁 /NY,8
2551351,@SpotifyCares someone changed my account email without having access to my email. Seems like a security flaw...,2551350,"@724803 Hey, we’re sorry to hear that. Check out https://t.co/QHn3ok8y2n for what to do next /NQ",someone changed my account email without having access to my email. Seems like a security flaw...,"Hey, we’re sorry to hear that. Check out for what to do next /NQ",9
1064083,"@SpotifyCares Hi, our EP recently got added to Spotify but is currently listed under the wrong artist, is there anything you can do to help?",1064082,@371221 2: They'll work with our team to make sure your artist page gets fixed up /JO,"Hi, our EP recently got added to Spotify but is currently listed under the wrong artist, is there anything you can do to help?",2: They'll work with our team to make sure your artist page gets fixed up /JO,5
1158628,@SpotifyCares This is on my ps3 every album available https://t.co/u2JouhOMM8,1158630,@392556 2: only have a few found on the mobile app compared to your console. Let us know if you have other questions /JU,This is on my ps3 every album available,2: only have a few found on the mobile app compared to your console. Let us know if you have other questions /JU,4
2060183,"@SpotifyCares I'm getting emails about a Spotify account, but don't have one.",2060182,@609323 Hey Derek! That doesn't sound good. Can you send us a copy of the emails via DM? We'll take a closer look /QI https://t.co/ldFdZRiNAt,"I'm getting emails about a Spotify account, but don't have one.",Hey Derek! That doesn't sound good. Can you send us a copy of the emails via DM? We'll take a closer look /QI,9
856211,"@SpotifyCares rather, i meant by ""recently added"" instead of the onerous alphabetical ordering that's default",856213,"@323325 Sorry to hear that. Your feedback has been noted, and we'll be sure to let the right folks know it's something you'd like to see /JE","rather, i meant by ""recently added"" instead of the onerous alphabetical ordering that's default","Sorry to hear that. Your feedback has been noted, and we'll be sure to let the right folks know it's something you'd like to see /JE",0
2552732,@SpotifyCares Just purchased the premium family plan but can't invite family members. Why is this complicated?,2552731,"@458065 Hey Marc! Sorry to hear that. Don't worry, we're here to help. Could you send us the email addresses of the members you're trying to add via DM? We'll check things backstage /CP https://t.co/ldFdZRiNAt",Just purchased the premium family plan but can't invite family members. Why is this complicated?,"Hey Marc! Sorry to hear that. Don't worry, we're here to help. Could you send us the email addresses of the members you're trying to add via DM? We'll check things backstage /CP",1
2479197,"Dear @115888 I know that you already have 60.000.000 subscribers, but if you make Spotify available in Slovenia, then yo'll have 60.000.001 subscribers! Just sayin' ...",2479195,@708524 Hi! We're launching in new countries as often as possible. Be sure to add your email at https://t.co/X8DVSX9QgM /SV,"Dear I know that you already have 60.000.000 subscribers, but if you make Spotify available in Slovenia, then yo'll have 60.000.001 subscribers! Just sayin' ...",Hi! We're launching in new countries as often as possible. Be sure to add your email at /SV,0
2344081,@115888 Why isn't spotify available in my country(Nepal)?Any plans to add it in future?,2344080,@677911 Hey! We're launching in new countries as often as possible. Be sure to add your email at https://t.co/X8DVSX9QgM /CP,Why isn't spotify available in my country(Nepal)?Any plans to add it in future?,Hey! We're launching in new countries as often as possible. Be sure to add your email at /CP,2
2728373,polygondwanaland suddenly not available after i'm done listen to it full on spotify lmao fix that shit now @SpotifyCares @118266,2728372,"@765008 Hi there! Fingers crossed we'll be able to have it soon, but there's info about Spotify content here: https://t.co/0i8GpimuDa /DV",polygondwanaland suddenly not available after i'm done listen to it full on spotify lmao fix that shit now,"Hi there! Fingers crossed we'll be able to have it soon, but there's info about Spotify content here: /DV",2
494245,@115888 when do we get our Top Songs of 2017 playlists? Best part of the year 😛,494244,"@232852 Hey there! We don't have any info on this right now, but we'll let the right team know it's something you'd like to see. Keep on rocking 🤘 /JZ",when do we get our Top Songs of 2017 playlists? Best part of the year 😛,"Hey there! We don't have any info on this right now, but we'll let the right team know it's something you'd like to see. Keep on rocking 🤘 /JZ",0
391821,"@208774 @115888 @SpotifyCares what the entire fuck is this, yakup https://t.co/FFlbxFsU7X",391820,"@208773 Hey there, that's not cool! We’re sorry to hear that. Check out https://t.co/QHn3ok8y2n for what to do next. Keep us in the loop /JX","what the entire fuck is this, yakup","Hey there, that's not cool! We’re sorry to hear that. Check out for what to do next. Keep us in the loop /JX",0
2776167,@SpotifyCares how long does the 3 months for 9.99 offer last till?,2776166,"@775708 Hi! The 3 months for the price of 1 is only available until the 31st of December. For more info, click here: https://t.co/oNcmYdCFmJ /AU",how long does the 3 months for 9.99 offer last till?,"Hi! The 3 months for the price of 1 is only available until the 31st of December. For more info, click here: /AU",6
272513,@117168 @115890 I can't login to my Spotify acct thru the Groove app to move my music over. Checked the credentials on my phone too,272517,@181049 1: Hi there! You'll be able to move your music from Groove to Spotify starting from the 9th of October. More info here...,I can't login to my Spotify acct thru the Groove app to move my music over. Checked the credentials on my phone too,1: Hi there! You'll be able to move your music from Groove to Spotify starting from the 9th of October. More info here...,5
2913819,Has @SpotifyCares been DDOSD or something what the fuck,2913818,@806603 Hey there! Everything should be running smoothly now. Let us know if this is still happening /LP,Has been DDOSD or something what the fuck,Hey there! Everything should be running smoothly now. Let us know if this is still happening /LP,0
820228,@115888 why arw my commercials on volume 16 and music on 8?,820226,@315389 Hi Stephen! What operating system and Spotify version are you running? Can you let us know which ads are too loud? /KL,why arw my commercials on volume 16 and music on 8?,Hi Stephen! What operating system and Spotify version are you running? Can you let us know which ads are too loud? /KL,5
1013938,@SpotifyCares They don’t work. Next/prev buttons are greyed out and the play button should be a pause button and doesn’t do anything,1013940,@359923 Okay. Could you DM us your account's username and email address? We'll take a look backstage /JX,They don’t work. Next/prev buttons are greyed out and the play button should be a pause button and doesn’t do anything,Okay. Could you DM us your account's username and email address? We'll take a look backstage /JX,6
2039893,"I see the lightning seeds catalogue on @115888 has been decimated &amp; their best track ""the life or riley"" #obv is no longer there. Tragic!",2039892,@603147 Hey Matt! Sometimes content gets temporarily removed due to licensing changes. More info here: https://t.co/0i8GpimuDa /AU,"I see the lightning seeds catalogue on has been decimated & their best track ""the life or riley"" #obv is no longer there. Tragic!",Hey Matt! Sometimes content gets temporarily removed due to licensing changes. More info here: /AU,0
1099873,@SpotifyCares No error messages. Just when my screen turns off the music will cut off for like a split second then continue then cut off again and again,1099874,"@379539 Got it. Have you tried logging out and back in to your account? Also, does restarting your device help at all? /NS",No error messages. Just when my screen turns off the music will cut off for like a split second then continue then cut off again and again,"Got it. Have you tried logging out and back in to your account? Also, does restarting your device help at all? /NS",5
1985514,@115888 hey. I have moved to Aus from UK. Tried to gift mother in law with 3 months but didn’t work. Changed bank card to Aus same problem,1985513,@587733 Hey George! Can you DM us your account's username and email address? We'll need the same details for your mother-in-law's account /JL https://t.co/ldFdZRiNAt,hey. I have moved to Aus from UK. Tried to gift mother in law with 3 months but didn’t work. Changed bank card to Aus same problem,Hey George! Can you DM us your account's username and email address? We'll need the same details for your mother-in-law's account /JL,0
1146225,"@118266 dear you, aku mau upgrade lagi ke premium karena pulsaku sempat abis tapi ga dapat pinnya padahal sudah berkali2 coba. Gimana ya?",1146223,"@389796 Hey there! We can help out in English via Twitter, but we also have Indonesian support via email at https://t.co/ZgU70TbP8M /PL","dear you, aku mau upgrade lagi ke premium karena pulsaku sempat abis tapi ga dapat pinnya padahal sudah berkali2 coba. Gimana ya?","Hey there! We can help out in English via Twitter, but we also have Indonesian support via email at /PL",7
2215972,WHERE'S THE ALBUM?! @115888 @118062 #reputation,2215971,"@647463 Hey there! Fingers crossed we'll be able to have it soon, but there's info about Spotify content here: https://t.co/0i8GpimuDa /LO",WHERE'S THE ALBUM?! #reputation,"Hey there! Fingers crossed we'll be able to have it soon, but there's info about Spotify content here: /LO",4
2402463,"@SpotifyCares It pisses me off seeing all of my downloads disappear. Used the app before I went to bed, tried to use it on my way to work and it had logged me out. Removed all my downloads so everything had to be re-downloaded. It has happened several times. And shuffle STILL DOES NOT SHUFFLE.",2402462,"@691175 Thanks for the info. Don't worry, we'll look into this. Can you DM us your account's email address? We'll check backstage /NY https://t.co/ldFdZRiNAt","It pisses me off seeing all of my downloads disappear. Used the app before I went to bed, tried to use it on my way to work and it had logged me out. Removed all my downloads so everything had to be re-downloaded. It has happened several times. And shuffle STILL DOES NOT SHUFFLE.","Thanks for the info. Don't worry, we'll look into this. Can you DM us your account's email address? We'll check backstage /NY",0
2545901,"@115888 it took you long enough but finally the lyrics are back and with an awesome improvement. Thank you, nois.",2545900,@723627 Hey! Thanks for the feedback. Be sure to give us a shout if you ever need us. We're always here to help /CB,"it took you long enough but finally the lyrics are back and with an awesome improvement. Thank you, nois.",Hey! Thanks for the feedback. Be sure to give us a shout if you ever need us. We're always here to help /CB,3
525703,"dear @SpotifyCares could you PLEASE PLEASE add ""Independent"" by Uppermost to Spotify itself, thank you so much if you do that.",525702,"@241626 Hey there! Fingers crossed we'll be able to have it soon, but there's info about Spotify content here: https://t.co/1dgftcFtzc /LO","dear could you PLEASE PLEASE add ""Independent"" by Uppermost to Spotify itself, thank you so much if you do that.","Hey there! Fingers crossed we'll be able to have it soon, but there's info about Spotify content here: /LO",3
1834567,Hey @SpotifyCares my music is fading completely out then coming back in. Any help,1834565,"@550247 Hey there! That doesn't sound right. What device, operating system, and app version are you using? We'll see what we can suggest /LP",Hey my music is fading completely out then coming back in. Any help,"Hey there! That doesn't sound right. What device, operating system, and app version are you using? We'll see what we can suggest /LP",5
374843,@SpotifyCares Thanks for the response!,374842,"@204884 No worries! If you need a hand with anything else, we're just a tweet away 🙂 /MG",Thanks for the response!,"No worries! If you need a hand with anything else, we're just a tweet away 🙂 /MG",8
1297697,"@115888 Guys, your ads are way too bright. Music sounds fine, then your ads pierce my ears. Chill out.",1297696,"@423261 Hey! Thanks for your feedback. Don't worry, we'll pass it on to our Ads team /RC","Guys, your ads are way too bright. Music sounds fine, then your ads pierce my ears. Chill out.","Hey! Thanks for your feedback. Don't worry, we'll pass it on to our Ads team /RC",5
912991,@SpotifyCares I have the app on my laptop and phone. So what shall I do with it if it is no use in Ghana,912993,"@336818 The app isn't currently available in Africa, but hopefully it will launch in your country soon. Any questions, give us a shout /ST",I have the app on my laptop and phone. So what shall I do with it if it is no use in Ghana,"The app isn't currently available in Africa, but hopefully it will launch in your country soon. Any questions, give us a shout /ST",5
2067167,"Spotify, y’all need some new copy editors. Don’t do my mans Tom Petty dirty by disrespecting his legacy with improper comma usage. https://t.co/m4drvpwIgf",2067165,"@262085 Hey Nick, thanks for the heads up! Don't worry, we've reported this to the right team. We're just a tweet away if you need anything else /CX","Spotify, y’all need some new copy editors. Don’t do my mans Tom Petty dirty by disrespecting his legacy with improper comma usage.","Hey Nick, thanks for the heads up! Don't worry, we've reported this to the right team. We're just a tweet away if you need anything else /CX",2
1900194,@SpotifyCares I am 101% sure,1900195,@566280 That's strange. We'll get this passed on to our devs so they can look into it. Give us a shout if you need anything else /AN,I am 101% sure,That's strange. We'll get this passed on to our devs so they can look into it. Give us a shout if you need anything else /AN,0
1910271,@115888 Hvordan ved i at man er studerende eller ej?,1910270,@569083 Hi Mathias! We hope you don't mind us replying in English. Can you let us know what country you're in? We'll see what we can suggest /WW,Hvordan ved i at man er studerende eller ej?,Hi Mathias! We hope you don't mind us replying in English. Can you let us know what country you're in? We'll see what we can suggest /WW,0
1060710,"@SpotifyCares It seems this issue is widely known and complained about (but never addressed or fixed despite this, sighhh): https://t.co/wVWS4uedMv",1060712,"@370437 We understand how you feel about it. Just to check, are you having the same issue with the widget on the pull-down menu of your device? /AY","It seems this issue is widely known and complained about (but never addressed or fixed despite this, sighhh):","We understand how you feel about it. Just to check, are you having the same issue with the widget on the pull-down menu of your device? /AY",0
747660,"@SpotifyCares You need to nix the 10,000 song limit in collections. I have over 15,000 songs in my Groove collection. #soweakdude",747662,@298731 We appreciate the feedback and will make sure it reaches the right folks. You can still play non-saved tracks: https://t.co/CgQOKu0Ddp 🙂 /L,"You need to nix the 10,000 song limit in collections. I have over 15,000 songs in my Groove collection. #soweakdude",We appreciate the feedback and will make sure it reaches the right folks. You can still play non-saved tracks: 🙂 /L,6
2964680,my spotify hasnt worked in two days im dyin without my music,2964678,@817967 Hey there! Does logging out then back in make any difference? Restarting your device might help too /NG,my spotify hasnt worked in two days im dyin without my music,Hey there! Does logging out then back in make any difference? Restarting your device might help too /NG,5
2864067,@115888 when will the full togenkyo album be uploaded,2864066,"@795551 Hey there! Fingers crossed we'll be able to have the full album soon, but there's info about Spotify content here: https://t.co/0i8GpimuDa /DD",when will the full togenkyo album be uploaded,"Hey there! Fingers crossed we'll be able to have the full album soon, but there's info about Spotify content here: /DD",4
353157,"@SpotifyCares Just switched from a S7 to S8...Facebook login takes me to a nonpremium account that has none if my playlists, songs etc.",353159,@199966 Thanks. Can you DM us your account's username or email address? We'll check backstage /AP https://t.co/ldFdZRiNAt,"Just switched from a S7 to S8...Facebook login takes me to a nonpremium account that has none if my playlists, songs etc.",Thanks. Can you DM us your account's username or email address? We'll check backstage /AP,9
2688599,@SpotifyCares my music doesn’t count down how much time is left in the song. How do I get that back?,2688597,"@755945 Hi Alexander! Don't worry, help's here. Can you let us know the device, operating system, and Spotify version you're using? We'll see what we can suggest /MT",my music doesn’t count down how much time is left in the song. How do I get that back?,"Hi Alexander! Don't worry, help's here. Can you let us know the device, operating system, and Spotify version you're using? We'll see what we can suggest /MT",6
2158594,"@SpotifyCares It said ""please wait"" sorry* 😂",2158593,@634059 Hmm. Can you try using an incognito window or a private browser? Let us know how it goes /AP,"It said ""please wait"" sorry* 😂",Hmm. Can you try using an incognito window or a private browser? Let us know how it goes /AP,0
2792136,@115888 why does your website keep timing out? Trying to update my billing info so you can get paid.,2792135,"@779249 Hey there! Are you getting any error messages? If so, can you send us a screenshot? We'll take a closer look /PB",why does your website keep timing out? Trying to update my billing info so you can get paid.,"Hey there! Are you getting any error messages? If so, can you send us a screenshot? We'll take a closer look /PB",7
2733046,"@SpotifyCares Hi - I have premium subs but the iOS app keeps putting it into shuffle mode, I've reinstalled the app and manually take it out of shuffle mode but it goes back in after the next track, can you help? Thanks! :)",2733045,"@766076 Hi Michael, help's here! Can you DM us your account's email address? We'll take a look backstage /DV https://t.co/ldFdZRiNAt","Hi - I have premium subs but the iOS app keeps putting it into shuffle mode, I've reinstalled the app and manually take it out of shuffle mode but it goes back in after the next track, can you help? Thanks! :)","Hi Michael, help's here! Can you DM us your account's email address? We'll take a look backstage /DV",5
1382807,@SpotifyCares If i can't listen to the music that i want then what is the point of evrn using your service instead of something else?,1382805,"@441825 2: more of those get higher when playing an album or single. Don't worry, we'll make sure your thoughts are passed on to the right team /MU",If i can't listen to the music that i want then what is the point of evrn using your service instead of something else?,"2: more of those get higher when playing an album or single. Don't worry, we'll make sure your thoughts are passed on to the right team /MU",5
1313116,@SpotifyCares restarting seemed to do the trick. Cheers! :),1313117,"@426798 Awesome, that's what we like to hear! If you need us again, just... https://t.co/AUc7DGJpgF /MA",restarting seemed to do the trick. Cheers! :),"Awesome, that's what we like to hear! If you need us again, just... /MA",0
1100172,"@SpotifyCares is there a way to stop every single ad I get being about going to university, its making me miserable so please stop it :(((((",1100171,"@379578 Hey there! Sorry, we didn't mean to cause any offense. We'll pass your feedback on to our Ads team /MT","is there a way to stop every single ad I get being about going to university, its making me miserable so please stop it :(((((","Hey there! Sorry, we didn't mean to cause any offense. We'll pass your feedback on to our Ads team /MT",0
2811828,"S/O to @115888 @125633 for verifying my artist account. 
#Spotify #DynamicApollo https://t.co/1ZY8m24mzk",2811827,"@784077 You're welcome, Dynamic Apollo! If you need us, just shout 🙂 /K",S/O to for verifying my artist account. #Spotify #DynamicApollo,"You're welcome, Dynamic Apollo! If you need us, just shout 🙂 /K",9
1793637,@115888 WHY AM I ONLY GETTING SUGGESTED SONGS I WANT TO LISTEN TO IDUBBZ NOT SAM SMOTH WTF,1793636,@539013 Hey there! The cavalry's here. Could you DM us your account's email address or username? We'll take a look under the hood /KB https://t.co/ldFdZRiNAt,WHY AM I ONLY GETTING SUGGESTED SONGS I WANT TO LISTEN TO IDUBBZ NOT SAM SMOTH WTF,Hey there! The cavalry's here. Could you DM us your account's email address or username? We'll take a look under the hood /KB,0
1822009,"Why can't I login anymore? I have never been abroad. Help me, please. @115888 @SpotifyCares https://t.co/61HB5A5air",1822008,"@546969 Hey there, we're here to help! Could you send us a DM with your account's email address and username? We'll take a look backstage /RV https://t.co/ldFdZRiNAt","Why can't I login anymore? I have never been abroad. Help me, please.","Hey there, we're here to help! Could you send us a DM with your account's email address and username? We'll take a look backstage /RV",0
1869189,@SpotifyCares sure thing! Spotify version 1.0.65.320.gac7a8e02 | macOS Sierra 10.12.6. Keep up the good work! Super &lt;3 @115888,1869191,"@558306 Awesome, thanks for your kind words!  Does logging out &gt; restarting the device &gt; logging back in help? Keep us posted /TB",sure thing! Spotify version 1.0.65.320.gac7a8e02 | macOS Sierra 10.12.6. Keep up the good work! Super <3,"Awesome, thanks for your kind words! Does logging out > restarting the device > logging back in help? Keep us posted /TB",2
2349666,@115888 It's ridiculous that I cannot see who follows my original playlists. Can you explain why this feature isn't available?,2349664,@679167 2: add your support to the idea in our Community: https://t.co/rXH5HEx9hM /CP,It's ridiculous that I cannot see who follows my original playlists. Can you explain why this feature isn't available?,2: add your support to the idea in our Community: /CP,5
1823938,@115888 @SpotifyCares it's been over an hour and no response.  What's up? https://t.co/wl2wCy5xQd,1823937,@547510 Hey David! Apologies for the delay. Can you send us a DM with your account's username or email address? We'll take a look backstage /CE https://t.co/ldFdZRiNAt,it's been over an hour and no response. What's up?,Hey David! Apologies for the delay. Can you send us a DM with your account's username or email address? We'll take a look backstage /CE,0
2227255,Is anyone elses Spotify app slightly broken?It won’t play certain albums/playlists/artists + if it does it will only play 1 song then stop?,2227253,"@218471 Hey there! That doesn't sound good. What device, operating system, and Spotify version are you using? We'll lend a hand /MV",Is anyone elses Spotify app slightly broken?It won’t play certain albums/playlists/artists + if it does it will only play 1 song then stop?,"Hey there! That doesn't sound good. What device, operating system, and Spotify version are you using? We'll lend a hand /MV",6
948048,"@SpotifyCares Autoplay is not available on OSX, correct?",948047,@344834 Hey Christophe! What OS X and Spotify versions are you using? We'll check things out /AY,"Autoplay is not available on OSX, correct?",Hey Christophe! What OS X and Spotify versions are you using? We'll check things out /AY,0
1528100,"@SpotifyCares LOL. props for the creativity, thanks guys !",1528102,@474442 We're always here for you! Have a great weekend 🙂 /SP,"LOL. props for the creativity, thanks guys !",We're always here for you! Have a great weekend 🙂 /SP,8
2825208,"@SpotifyCares Hit play &amp; it stops. Anything from 1 to 3 secs. Working fine now. Does happen 2 to 4 times a week. Sorts itself in mins to an hour, as you keep checking. Using an HP Spectre x2 laptop (detachable) Windows 10. I've looked through Settings for 'search for updates' but to avail.",2825210,"@787069 Thanks for the info. Just to check, are you using a shared/public or private WiFi connection? If you're at home, can you restart your router? Let us know how everything plays out /WP","Hit play & it stops. Anything from 1 to 3 secs. Working fine now. Does happen 2 to 4 times a week. Sorts itself in mins to an hour, as you keep checking. Using an HP Spectre x2 laptop (detachable) Windows 10. I've looked through Settings for 'search for updates' but to avail.","Thanks for the info. Just to check, are you using a shared/public or private WiFi connection? If you're at home, can you restart your router? Let us know how everything plays out /WP",6
1348051,"@434358 @327793 ale jak to zrobić 😕
bo chodzi o to, że pomyliłam i wybrałam opcję dla studentów, a studentem to ja nie jestem i mi pobrało, a premki nie ma",1348050,"@434357 @434358 @327793 Hi there, we've replied to your DM! We'll continue helping out over there 🙂 /DQ","ale jak to zrobić 😕 bo chodzi o to, że pomyliłam i wybrałam opcję dla studentów, a studentem to ja nie jestem i mi pobrało, a premki nie ma","Hi there, we've replied to your DM! We'll continue helping out over there 🙂 /DQ",0
1736388,"@115888 doesn't work since yesterday with my audio's chromecast. Pbm is on Android &amp; IOs. Other apps work well like youtube, tunein, gmusic",1736386,"@524221 Hey, help's here! Can you let us know which Android and iOS version you're running on the devices that you're using to cast? /MA","doesn't work since yesterday with my audio's chromecast. Pbm is on Android & IOs. Other apps work well like youtube, tunein, gmusic","Hey, help's here! Can you let us know which Android and iOS version you're running on the devices that you're using to cast? /MA",0
2264792,"Shoutout to @SpotifyCares, their help was awesome and fast. 🤙 great service guys!",2264791,@659256 Thanks for the feedback! It's music to our ears 🎶 /AK,"Shoutout to , their help was awesome and fast. 🤙 great service guys!",Thanks for the feedback! It's music to our ears 🎶 /AK,0
1535909,@SpotifyCares Thanks I figured it out.,1535908,@476233 Fantastic news! Give us a shout if you need anything else; we're always here to help 🙂 /BH,Thanks I figured it out.,Fantastic news! Give us a shout if you need anything else; we're always here to help 🙂 /BH,8
1167965,@SpotifyCares That was a good read makes me want to learn more about @115888 where can I find more information,1167967,@394726 A good place to start would be https://t.co/VXCRMeVz4o. Are you looking for anything specific? /JX,That was a good read makes me want to learn more about where can I find more information,A good place to start would be Are you looking for anything specific? /JX,0
985875,@SpotifyCares Without it being able to work with voice controls on Android auto it's next to useless to me,985877,@147352 We understand how you feel. We'd like to look more into this. Can you DM us your account's username or email address? /AP https://t.co/ldFdZR1cbT,Without it being able to work with voice controls on Android auto it's next to useless to me,We understand how you feel. We'd like to look more into this. Can you DM us your account's username or email address? /AP,0
2916605,@SpotifyCares I think your web player is down. My web player won't play any music.,2916604,@807293 HI Aashti! Everything should be running smoothly now. Let us know if this is still happening /CE,I think your web player is down. My web player won't play any music.,HI Aashti! Everything should be running smoothly now. Let us know if this is still happening /CE,6
401762,@SpotifyCares just got an email from you that my email address was changed with you. I didn't change it + now I can't log in. Please advise,401761,@211012 Hi Brad! We’re sorry to hear that. Check out Step 2 at https://t.co/QHn3ok8y2n for what to do next /NJ,just got an email from you that my email address was changed with you. I didn't change it + now I can't log in. Please advise,Hi Brad! We’re sorry to hear that. Check out Step 2 at for what to do next /NJ,9
1793467,@SpotifyCares problem is I don't remember how I wrote my address since the format used in my city and the format used by Spotify are different,1793466,"@538959 Hey Gaston! We're here to help. Can you DM us your account's email address, as well as the member's? We'll take a look under the hood /AN https://t.co/ldFdZRiNAt",problem is I don't remember how I wrote my address since the format used in my city and the format used by Spotify are different,"Hey Gaston! We're here to help. Can you DM us your account's email address, as well as the member's? We'll take a look under the hood /AN",0
2239775,Why doesn’t @115888 have Reputation yet?,2239774,"@653060 Hi Nicole! Taylor Swift's 'Reputation' isn't available to stream just yet. For now, check out the singles: https://t.co/3h0TnPWP0c /NY",Why doesn’t have Reputation yet?,"Hi Nicole! Taylor Swift's 'Reputation' isn't available to stream just yet. For now, check out the singles: /NY",0
147406,@SpotifyCares Okay thank you for checking.,147407,@149499 You're welcome! Let us know if you ever need us again. Have a great day 🙂 /WW,Okay thank you for checking.,You're welcome! Let us know if you ever need us again. Have a great day 🙂 /WW,3
2051672,"@SpotifyCares didn't realise my student Spotify had ran out because it was deleted from my calender somehow, do I cancel my sub then redo?",2051670,@606748 Hi Lauren! Could you send us your account's username or email address via DM? We'll take a look under the hood /LP https://t.co/ldFdZRiNAt,"didn't realise my student Spotify had ran out because it was deleted from my calender somehow, do I cancel my sub then redo?",Hi Lauren! Could you send us your account's username or email address via DM? We'll take a look under the hood /LP,2
89557,"@SpotifyCares Yes, completely removed and reinstalled both apps",89558,@135361 We've sent you a bit more info over DM /NG,"Yes, completely removed and reinstalled both apps",We've sent you a bit more info over DM /NG,0
575702,@SpotifyCares @147836 Finally able to send email address,575704,@255468 We've just replied to your DM 💚 /I,Finally able to send email address,We've just replied to your DM 💚 /I,9
1192385,Hey @SpotifyCares could you figure out why Lauren got charged this month and sort it out please? We’re all terribly concerned with this. https://t.co/CsRV21i6OJ,1192383,"@400255 Hey. We've checked backstage, and it appears everything has been sorted out. Thanks for the heads up! /AY",Hey could you figure out why Lauren got charged this month and sort it out please? We’re all terribly concerned with this.,"Hey. We've checked backstage, and it appears everything has been sorted out. Thanks for the heads up! /AY",0
2577804,@SpotifyCares I see you offer a Hulu deal with students... How come not a deal for other customers,2577803,@730878 Hi Richard! The Hulu bundle is available with the student discount. No worries - your feedback has been noted. We'll make sure to pass it on to the relevant folks /GT,I see you offer a Hulu deal with students... How come not a deal for other customers,Hi Richard! The Hulu bundle is available with the student discount. No worries - your feedback has been noted. We'll make sure to pass it on to the relevant folks /GT,0
306146,@SpotifyCares I don't want Spotify to load when I start up my computer. I changed the setting in settings but it still loads (Windows 10). I want to use Spotify but want to control when. Am a Groove user and will pay for premium if I can stop it.,306144,@189095 Hi Stephen! Can you let us know the exact Spotify version you're using? Did this happen after an update? We'll see what we can suggest /AU,I don't want Spotify to load when I start up my computer. I changed the setting in settings but it still loads (Windows 10). I want to use Spotify but want to control when. Am a Groove user and will pay for premium if I can stop it.,Hi Stephen! Can you let us know the exact Spotify version you're using? Did this happen after an update? We'll see what we can suggest /AU,2
2595616,@SpotifyCares can you give the option to scroll through the Popular songs? Switching from Napster and I liked this feature. https://t.co/AXMn7yqPS7,2595615,"@734951 Hi Angela! We don't have any info on this right now, but we'll let the right team know it's something you'd like to see /MT",can you give the option to scroll through the Popular songs? Switching from Napster and I liked this feature.,"Hi Angela! We don't have any info on this right now, but we'll let the right team know it's something you'd like to see /MT",5
800189,just stopped listening to music altogether because @115888's horror movie ads scare,800188,"@310669 Sorry, we didn't mean to scare you! We'll pass your feedback on to our Ads team /KM",just stopped listening to music altogether because 's horror movie ads scare,"Sorry, we didn't mean to scare you! We'll pass your feedback on to our Ads team /KM",5
2898323,@SpotifyCares hi! how can I change my payment due date? thanks!,2898322,"@270085 Hi Sasha! You can follow our guide at https://t.co/lACZUXGpnB on how to change your billing date. If there's anything else, just give us a shout /AU",hi! how can I change my payment due date? thanks!,"Hi Sasha! You can follow our guide at on how to change your billing date. If there's anything else, just give us a shout /AU",8
2852997,"@SpotifyCares I can't login, and it's saying CSRF token is invalid when I try and reset my password? What's happening! #help please DM me.",2852995,@768457 Hey there! Can you DM us your account's username and email address? We'll take a look backstage /SY https://t.co/ldFdZRiNAt,"I can't login, and it's saying CSRF token is invalid when I try and reset my password? What's happening! #help please DM me.",Hey there! Can you DM us your account's username and email address? We'll take a look backstage /SY,1
622878,I'm going to stop our @115888 family subscription because of the absolute garbage that Discover Weekly has turned into without offering the option of a reset of that list.,622877,"@267852 Hey Corine! Sorry to hear Discover Weekly hasn't been to your liking. It gets re-tuned every Monday. Your Discover Weekly should improve as it gets to know you. Check out &lt;inset Daily Mix, Fresh Finds, Release Radar&gt; in the meantime. Hope this helped /AL",I'm going to stop our family subscription because of the absolute garbage that Discover Weekly has turned into without offering the option of a reset of that list.,"Hey Corine! Sorry to hear Discover Weekly hasn't been to your liking. It gets re-tuned every Monday. Your Discover Weekly should improve as it gets to know you. Check out <inset Daily Mix, Fresh Finds, Release Radar> in the meantime. Hope this helped /AL",1
276967,"@SpotifyCares Even as I keep listening to the tracks, the ones near the bottom never become more readable, nor do any more songs show up in the list",276965,"@171765 We understand. Just to clarify, as you approach the bottom of the visible list more suggested songs will be loaded in to your Daily Mix /TY","Even as I keep listening to the tracks, the ones near the bottom never become more readable, nor do any more songs show up in the list","We understand. Just to clarify, as you approach the bottom of the visible list more suggested songs will be loaded in to your Daily Mix /TY",5
683201,@SpotifyCares My device is Samsung j7 android marshmallow version 6.0 I guess,683202,"@283047 Got it. Can you also let us know the Spotify version you’re using? To get the Spotify version on your device, tap on Your Library &gt; Settings &gt; About /RC",My device is Samsung j7 android marshmallow version 6.0 I guess,"Got it. Can you also let us know the Spotify version you’re using? To get the Spotify version on your device, tap on Your Library > Settings > About /RC",0
1980044,"@SpotifyCares Will do. Am in bed right now, as an in the UK, but will do as soon as I can. Thank you!",1980045,"@182222 You're welcome, and sounds like a great plan! Don't worry, we'll be waiting for your reply /ME","Will do. Am in bed right now, as an in the UK, but will do as soon as I can. Thank you!","You're welcome, and sounds like a great plan! Don't worry, we'll be waiting for your reply /ME",3
38971,@SpotifyCares You guys mixed up songs. Breezeblocks by Alt-J has been replaced with their other song Fitzpleasure. Both play the same song!,38968,@124511 Hey Angie! Can you send us the Song Link? Just tap the three dots &gt; Share &gt; Copy Link. We'll check it out /SY,You guys mixed up songs. Breezeblocks by Alt-J has been replaced with their other song Fitzpleasure. Both play the same song!,Hey Angie! Can you send us the Song Link? Just tap the three dots > Share > Copy Link. We'll check it out /SY,6
2131426,@115888 should add an option to be able to add our own personal files/songs to our playlists when we pay for premium,2131425,@627283 Hi Damian! You can add your local files to your playlists. More info here: https://t.co/SgMwFS1ONz. Hope this helps /XF,should add an option to be able to add our own personal files/songs to our playlists when we pay for premium,Hi Damian! You can add your local files to your playlists. More info here: Hope this helps /XF,5
2275515,But why aren’t The Hex girls on @115888,2275514,"@661845 Hey there! Fingers crossed we'll be able to have them soon, but there's info about Spotify content here: https://t.co/0i8GpimuDa /MO",But why aren’t The Hex girls on,"Hey there! Fingers crossed we'll be able to have them soon, but there's info about Spotify content here: /MO",0
2095636,"Hey @115888 why can't I play any songs from @2328 ? My Tuesday just isn't the same without ""Feeling Good""",2095635,"@619113 Hi there! Is the issue happening on all of his tracks? Also, can you DM us your account's username or email address? /JM https://t.co/ldFdZRiNAt","Hey why can't I play any songs from ? My Tuesday just isn't the same without ""Feeling Good""","Hi there! Is the issue happening on all of his tracks? Also, can you DM us your account's username or email address? /JM",6
2973971,@SpotifyCares I was wondering what are the chances of Spotify adding King Crimson’s discography/studio albums.,2973970,@820208 Hey there! We've just sent you a DM /NS,I was wondering what are the chances of Spotify adding King Crimson’s discography/studio albums.,Hey there! We've just sent you a DM /NS,2
315355,@115888  บัคลบเพลงที่Download ทิ้งหลายรอบละ ทั้งในมือถือกับ PC แม่มต้องเสียเวลาโหลด 500 กว่าเพลงใหม่อีก,315353,"@191285 Hey! We can help out in English via Twitter, but we also have Thai support via email at https://t.co/ZgU70TbP8M /MU",บัคลบเพลงที่Download ทิ้งหลายรอบละ ทั้งในมือถือกับ PC แม่มต้องเสียเวลาโหลด 500 กว่าเพลงใหม่อีก,"Hey! We can help out in English via Twitter, but we also have Thai support via email at /MU",0
1922620,@115888 you feelin strong? Auto play that Andy Grammar song that’s on 0 of my playlists one more time,1922619,"@572361 Hi Nelson! To reduce the number of Suggested Tracks you get, try adding more artists into your playlists. Hope this info helps /DR",you feelin strong? Auto play that Andy Grammar song that’s on 0 of my playlists one more time,"Hi Nelson! To reduce the number of Suggested Tracks you get, try adding more artists into your playlists. Hope this info helps /DR",6
1234868,@115888 i already pay for hulu  can i get spotify premium too if im not a student?,1234867,"@409636 Hi Deron. Don't worry, help's here. Can you DM us your username or email address so we can check? /JU https://t.co/ldFdZRiNAt",i already pay for hulu can i get spotify premium too if im not a student?,"Hi Deron. Don't worry, help's here. Can you DM us your username or email address so we can check? /JU",2
599468,also when is the day going to come when you can search by label on @116130,599467,"@262209 Hi there! Search results are based on popularity. No worries, we’ll get your feedback and suggestion passed onto the right team. /PB",also when is the day going to come when you can search by label on,"Hi there! Search results are based on popularity. No worries, we’ll get your feedback and suggestion passed onto the right team. /PB",0
606297,"@SpotifyCares Samsung Galaxy S7 using Android 7.0. I just updated my app today and tried uninstalling and reinstalling, so it is the most recent version",606296,@264090 Got it. Can you fire over your account's email address or username? We'll take a look backstage /PB,"Samsung Galaxy S7 using Android 7.0. I just updated my app today and tried uninstalling and reinstalling, so it is the most recent version",Got it. Can you fire over your account's email address or username? We'll take a look backstage /PB,0
704798,@SpotifyCares I just updated my payment info why did it charge my card twice for my student account😪,704797,"@288447 Hey there, that's not cool! Could you shoot us a DM with your account's username and email address? We'll take a look backstage /VK https://t.co/ldFdZRiNAt",I just updated my payment info why did it charge my card twice for my student account😪,"Hey there, that's not cool! Could you shoot us a DM with your account's username and email address? We'll take a look backstage /VK",9
2063675,@117153 I need help DM Asap 😭,2063674,"@379995 Hey Trav, help's here! Can you DM us your account's email address and username as well as some details about what's happening? /MQ https://t.co/ldFdZRiNAt",I need help DM Asap 😭,"Hey Trav, help's here! Can you DM us your account's email address and username as well as some details about what's happening? /MQ",0
2560580,@115888 When will the app be updated to take advantage of the iPhone X screen?,2560579,@199822 Hey Mike! We understand and we’re working on it as we speak. Be sure to stay tuned /CG,When will the app be updated to take advantage of the iPhone X screen?,Hey Mike! We understand and we’re working on it as we speak. Be sure to stay tuned /CG,0
658163,"@SpotifyCares Well, it is fixed now. Thank you.",658162,@276696 No worries! Just give us a shout if you need us again. We're... https://t.co/zOXI69QSqg 🙂 /CG,"Well, it is fixed now. Thank you.",No worries! Just give us a shout if you need us again. We're... 🙂 /CG,3
803201,"@SpotifyCares also, I tried to reset my password and the link you sent me isn't valid...",803200,"@311397 Hey there, help's here! Can you DM us your account's username and email address? We'll take a look backstage /TF","also, I tried to reset my password and the link you sent me isn't valid...","Hey there, help's here! Can you DM us your account's username and email address? We'll take a look backstage /TF",0
1043579,Hey @115888 need the app to update for iPhone X,1043578,"@366782 Hey there! We understand - we’re working on it as we speak. Stay tuned. For anything else, let us know /GU",Hey need the app to update for iPhone X,"Hey there! We understand - we’re working on it as we speak. Stay tuned. For anything else, let us know /GU",0
1110974,@SpotifyCares I need help!!!! I bought an ITunes card and wanted to buy Spotify premium with it. I don’t know how to? Anyone help?????,1110973,@382209 Hi! We've just sent you a bit more info over DM. We'll carry on helping out there /NQ,I need help!!!! I bought an ITunes card and wanted to buy Spotify premium with it. I don’t know how to? Anyone help?????,Hi! We've just sent you a bit more info over DM. We'll carry on helping out there /NQ,2
2286590,@SpotifyCares Voted. &amp; I get that 10k+ users are less than 1%. I disagree that solving the 1% problem in this case would compromise the 99%. @323679,2286589,"@664409 We appreciate your feedback! Don't worry, the relevant folks have their eye on this, and we'll definitely pass your comments on ✌️ /GS",Voted. & I get that 10k+ users are less than 1%. I disagree that solving the 1% problem in this case would compromise the 99%.,"We appreciate your feedback! Don't worry, the relevant folks have their eye on this, and we'll definitely pass your comments on ✌️ /GS",0
2910943,@115888 Hey I’m getting a bit desperate now - have a new phone but don’t remember my email/username for my premium account! Help?,2910942,"@805851 Hey Sophie! Don't worry, we'll help out. We'd like to share more info with you. Can you send us a DM instead? /DQ https://t.co/ldFdZRiNAt",Hey I’m getting a bit desperate now - have a new phone but don’t remember my email/username for my premium account! Help?,"Hey Sophie! Don't worry, we'll help out. We'd like to share more info with you. Can you send us a DM instead? /DQ",9
2432999,"@SpotifyCares Is there an issue with streaming right now?  I'm getting the ""Can't play the current song"" error no matter what I try to play, on desktop client and mobile app",2433000,"@698239 1: Hey! Can you let us know the device, OS, and Spotify version you’re using? Also, can you try logging out, restarting the app, then...","Is there an issue with streaming right now? I'm getting the ""Can't play the current song"" error no matter what I try to play, on desktop client and mobile app","1: Hey! Can you let us know the device, OS, and Spotify version you’re using? Also, can you try logging out, restarting the app, then...",6
1103926,Can someone explain to me why @115888 says common problem by @47615 is explicit?👀,1103925,@380510 Hey there! We present the music as to how it was submitted to us by the label/distributor. Hope this clears things up /LO,Can someone explain to me why says common problem by is explicit?👀,Hey there! We present the music as to how it was submitted to us by the label/distributor. Hope this clears things up /LO,0
2942705,spotify needs an option to block certain artists so you never have to hear them on random playlists @115888,2942704,"@813001 Hey, we can see how that’d be useful! You can vote for the official idea here: https://t.co/71dsLrmUvO /JM",spotify needs an option to block certain artists so you never have to hear them on random playlists,"Hey, we can see how that’d be useful! You can vote for the official idea here: /JM",0
716685,"@SpotifyCares I feel like a dork, but I just turned my phone on and off again and now it works 😂",716684,"@291536 No worries! If you need us again, just... https://t.co/AUc7DGJpgF /RV","I feel like a dork, but I just turned my phone on and off again and now it works 😂","No worries! If you need us again, just... /RV",5
1593663,"@SpotifyCares Factory reset the several times, connected it to diffrent networks, unplugged it. Slackerradio works perfect. Ive done everything i can do",1593666,"@163532 1: We understand how you feel. Do you have available firmware updates for your Chromecast Audio? If so, installing them can help.","Factory reset the several times, connected it to diffrent networks, unplugged it. Slackerradio works perfect. Ive done everything i can do","1: We understand how you feel. Do you have available firmware updates for your Chromecast Audio? If so, installing them can help.",0
283245,@SpotifyCares Ok. https://t.co/cZdR96mni7 is not the same artist as https://t.co/CfWxMbUau9,283246,@183478 Alright. We've passed this on too. Great detective work! https://t.co/LpsmyUtme0 /AY,Ok. is not the same artist as,Alright. We've passed this on too. Great detective work! /AY,0
142170,"@SpotifyCares yes. if i close the app it will stop the music, snapchat will stop it, and text messages will also stop.",142169,@148080 Got it. Let's try reinstalling Spotify following these steps:https://t.co/3FU57oyTNJ. Let us know how it goes /JI,"yes. if i close the app it will stop the music, snapchat will stop it, and text messages will also stop.",Got it. Let's try reinstalling Spotify following these steps: Let us know how it goes /JI,5
1752914,@SpotifyCares works fine on MacOS on the same network https://t.co/vcc3MlkxUL,1752915,@528047 Thanks for sending that over! We're currently looking into this at the moment. Hopefully we'll have a fix soon /CG,works fine on MacOS on the same network,Thanks for sending that over! We're currently looking into this at the moment. Hopefully we'll have a fix soon /CG,0
244335,@SpotifyCares No tried it a dozen times. Even uninstall it and reinstalled it multiple times,244336,"@174039 Thanks for letting us know. Does it happen over 3G/4G, WiFi, or both? /SY",No tried it a dozen times. Even uninstall it and reinstalled it multiple times,"Thanks for letting us know. Does it happen over 3G/4G, WiFi, or both? /SY",0
1521359,"@SpotifyCares thanks for caring !! Yes, I tried that too.. it starts with this view.... https://t.co/H4Mgvd7xTy https://t.co/UmGUuTV24U",1521361,"@472890 Sure, we're always here to help! Does logging out, restarting your device, and logging back in make any difference at all? /JE","thanks for caring !! Yes, I tried that too.. it starts with this view....","Sure, we're always here to help! Does logging out, restarting your device, and logging back in make any difference at all? /JE",8
147378,@115888 Whhhhaattt ? My library isn't unlimited ?? https://t.co/AgjVsgpfZi,147377,@149487 Hi Michelle! There's currently a 10k limit in Your Music (Songs + Albums + Artists). More info here: https://t.co/59ABtm5Ftl /AU,Whhhhaattt ? My library isn't unlimited ??,Hi Michelle! There's currently a 10k limit in Your Music (Songs + Albums + Artists). More info here: /AU,5
1821111,just kidding I reinstalled spotify &amp; it is fixed 😂,1821110,"@546725 Hey there, sorry for the delay. We're glad that worked for you! If you ever need anything else, just shout and we'll come running 🏃 /JX",just kidding I reinstalled spotify & it is fixed 😂,"Hey there, sorry for the delay. We're glad that worked for you! If you ever need anything else, just shout and we'll come running 🏃 /JX",2
126899,@115888 Why i cant use my topup to buy the premium?,700442,@287164 Hi there! We've just replied to your DM. Let's continue chatting there 🙂 /JP,Why i cant use my topup to buy the premium?,Hi there! We've just replied to your DM. Let's continue chatting there 🙂 /JP,7
1942585,"@SpotifyCares it seems that my account has been hacked, got an email address change notification and it wasn't me who did it...how do I fix?",1942584,"@577618 Hey, that's not cool! Could you send us a DM with your account's email address or username? We'll take a look backstage /CH https://t.co/ldFdZRiNAt","it seems that my account has been hacked, got an email address change notification and it wasn't me who did it...how do I fix?","Hey, that's not cool! Could you send us a DM with your account's email address or username? We'll take a look backstage /CH",9
2175400,@115888 You have SCANDAL but sadly not their best album yellow available in Germany :-(,2175399,"@637762 Hi there! Fingers crossed we'll be able to have it soon, but there's info about Spotify content here: https://t.co/0i8GpimuDa /DV",You have SCANDAL but sadly not their best album yellow available in Germany :-(,"Hi there! Fingers crossed we'll be able to have it soon, but there's info about Spotify content here: /DV",4
2031077,@SpotifyCares What's the point of even paying for Premium if music is not going to be readily available for offline listening?,2031076,@147346 Hey. Sorry to hear this has happened again. Our tech team are still on the case as we speak. We'll pass on an update once we have one /K,What's the point of even paying for Premium if music is not going to be readily available for offline listening?,Hey. Sorry to hear this has happened again. Our tech team are still on the case as we speak. We'll pass on an update once we have one /K,5
1868960,@115888 please bring back Julion Alvarez's music. I want to cry to his playlists on my way to work. 😭,1868959,@558248 Hey! Sometimes content gets temporarily removed because of licensing changes. Hopefully we'll have it available again soon /RA,please bring back Julion Alvarez's music. I want to cry to his playlists on my way to work. 😭,Hey! Sometimes content gets temporarily removed because of licensing changes. Hopefully we'll have it available again soon /RA,5
1420742,@SpotifyCares  My son can't verify his address on our family account. He's at college right now.  Please help!  I'm doctorjonms,1420741,"@450299 Hi Jon. Don't worry, help's here. Can you DM us either his username or email address so we can check? /JU https://t.co/ldFdZRiNAt",My son can't verify his address on our family account. He's at college right now. Please help! I'm doctorjonms,"Hi Jon. Don't worry, help's here. Can you DM us either his username or email address so we can check? /JU",9
2523560,"@SpotifyCares Been there, done that my friend !
Still clueless and incapable of preventing that from happening again and again...",2523562,"@718650 Just to confirm, have you already gotten in touch with someone from our Chat team? If not, we'd suggest heading to https://t.co/EQsHGd5NCy &gt; selecting Logging in &gt; I can't log in to Spotify &gt; I STILL NEED HELP. They should be able to help with this /RH","Been there, done that my friend ! Still clueless and incapable of preventing that from happening again and again...","Just to confirm, have you already gotten in touch with someone from our Chat team? If not, we'd suggest heading to > selecting Logging in > I can't log in to Spotify > I STILL NEED HELP. They should be able to help with this /RH",0
689531,@SpotifyCares #boycottSpotify x lol jkz x lysm 💘,689532,@284768 We love you too! https://t.co/9uk1eBP2u1 /PB,#boycottSpotify x lol jkz x lysm 💘,We love you too! /PB,0
203097,@115888 @116130 @SpotifyCares Any reason why this keeps happening? I have refreshed the page! https://t.co/jw3U3Bmlso,203096,"@164060 Hey Nick, that's not cool! Can you try using a private or incognito window to see if that helps? Let us know how it goes /JE",Any reason why this keeps happening? I have refreshed the page!,"Hey Nick, that's not cool! Can you try using a private or incognito window to see if that helps? Let us know how it goes /JE",0
2042468,"@SpotifyCares Main problems: playlists aren't available, there tends to be glitching with the keyboard when searching, and you can't repeat one song.",2042470,"@603968 2: As for the other issues, does reinstalling the app make any difference? /KB","Main problems: playlists aren't available, there tends to be glitching with the keyboard when searching, and you can't repeat one song.","2: As for the other issues, does reinstalling the app make any difference? /KB",6
2289779,"@117153 i have a charge in my debit card but my premium service isnt’ available yet, can u help me???",2289778,@665204 Hi there! Can you DM us your account's email address or username? We'll take a look backstage /NQ https://t.co/ldFdZRiNAt,"i have a charge in my debit card but my premium service isnt’ available yet, can u help me???",Hi there! Can you DM us your account's email address or username? We'll take a look backstage /NQ,7
2599169,@SpotifyCares Holiday and BOBD is finally split haha THANK YOU!!!!!!!! https://t.co/XS76Z6UZlG,2599168,"@214265 You're welcome! If you ever need us again, just give us a shout. https://t.co/m4HWSbgHVZ 🙂 /LO",Holiday and BOBD is finally split haha THANK YOU!!!!!!!!,"You're welcome! If you ever need us again, just give us a shout. 🙂 /LO",3
822277,@SpotifyCares My account was downgraded from premium to free even though it was paid for. I can’t use my playlists and so on,822276,@315856 That's not cool. Can you DM us your account's email address and username? We'll take a look backstage /SU https://t.co/ldFdZRiNAt,My account was downgraded from premium to free even though it was paid for. I can’t use my playlists and so on,That's not cool. Can you DM us your account's email address and username? We'll take a look backstage /SU,7
162216,@SpotifyCares Fix the comments not appearing on the lossless audio idea. Tried it on multiple browsers. The last few pages on comments don't appear.. https://t.co/CQkqpI1ZuV,162214,"@153448 Hey, that's not cool! Could you try using an incognito window to search the Community and see if the pages appear? Let us know how it goes /JZ",Fix the comments not appearing on the lossless audio idea. Tried it on multiple browsers. The last few pages on comments don't appear..,"Hey, that's not cool! Could you try using an incognito window to search the Community and see if the pages appear? Let us know how it goes /JZ",0
1681230,@SpotifyCares I think theres no problem if i will resync it again. 🙂__email__ 🙂,1681231,@511158 We'd suggest deleting the previous tweet since it contains private info. Could you DM us instead? /JS https://t.co/ldFdZRiNAt,I think theres no problem if i will resync it again. 🙂__email__ 🙂,We'd suggest deleting the previous tweet since it contains private info. Could you DM us instead? /JS,0
1222867,"@SpotifyCares They did on the device, but only until I had a proper connection again.",1222868,@406951 Thanks! We've passed this info onto our tech team. Hopefully we'll have an update for you soon /K,"They did on the device, but only until I had a proper connection again.",Thanks! We've passed this info onto our tech team. Hopefully we'll have an update for you soon /K,0
2380919,@SpotifyCares Apparently I can't screenshot an app on @115786 so here are pics from my phone. These are the three tabs I see when searching. Hoping for an artist tab so I can shuffle all their music. https://t.co/YbucAALXHY,2380921,"@686484 We tried to make the app as streamlined as possible, so you can focus on your gaming. Thanks for the feedback /MG",Apparently I can't screenshot an app on so here are pics from my phone. These are the three tabs I see when searching. Hoping for an artist tab so I can shuffle all their music.,"We tried to make the app as streamlined as possible, so you can focus on your gaming. Thanks for the feedback /MG",5
1991728,"@SpotifyCares Artist: spotify:artist:78XLiUvZTJiY3Sj0nIZRou
Invalid Album: spotify:album:5dLCJNnsjIQ6cF16XGovkU

Album is by: https://t.co/snjsiuqyIJ",1991730,@589455 Thanks. We'll get this reported. Great detective work! https://t.co/LpsmyUtme0 🙂 /AR,Artist: spotify:artist:78XLiUvZTJiY3Sj0nIZRou Invalid Album: spotify:album:5dLCJNnsjIQ6cF16XGovkU Album is by:,Thanks. We'll get this reported. Great detective work! 🙂 /AR,4
1645296,"@SpotifyCares OK. Thanks. If I wanted to import my existing iTunes to Spotify, how do I do it? Done in the past ages ago but want to copy latest. File-&gt; Import Playlists-&gt; iTunes does nothing",1645295,"@421353 There's more about this under ""Can I import my iTunes library?"" here: https://t.co/SgMwFS1ONz. Hope that helps /NQ","OK. Thanks. If I wanted to import my existing iTunes to Spotify, how do I do it? Done in the past ages ago but want to copy latest. File-> Import Playlists-> iTunes does nothing","There's more about this under ""Can I import my iTunes library?"" here: Hope that helps /NQ",8
1193643,@SpotifyCares But why that one album? Specifics plz,1193644,@199701 We're afraid we don't have any more info to share. We'd recommend getting in touch with their distributors if you want to know more /PB,But why that one album? Specifics plz,We're afraid we don't have any more info to share. We'd recommend getting in touch with their distributors if you want to know more /PB,4
827531,where did the replay button go? @115888 https://t.co/iJ5Ml0BLrb,827532,"@317121 2: You can find the Repeat button when you listen from an album, your playlists, or Your Library. We hope this clears things up 🙂 /CH",where did the replay button go?,"2: You can find the Repeat button when you listen from an album, your playlists, or Your Library. We hope this clears things up 🙂 /CH",0
137177,@115888 How many devices can premium be on ?,642115,"@272397 All users can log in to multiple devices, and Premium users can download offline tunes on 3 different devices. This to make sure the app runs smoothly. Hope that clears things up /JE",How many devices can premium be on ?,"All users can log in to multiple devices, and Premium users can download offline tunes on 3 different devices. This to make sure the app runs smoothly. Hope that clears things up /JE",7
1824310,@SpotifyCares Why isn't @61464 on Spotify? You guys are slacking🌊,1824309,"@547632 Hey Julian! We’d love to have every song available, but we have some info about missing content here: https://t.co/0i8GpimuDa /KL",Why isn't on Spotify? You guys are slacking🌊,"Hey Julian! We’d love to have every song available, but we have some info about missing content here: /KL",2
268789,@SpotifyCares I mistook street number for the one on the street sign and entered the block number... yeah my bad...,268788,@180084 Hey there! Can you DM us your account's email address? We'll see what we can suggest /GS https://t.co/ldFdZRiNAt,I mistook street number for the one on the street sign and entered the block number... yeah my bad...,Hey there! Can you DM us your account's email address? We'll see what we can suggest /GS,0
1928731,"@115888 I need a refund from you guys,  I cancelled my service with you,  two months ago.",1928730,"@291499 Hey, help's here! Did you got charged again? Also, can you DM us your account's email address? We'll take a look backstage /SJ https://t.co/ldFdZRiNAt","I need a refund from you guys, I cancelled my service with you, two months ago.","Hey, help's here! Did you got charged again? Also, can you DM us your account's email address? We'll take a look backstage /SJ",0
1209247,@SpotifyCares I can't log in to my account!,1209246,"@403880 Hey there, we've just replied to your DM. Check it out /SX",I can't log in to my account!,"Hey there, we've just replied to your DM. Check it out /SX",9
1999837,@115888 please get a better shuffle algorithm or I’m switching to @115948 ....,1999836,"@591318 Hey. We’ve recently made some improvements to our shuffle algorithm, but we’d love to hear your feedback here: https://t.co/T3vZnSL3od /RH",please get a better shuffle algorithm or I’m switching to ....,"Hey. We’ve recently made some improvements to our shuffle algorithm, but we’d love to hear your feedback here: /RH",0
1111321,@SpotifyCares id like to know if there was a way to get shuffle to actually work,1111322,@382302 1: We’ve recently made some improvements to our shuffle algorithm. We’d love to hear your feedback here: https://t.co/T3vZnSL3od. At...,id like to know if there was a way to get shuffle to actually work,1: We’ve recently made some improvements to our shuffle algorithm. We’d love to hear your feedback here: At...,0
257840,"@SpotifyCares Win 10 Pro 64 bit
1.0.64.399.g4637b02a",257842,"@165995 Thanks! Are you getting any error messages? If so, can you send us a screenshot for us to check? /SY",Win 10 Pro 64 bit 1.0.64.399.g4637b02a,"Thanks! Are you getting any error messages? If so, can you send us a screenshot for us to check? /SY",0
566308,@SpotifyCares My spotify premium keeps going to the free one and I don't have any of my playlists.  This is happening on all of my devices.  I emailed support and they said they would get back with me.  How long does it normally take to get back with me? reference #  10062461.,566307,@252757 Hey there! Can you DM us your account's username or email address? We'll take a look backstage /AP https://t.co/ldFdZRiNAt,My spotify premium keeps going to the free one and I don't have any of my playlists. This is happening on all of my devices. I emailed support and they said they would get back with me. How long does it normally take to get back with me? reference # 10062461.,Hey there! Can you DM us your account's username or email address? We'll take a look backstage /AP,2
1060690,@SpotifyCares 2) Suggests maybe that either adds or the menues themselves are the problem. Or maybe it loads multiple instances of the track,1060694,@370431 Can you fire over your account's email address or username via DM? We'll take a look backstage /RC,2) Suggests maybe that either adds or the menues themselves are the problem. Or maybe it loads multiple instances of the track,Can you fire over your account's email address or username via DM? We'll take a look backstage /RC,0
1818165,"Hey @115888 this is bad design.
Giving the option ""Open Spotify"" to people who do not have the app + ""Get Spotify"" to those already have. https://t.co/sHj1kvLoOJ",1818164,"@546135 Hi, we appreciate your feedback! Don't worry, we'll make sure to pass this on to the right team. Let us know if you have other questions /GK","Hey this is bad design. Giving the option ""Open Spotify"" to people who do not have the app + ""Get Spotify"" to those already have.","Hi, we appreciate your feedback! Don't worry, we'll make sure to pass this on to the right team. Let us know if you have other questions /GK",2
2627942,"@SpotifyCares 
Why is suggested songs the only ones that play on my playlists???",2627941,"@742229 Hey, that doesn't sound right. Can you DM us your account's email address so we can take a look backstage? /RR https://t.co/ldFdZRiNAt",Why is suggested songs the only ones that play on my playlists???,"Hey, that doesn't sound right. Can you DM us your account's email address so we can take a look backstage? /RR",6
1809146,"@SpotifyCares hi, I have Spotify charges on my credit card. Although, I never signed up for it...",1809145,@543509 Hey there! Can you DM us any email addresses or usernames you may have signed up with? We'll take a look backstage /SU https://t.co/ldFdZRiNAt,"hi, I have Spotify charges on my credit card. Although, I never signed up for it...",Hey there! Can you DM us any email addresses or usernames you may have signed up with? We'll take a look backstage /SU,2
116616,@117153 it still doesn't work for me,634055,"@270317 Hey Jazmin, help's here! Could you DM us exactly what's happening? We'll see what we can suggest /CG https://t.co/ldFdZRiNAt",it still doesn't work for me,"Hey Jazmin, help's here! Could you DM us exactly what's happening? We'll see what we can suggest /CG",0
2457942,"@SpotifyCares Hello, looks like there's a letter missing in the track title. Should be 'Sequential' https://t.co/xlIqtUy2Ge",2457941,@156304 Thanks. We'll get this reported. Great detective work! https://t.co/LpsmyUtme0 /LO,"Hello, looks like there's a letter missing in the track title. Should be 'Sequential'",Thanks. We'll get this reported. Great detective work! /LO,0
1466218,i finally stopped being stingy and subscribed to spotify premium,1466217,"@460323 Hey! Fingers crossed we'll be able to have it soon, but there's info about Spotify content here: https://t.co/0i8GpimuDa /DF",i finally stopped being stingy and subscribed to spotify premium,"Hey! Fingers crossed we'll be able to have it soon, but there's info about Spotify content here: /DF",2
527819,@115888 IS THE ABSOLUTE WORST !!,527818,@242176 Hey Laney! We're here to help. Can you let us know what's happening exactly! We'll see what we can suggest /KM,IS THE ABSOLUTE WORST !!,Hey Laney! We're here to help. Can you let us know what's happening exactly! We'll see what we can suggest /KM,0
2283032,"@SpotifyCares I can't find the e-mail address used for my account, I only have the user name.I am paying monthly for Premium service",2283031,"@89518 Hey Ray, help's here! Can you DM us your account's username? We'll take a look backstage /CG https://t.co/ldFdZRiNAt","I can't find the e-mail address used for my account, I only have the user name.I am paying monthly for Premium service","Hey Ray, help's here! Can you DM us your account's username? We'll take a look backstage /CG",9
2364805,@SpotifyCares Is there a way to set it so that it automatically goes into offline mode when I'm just on 4G? Because I could do that before I updated the app - have you removed that feature?,2364807,@682732 We're afraid this isn't possible right now. You can help make it happen by supporting a similar idea here: https://t.co/QHLj0gbWMO /NS,Is there a way to set it so that it automatically goes into offline mode when I'm just on 4G? Because I could do that before I updated the app - have you removed that feature?,We're afraid this isn't possible right now. You can help make it happen by supporting a similar idea here: /NS,5
1067194,@SpotifyCares It just won’t play for me. Say if I were to chose a different playlist and my playlist I was playing before was working the new one won’t,1067196,"@371844 Are you getting this issue only on that specific artist? Also, does it only happen when you're on shuffle? /GS",It just won’t play for me. Say if I were to chose a different playlist and my playlist I was playing before was working the new one won’t,"Are you getting this issue only on that specific artist? Also, does it only happen when you're on shuffle? /GS",6
680587,"@SpotifyCares Hi, someone else in my building keeps changing over the device to their fire tv stick and I'd like it blocked, thank you.",680585,"@282397 Hi Ben, help's arrived! Can you DM us your account's email address? We'll take a look backstage /DV https://t.co/ldFdZRiNAt","Hi, someone else in my building keeps changing over the device to their fire tv stick and I'd like it blocked, thank you.","Hi Ben, help's arrived! Can you DM us your account's email address? We'll take a look backstage /DV",3
502647,@115888 my brother set up an account with her bank card without her knowing and she can't cancel because she doesn't know his account to cancel,502646,"@235091 Hi Tracy, help's arrived! Could you DM us the first 6 and last 4 digits of the card as well as her date of birth? For her security, please don't share the full 16 digits of the card. We'll take a look backstage /JQ https://t.co/ldFdZRiNAt",my brother set up an account with her bank card without her knowing and she can't cancel because she doesn't know his account to cancel,"Hi Tracy, help's arrived! Could you DM us the first 6 and last 4 digits of the card as well as her date of birth? For her security, please don't share the full 16 digits of the card. We'll take a look backstage /JQ",9
399539,Thanks @SpotifyCares You made my day https://t.co/M02MiPe0FN,399538,"@207311 https://t.co/rkpsuGlCiy! If you ever need anything else, just shout and we'll come running 🏃 /TR",Thanks You made my day,"If you ever need anything else, just shout and we'll come running 🏃 /TR",8
2705146,@SpotifyCares is the spotify without premium upgrade compleetly free without any end trial date?,2705145,"@759754 Hey, help's here! You're correct. You can use Spotify Free as long as you like. There's more info about this here: https://t.co/MInQRSMgzZ /DB",is the spotify without premium upgrade compleetly free without any end trial date?,"Hey, help's here! You're correct. You can use Spotify Free as long as you like. There's more info about this here: /DB",2
66017,"@SpotifyCares apparently, you care, so how about it?",66016,@131101 Hi Max! You can help make it happen in the very near future by voting for a similar idea here: https://t.co/CdI1SY9KZE :) /UF,"apparently, you care, so how about it?",Hi Max! You can help make it happen in the very near future by voting for a similar idea here: :) /UF,0
2095200,"@SpotifyCares Need a feature to make spotify play until a set time, for when we want to sleep for example. Please? https://t.co/8OD8aTEsob",2095199,@618984 Hey Alex! A sleep timer is a great idea. Help make it happen by adding support here: https://t.co/pMmX7wXq24 🙂 /AY,"Need a feature to make spotify play until a set time, for when we want to sleep for example. Please?",Hey Alex! A sleep timer is a great idea. Help make it happen by adding support here: 🙂 /AY,6
1870997,@115888 can you please stop losing all of my downloaded songs on pc? thank you,1870995,@558770 Sorry to hear that! Check out the steps under “Downloads unexpectedly removed” at https://t.co/38J7tFlIBF. They should help with this 🙂 /CG,can you please stop losing all of my downloaded songs on pc? thank you,Sorry to hear that! Check out the steps under “Downloads unexpectedly removed” at They should help with this 🙂 /CG,3
2731509,Shame on you @115888 for not having Shadow of the Colossus' and Senna's OST. Shame on you.,2731508,"@765730 Hey, we'd love to have them on Spotify! Hopefully we will in the future. Check this out: https://t.co/MEjmIRL2eB /PB",Shame on you for not having Shadow of the Colossus' and Senna's OST. Shame on you.,"Hey, we'd love to have them on Spotify! Hopefully we will in the future. Check this out: /PB",0
2294415,@SpotifyCares I messed up and forgot to tell y’all that I’m still a student and now I have .03 cents in my account 😭,2294414,"@666244 Hey, that's not cool! Can you DM us your account's email address or username? We'll take a look backstage /MT https://t.co/ldFdZRiNAt",I messed up and forgot to tell y’all that I’m still a student and now I have .03 cents in my account 😭,"Hey, that's not cool! Can you DM us your account's email address or username? We'll take a look backstage /MT",9
1299697,"@115888 love this week's recommended music playlist, any buttons I can press on the app to ensure more of the same style next week?",1299695,"@423773 2: In the meantime, just keep listening to your favorite artists. You’ll mainly hear tunes you already love /RB","love this week's recommended music playlist, any buttons I can press on the app to ensure more of the same style next week?","2: In the meantime, just keep listening to your favorite artists. You’ll mainly hear tunes you already love /RB",6
2710069,@SpotifyCares my Spotify is saying I need to pay for my premium but it’s already taken the money out of my bank?,2710068,@760981 Hey Megan! Help's here. Can you DM us your account's email address? We'll take a look backstage /MG https://t.co/ldFdZRiNAt,my Spotify is saying I need to pay for my premium but it’s already taken the money out of my bank?,Hey Megan! Help's here. Can you DM us your account's email address? We'll take a look backstage /MG,2
649938,"@SpotifyCares @139985 Well, here is a response.",649939,"@274514 Hey Bennie, we understand. Sometimes content gets temporarily removed because of licensing changes. Hopefully we'll have it available again soon! We're here for you /TI","Well, here is a response.","Hey Bennie, we understand. Sometimes content gets temporarily removed because of licensing changes. Hopefully we'll have it available again soon! We're here for you /TI",0
825590,@115888 better upload @316629 #BeautifulTrauma album on TIME tonight else I'm switching to @115948  😌,825588,@316628 Hi there! What country is your account set to? We'll take a look backstage /AK,better upload #BeautifulTrauma album on TIME tonight else I'm switching to 😌,Hi there! What country is your account set to? We'll take a look backstage /AK,4
2674435,@SpotifyCares How to change the language of mail I get?,2674433,@131457 Hey! Can you give us some more info? We'll be happy to help out /BD,How to change the language of mail I get?,Hey! Can you give us some more info? We'll be happy to help out /BD,0
2105361,It would be nice if @115888 would let me log into my new phone but nope it’s frozen.,2105360,"@621443 Hey Risa, help's here. Could you fire over your account's email address or username via DM? We'll take a look under the hood /AY https://t.co/ldFdZRiNAt",It would be nice if would let me log into my new phone but nope it’s frozen.,"Hey Risa, help's here. Could you fire over your account's email address or username via DM? We'll take a look under the hood /AY",5
2571082,Hey @115888 @SpotifyCares - what happened to this? Never heard back. https://t.co/OwTOexvjQn,2571081,@389449 We’re sorry to hear that. Check out https://t.co/QHn3ok8y2n for what to do next /DF,Hey - what happened to this? Never heard back.,We’re sorry to hear that. Check out for what to do next /DF,0
1224226,@SpotifyCares Thank you so much me and the whole TLC army is looking forward to stream left eyes music and keep her memory alive,1224227,"@407204 We perfectly understand. Don't worry, we'll be here if there's anything else that we can help you with. https://t.co/uEkAlnxbzn 😉 /CH",Thank you so much me and the whole TLC army is looking forward to stream left eyes music and keep her memory alive,"We perfectly understand. Don't worry, we'll be here if there's anything else that we can help you with. 😉 /CH",3
1571912,@SpotifyCares Help! I can't login to my account. Says I can only use it abroad for 14 days... but I will be staying here for a year.,1571911,@484611 Hey! We've just sent you a bit more info over DM. We'll carry on helping out there /NY,Help! I can't login to my account. Says I can only use it abroad for 14 days... but I will be staying here for a year.,Hey! We've just sent you a bit more info over DM. We'll carry on helping out there /NY,7
450065,Lost another song from @115888 today just the dumbest shortcut I've ever seen swiping left to remove a song while the same gesture is used to skip a song in album view,450064,"@221677 Hey Tommy! Sorry to hear this. Can you tell us what device, operating system, and Spotify version you're using? We'll see what we can suggest /CH",Lost another song from today just the dumbest shortcut I've ever seen swiping left to remove a song while the same gesture is used to skip a song in album view,"Hey Tommy! Sorry to hear this. Can you tell us what device, operating system, and Spotify version you're using? We'll see what we can suggest /CH",6
508838,@SpotifyCares (One previous thread here https://t.co/hoQejA4HyW),508839,"@236869 Thanks. Can you try restarting your device, then log out and back in? Does that help? /AU",(One previous thread here,"Thanks. Can you try restarting your device, then log out and back in? Does that help? /AU",0
350823,@SpotifyCares I cannot access my account. It won't let me reset my password because it is linked to FB and won't log-in with FB (errors!),350822,@199467 Hey! We've just sent a DM your way. Check it out /NY,I cannot access my account. It won't let me reset my password because it is linked to FB and won't log-in with FB (errors!),Hey! We've just sent a DM your way. Check it out /NY,6
2917861,@115888 Is your service currently offline?,2917860,"@807640 Hi there, thanks for bearing with us. Spotify should be working perfectly again! /CE",Is your service currently offline?,"Hi there, thanks for bearing with us. Spotify should be working perfectly again! /CE",0
2564276,I haven't had a Twitter in years and I made this one specifically to get your attention @7997 @SpotifyCares @115888 PLEASE CONSIDER ME FOR YOUR HR TRAINEE PROGRAM!!! I will tweet at you every day if I have to!! I want this opportunity SO badly! What do I have to do?! https://t.co/oeO1JQbk6J,2564275,"@727608 Hi Ellyn. For more information, we'd recommend checking out: https://t.co/81lRGEkMyg. Good luck! /WW",I haven't had a Twitter in years and I made this one specifically to get your attention PLEASE CONSIDER ME FOR YOUR HR TRAINEE PROGRAM!!! I will tweet at you every day if I have to!! I want this opportunity SO badly! What do I have to do?!,"Hi Ellyn. For more information, we'd recommend checking out: Good luck! /WW",0
1431572,spotify is so confusing,1431571,@452426 Hey! We've sent a DM your way. Check it out and let us know if you have any questions 🙂 /L,spotify is so confusing,Hey! We've sent a DM your way. Check it out and let us know if you have any questions 🙂 /L,2
1383420,"@SpotifyCares I have an iPhone 6s, and I’m running premium version 8.4.22.515",1383418,"@441957 Thanks. Is this happening over WiFi, 3G/4G, or both? Have you tried using a different device as well? /RE","I have an iPhone 6s, and I’m running premium version 8.4.22.515","Thanks. Is this happening over WiFi, 3G/4G, or both? Have you tried using a different device as well? /RE",7
397112,"@SpotifyCares Just tried with an incognito and logs into the same issue, it's still stuck on southern comfort ad forever 😂, thanks for keeping up w/ this",397113,"@210049 Sure, we're always here to help! If possible, can you check if the same thing happens when accessing https://t.co/aT5o0wcN4V on Firefox? /JE","Just tried with an incognito and logs into the same issue, it's still stuck on southern comfort ad forever 😂, thanks for keeping up w/ this","Sure, we're always here to help! If possible, can you check if the same thing happens when accessing on Firefox? /JE",8
1031630,Hi @118266 gimana ya cara mengembalikan lagu yg ga sengaja ter-remove dari daily mix?,1031629,"@364106 Hey there! We can help out in English via Twitter, but we also have Indonesian support via email at https://t.co/ZgU70TbP8M /AP",Hi gimana ya cara mengembalikan lagu yg ga sengaja ter-remove dari daily mix?,"Hey there! We can help out in English via Twitter, but we also have Indonesian support via email at /AP",5
485507,@SpotifyCares I can't log into my account and password reset tokens are broken. Help! Username: 99CENTSPECIAL,485506,"@230507 Hey Janelle, help's here! Does logging out &gt; restarting the device &gt; logging back in help? Keep us in the loop /JX",I can't log into my account and password reset tokens are broken. Help! Username: 99CENTSPECIAL,"Hey Janelle, help's here! Does logging out > restarting the device > logging back in help? Keep us in the loop /JX",9
1007945,@SpotifyCares I’m currently using 8.4.22,1007944,"@358513 Thanks. Just to check, are you getting any error messages? A screenshot of it will be handy. We'll take a look /NY",I’m currently using 8.4.22,"Thanks. Just to check, are you getting any error messages? A screenshot of it will be handy. We'll take a look /NY",0
2028677,Please explain yourself!! @115888 why is this happening 😢 https://t.co/sLV9qZjs4N,2028675,@599922 Hey Melissa! Can you send us the Song Link? Just tap the three dots &gt; Share &gt; Copy Link. What country is your account set to? /LS,Please explain yourself!! why is this happening 😢,Hey Melissa! Can you send us the Song Link? Just tap the three dots > Share > Copy Link. What country is your account set to? /LS,0
319561,@115888 @32611 Nothing. Why is The Lamb Lies down on Broadway not on #Spotify ? #Genesis,319560,"@192190 Hey! Fingers crossed we'll be able to have it available to you soon, but there's info about Spotify content at https://t.co/0i8GpimuDa /LP",Nothing. Why is The Lamb Lies down on Broadway not on #Spotify ? #Genesis,"Hey! Fingers crossed we'll be able to have it available to you soon, but there's info about Spotify content at /LP",2
736033,"@SpotifyCares Device - Alcatel One Touch Pixi 4
Android - 6.0.1
App version - 8.4.24.871",736034,"@215730 Got it. Just to check, have you tried logging out, restarting your device, then logging back in? /PB",Device - Alcatel One Touch Pixi 4 Android - 6.0.1 App version - 8.4.24.871,"Got it. Just to check, have you tried logging out, restarting your device, then logging back in? /PB",0
1798676,@SpotifyCares It does meet all requirements. I’ve used a prepaid card many times previously. Not sure why they are suddenly not being accepted?,1798678,@540453 No worries! Could you DM us your Spotify account's email address? We'll take a look under the hood /BH https://t.co/ldFdZRiNAt,It does meet all requirements. I’ve used a prepaid card many times previously. Not sure why they are suddenly not being accepted?,No worries! Could you DM us your Spotify account's email address? We'll take a look under the hood /BH,0
1981467,"@115888 Hey love the service, Premium is real nice too. But why is the @127972 app sub par? I would love to have my playlist to enjoy.",1981466,@586527 Hi Dan! Thanks for your feedback. We have some info about the Spotify app on Roku here: https://t.co/titMn0j3Im. We hope this helps /LP,"Hey love the service, Premium is real nice too. But why is the app sub par? I would love to have my playlist to enjoy.",Hi Dan! Thanks for your feedback. We have some info about the Spotify app on Roku here: We hope this helps /LP,0
1833538,@125633 Do you have lots of art inventory that needs a new loving home? Artists apply at https://t.co/mZpiETOMH1.,1833537,@550022 Hey there! Our friends at Artist Services would be able to better assist you. You can contact them here: https://t.co/3j9HWSEG0s /KP,Do you have lots of art inventory that needs a new loving home? Artists apply at,Hey there! Our friends at Artist Services would be able to better assist you. You can contact them here: /KP,0
1027814,"@SpotifyCares @44009 I know that. I guess that's a bit of a security flaw then. If you know which port does Connect use, I'd be thankful if you let me know.",1027813,@363229 2: You can also suggest it in our Community at https://t.co/rtDvYZOF32 and get support from other users /AU,"I know that. I guess that's a bit of a security flaw then. If you know which port does Connect use, I'd be thankful if you let me know.",2: You can also suggest it in our Community at and get support from other users /AU,0
788619,"@SpotifyCares It's like it goes away for a while, but then comes back eventually.",788618,"@308058 Hmm, that's odd. How long has this been happening? Does logging out &gt; restarting the device &gt; logging back in help? Keep us posted /TD","It's like it goes away for a while, but then comes back eventually.","Hmm, that's odd. How long has this been happening? Does logging out > restarting the device > logging back in help? Keep us posted /TD",0
1648657,@SpotifyCares i️ signed up for hulu + spotify student discount. spotify took out $4.99 as agreed but hulu took their full portion out. did i️ miss a step?,1648659,@486619 Can you DM us your account's email address or username? We'll take a look backstage /RH https://t.co/ldFdZRiNAt,i️ signed up for hulu + spotify student discount. spotify took out $4.99 as agreed but hulu took their full portion out. did i️ miss a step?,Can you DM us your account's email address or username? We'll take a look backstage /RH,2
572681,@SpotifyCares really can’t remember the username or email address I used to set up my account and the free trial ends soon 😭😭😭 how do I cancel/delete the account pls,572679,@254568 Hey there! Can you DM us any usernames or email addresses you might've used? We'll take a look backstage /AP https://t.co/ldFdZRiNAt,really can’t remember the username or email address I used to set up my account and the free trial ends soon 😭😭😭 how do I cancel/delete the account pls,Hey there! Can you DM us any usernames or email addresses you might've used? We'll take a look backstage /AP,9
2584514,@SpotifyCares when are you gonna update to support iphone x? Top music app and you havent done that yet,2584513,@732387 Hey Joe! We understand - we’re working on it as we speak. Stay tuned /CG,when are you gonna update to support iphone x? Top music app and you havent done that yet,Hey Joe! We understand - we’re working on it as we speak. Stay tuned /CG,5
2017302,@SpotifyCares is there a way to message a song to somebody within the mobile app?,2017303,"@596576 2: https://t.co/4ihi7Tselj. Don't worry, we'll pass on your feedback to the right team. Drop us a tweet if anything else comes up /MT",is there a way to message a song to somebody within the mobile app?,"2: Don't worry, we'll pass on your feedback to the right team. Drop us a tweet if anything else comes up /MT",6
448834,"@SpotifyCares Yeah, they marked it “not right now” 😕",448837,@221335 We're always aiming to improve the overall Spotify experience. Fingers crossed you'll see it in one of the future updates /PB,"Yeah, they marked it “not right now” 😕",We're always aiming to improve the overall Spotify experience. Fingers crossed you'll see it in one of the future updates /PB,0
2854415,"Wooo, @SpotifyCares ... see you in Mar 2018 XD 

This is gold. https://t.co/8DovoKJHMm",2854414,"@636641 Hey there, glad you enjoyed the tunes. We hope https://t.co/RQdHairprI the love of music forever! Horns up, fellow Charger 😉 /WW","Wooo, ... see you in Mar 2018 XD This is gold.","Hey there, glad you enjoyed the tunes. We hope the love of music forever! Horns up, fellow Charger 😉 /WW",0
2912390,"@115888 Can I request that you give us the option to search through all of our saved songs by genre? I have 1,263 songs and it’s a hassle to try to go through each one just to make a playlist dedicated to a specific genre. Thanks!",2912389,"@806207 Hey there, nice idea! We can see how that’d be handy. Thanks for taking the time to reach out – your feedback's been noted and passed on to the right team 📝 /DQ","Can I request that you give us the option to search through all of our saved songs by genre? I have 1,263 songs and it’s a hassle to try to go through each one just to make a playlist dedicated to a specific genre. Thanks!","Hey there, nice idea! We can see how that’d be handy. Thanks for taking the time to reach out – your feedback's been noted and passed on to the right team 📝 /DQ",8
1133684,"@SpotifyCares hi, any updates about the official app for Apple Watch?",1133683,@387128 Hey! Check out the official idea and add your vote to let our devs know it's something you'd like to see: https://t.co/SEK4E4gi22 /RV,"hi, any updates about the official app for Apple Watch?",Hey! Check out the official idea and add your vote to let our devs know it's something you'd like to see: /RV,5
1400078,I wanna know why @115888 @117168 is charging me $10+ for my STUDENT account?,1400077,@445545 Hey there! Could you DM us your account's username and email address? We'll take a look backstage /DF https://t.co/ldFdZRiNAt,I wanna know why is charging me $10+ for my STUDENT account?,Hey there! Could you DM us your account's username and email address? We'll take a look backstage /DF,9
1891248,"@SpotifyCares @115888   Hi there
You got 2 bands mixed. There is Russian Hi-Fi and Polish Hi-Fi. Their songs are mixed, listening is ruined",1891246,@563987 Hey! Can you send over the URIs of the artist pages and the albums that should be on a separate page? We'll take a look /NQ,"Hi there You got 2 bands mixed. There is Russian Hi-Fi and Polish Hi-Fi. Their songs are mixed, listening is ruined",Hey! Can you send over the URIs of the artist pages and the albums that should be on a separate page? We'll take a look /NQ,5
413721,"Hi @118266, do I really have to continue my subscription? I guess am having good network but ""Unnable to connect"" ALWAYS appear https://t.co/miAYvzNTG6",413720,"@213717 Hey, help's here! Could you send us a DM with your account's email address or username? We'll take a look backstage /CO https://t.co/ldFdZRiNAt","Hi , do I really have to continue my subscription? I guess am having good network but ""Unnable to connect"" ALWAYS appear","Hey, help's here! Could you send us a DM with your account's email address or username? We'll take a look backstage /CO",0
187519,"@SpotifyCares It was probably a bug or some cache issues, I got it to work now, thanks!",187518,@160013 Awesome! Glad to hear it's now working. Just let us know if we can help with anything else. https://t.co/m4HWSaZ6xp /PL,"It was probably a bug or some cache issues, I got it to work now, thanks!",Awesome! Glad to hear it's now working. Just let us know if we can help with anything else. /PL,8
387705,"@SpotifyCares I don't, that's the problem. It was a concert recording and a selection of her songs. Bit of a long shot but feeling hopeful!",387704,@207768 2: don't miss out in the future. Give us a shout if you need help with anything else; we're always here to help /RC,"I don't, that's the problem. It was a concert recording and a selection of her songs. Bit of a long shot but feeling hopeful!",2: don't miss out in the future. Give us a shout if you need help with anything else; we're always here to help /RC,0
2557550,"@SpotifyCares so you get a 30 day trial for individual, but not for family plan?  I just signed up and see I was charged for family plan",2557549,@726098 Hey Mike! Could you DM us your account's email address? We'll take a look backstage /AU https://t.co/ldFdZRiNAt,"so you get a 30 day trial for individual, but not for family plan? I just signed up and see I was charged for family plan",Hey Mike! Could you DM us your account's email address? We'll take a look backstage /AU,1
1874505,".@115888 hi, I love you but your @127972 app is garbage. Why can't I access my playlists? Why are some artists not even searchable? 😕",1874504,@559599 Hi Adam. We have some info about the Spotify app on Roku here: https://t.co/titMn0j3Im. Give us a shout if you need anything else /NY,". hi, I love you but your app is garbage. Why can't I access my playlists? Why are some artists not even searchable? 😕",Hi Adam. We have some info about the Spotify app on Roku here: Give us a shout if you need anything else /NY,5
1057537,"@SpotifyCares it happens when i create a radio playlist from a song, and also in my weekly suggestions [discover weekly etc]",1057539,"@369703 Your Discover Weekly should improve as it gets to know you. Keep adding your fav tracks to Your Library/playlists, and keep us posted 🙂 /C","it happens when i create a radio playlist from a song, and also in my weekly suggestions [discover weekly etc]","Your Discover Weekly should improve as it gets to know you. Keep adding your fav tracks to Your Library/playlists, and keep us posted 🙂 /C",6
1910227,@SpotifyCares Hi! Was just billed for a subscription I haven’t ordered. Wondering why you don’t send out emails when there’s made a change?,1910226,@569073 Hey Kristine! Help's here. Could you DM us your account's username or email address? We'll take a look backstage /TM https://t.co/ldFdZRiNAt,Hi! Was just billed for a subscription I haven’t ordered. Wondering why you don’t send out emails when there’s made a change?,Hey Kristine! Help's here. Could you DM us your account's username or email address? We'll take a look backstage /TM,0
2525587,.@SpotifyCares should alter their qualification for colleges to include schools like @98015. https://t.co/Tg8Ss4AOl4,2525585,@526683 Hey there! We’re afraid the student discount isn’t currently available in non-Title IV schools. We’re working on it and hope to have it available soon /LO,. should alter their qualification for colleges to include schools like .,Hey there! We’re afraid the student discount isn’t currently available in non-Title IV schools. We’re working on it and hope to have it available soon /LO,0
2665988,As if nattergal by Gabrielle still isn’t on Spotify yet @115888 fix this pls,2665987,"@751104 Fingers crossed we'll be able to have it to you soon, but there's info about Spotify content here: https://t.co/0i8GpimuDa /KM",As if nattergal by Gabrielle still isn’t on Spotify yet fix this pls,"Fingers crossed we'll be able to have it to you soon, but there's info about Spotify content here: /KM",2
2272738,"@SpotifyCares English is fine! I have spotify premium but i would like that student discount, how do I change that?",2272736,@661139 We'd love to help out. Can you DM us your account's username or email address? We'll see what we can suggest /MU https://t.co/ldFdZRiNAt,"English is fine! I have spotify premium but i would like that student discount, how do I change that?",We'd love to help out. Can you DM us your account's username or email address? We'll see what we can suggest /MU,2
980159,@SpotifyCares @352401 Do you really care?,980162,"@131888 Hey! We do care. Not to worry, we're passing on all feedback about this. We'll make sure to keep everybody posted for updates /RC",Do you really care?,"Hey! We do care. Not to worry, we're passing on all feedback about this. We'll make sure to keep everybody posted for updates /RC",0
1957002,@115888 I have a premium account and need the Foo Fighters presale code for the July shows at MSG.  I didnot get email,1957000,@580724 Hey! Pre-sale codes are being sent out by email to some of the Foo Fighter's biggest fans on Spotify. Hopefully you're one of them /DF,I have a premium account and need the Foo Fighters presale code for the July shows at MSG. I didnot get email,Hey! Pre-sale codes are being sent out by email to some of the Foo Fighter's biggest fans on Spotify. Hopefully you're one of them /DF,9
1993469,@SpotifyCares Is there an Apple Watch app being developed atm? Could you just release a statement on this. It's been 3 years now,1993468,"@589961 Hi Marcus! We don't have any info to share right now, but we'll let the right team know it's something you'd like to see /KL",Is there an Apple Watch app being developed atm? Could you just release a statement on this. It's been 3 years now,"Hi Marcus! We don't have any info to share right now, but we'll let the right team know it's something you'd like to see /KL",0
282006,@SpotifyCares Yes I can see these and play the little previews,282007,"@183182 Got it. Can you try logging out of Spotify, restarting your device, and logging back in to see if that helps? /NY",Yes I can see these and play the little previews,"Got it. Can you try logging out of Spotify, restarting your device, and logging back in to see if that helps? /NY",6
832968,@115888 why is there a limit to how many songs I can save like there aren't new songs coming out everyday? I still like my old songs too tf https://t.co/FFCcV0vTDN,832966,"@318382 Hey Remound! How many tracks would you say you have in Songs (roughly)? e.g. 100, 1000, 5000, or more? /AR",why is there a limit to how many songs I can save like there aren't new songs coming out everyday? I still like my old songs too tf,"Hey Remound! How many tracks would you say you have in Songs (roughly)? e.g. 100, 1000, 5000, or more? /AR",0
2313470,just discovered that your daily mixes repeat if you listen for more than like... 40 minutes. fix it @115888 @SpotifyCares,2313469,"@670859 Hey, thanks for the feedback. The amount of mixes you’re served up depends on the amount and diversity of your listening history /NQ",just discovered that your daily mixes repeat if you listen for more than like... 40 minutes. fix it,"Hey, thanks for the feedback. The amount of mixes you’re served up depends on the amount and diversity of your listening history /NQ",0
1896361,@115888 can you please tell me why you are charging me twice?,1896360,"@565221 Hey Stacey, that doesn't sound right. Can you DM us your account's username and email address? We'll take a look backstage /SY https://t.co/ldFdZRiNAt",can you please tell me why you are charging me twice?,"Hey Stacey, that doesn't sound right. Can you DM us your account's username and email address? We'll take a look backstage /SY",0
318318,So far not so good @115888 ... can't play my own music... :( trying to make a playlist... but no song is available in Spotify :( .... HAAA,318316,@191952 We've just sent you a bit more info over DM. We'll carry on helping out there /MU,So far not so good ... can't play my own music... :( trying to make a playlist... but no song is available in Spotify :( .... HAAA,We've just sent you a bit more info over DM. We'll carry on helping out there /MU,6
492375,Hey @115888 @116130! Who do I need to talk to about submitting a playlist or two for the masses to check out???,492374,"@232356 Hey Brian, great question! Our Curation team are independent &amp; use taste, data, research, and trends to create playlists, but we'll let our team know that this is something you'd be interested in having the opportunity to do 🙂 /TB",Hey ! Who do I need to talk to about submitting a playlist or two for the masses to check out???,"Hey Brian, great question! Our Curation team are independent & use taste, data, research, and trends to create playlists, but we'll let our team know that this is something you'd be interested in having the opportunity to do 🙂 /TB",0
1206327,@SpotifyCares I paid for 12 months premium 4 days ago and it was working perfectly until now. It has now completely stopped!,1206326,@403291 Hey! We've just sent a DM your way. Check your Messages /MV,I paid for 12 months premium 4 days ago and it was working perfectly until now. It has now completely stopped!,Hey! We've just sent a DM your way. Check your Messages /MV,7
1761616,"@116130 @115888 I sent you a DM regarding my subscription, can you please reply",1761617,"@273702 1: Hey, help's here! We can't seem to find the DM you sent. Can you give it another go? If you can also include your account's email...","I sent you a DM regarding my subscription, can you please reply","1: Hey, help's here! We can't seem to find the DM you sent. Can you give it another go? If you can also include your account's email...",0
2776163,@SpotifyCares Done. Although I got a feeling you guys be coming to India pretty soon *fingers crossed* :),2776165,"@775707 We'll be sure to keep everyone updated! In the meantime, let us know if we could help with anything else /AR",Done. Although I got a feeling you guys be coming to India pretty soon *fingers crossed* :),"We'll be sure to keep everyone updated! In the meantime, let us know if we could help with anything else /AR",0
2783489,@SpotifyCares trying to get premium for 99p but your page says this https://t.co/fBnWaspwI4,2783488,@777242 Hey Tomas! Can you DM us your account's email address? We'll take a look backstage /LD https://t.co/ldFdZRiNAt,trying to get premium for 99p but your page says this,Hey Tomas! Can you DM us your account's email address? We'll take a look backstage /LD,7
1070389,@SpotifyCares please check your direct messages ASAP. I have an issue with Spotify.,1070388,@372579 Hey there! We've just sent a DM your way. Let's carry on chatting there /ME,please check your direct messages ASAP. I have an issue with Spotify.,Hey there! We've just sent a DM your way. Let's carry on chatting there /ME,2
1023310,"@SpotifyCares just got booted off while listening, taken to the login page, but when I try to long in I get the ""Oops! Something went wrong""",1023308,"@264487 Hey, help's here! Can you DM us your account's username and email address? We'll check it out 🔍 /TR https://t.co/ldFdZRiNAt","just got booted off while listening, taken to the login page, but when I try to long in I get the ""Oops! Something went wrong""","Hey, help's here! Can you DM us your account's username and email address? We'll check it out 🔍 /TR",0
1953143,Hey @115888 where is It’s So Easy?! It’s not on Live Era either!! 😡@13582 https://t.co/5NwxaplSn2,1953142,@579899 @73967 Hey! Sometimes content gets temporarily removed because of licensing changes. Hopefully we'll have it available again soon /DF,Hey where is It’s So Easy?! It’s not on Live Era either!! 😡,Hey! Sometimes content gets temporarily removed because of licensing changes. Hopefully we'll have it available again soon /DF,0
2504252,"@115888 as far as I can tell updating to latest IOS version of Spotify just removed almost all my locally saved content, is this normal?",2504251,"@714190 Hi Jonathan, help's here! Can you DM us your account's email address? We'll take a look backstage /DV https://t.co/ldFdZRiNAt","as far as I can tell updating to latest IOS version of Spotify just removed almost all my locally saved content, is this normal?","Hi Jonathan, help's here! Can you DM us your account's email address? We'll take a look backstage /DV",0
353697,@200080 I’ve submitted it twice @spotifycares,353696,@200079 1: Hey there! The team review all podcast submissions and will notify those who are approved. /Q,I’ve submitted it twice,1: Hey there! The team review all podcast submissions and will notify those who are approved. /Q,0
1772420,@SpotifyCares can we have a save button on the ios lockscreen widget?,1772419,"@532715 We hear you! To help make it happen, we’d recommend showing your support for the idea here: https://t.co/iej5KTSVRI /LO",can we have a save button on the ios lockscreen widget?,"We hear you! To help make it happen, we’d recommend showing your support for the idea here: /LO",0
2041148,"@SpotifyCares Hi there, thanks for the link. There is a LOT of noise about this from your users. I hope you all are taking this seriously as a priority. Alexa is the number one way I consume Spotify and if you don't fix it soon I will have to switch to Amazon Music.",2041150,"@603518 Rest assured, your feedback has been noted and passed onto the team. If there's anything else, just let us know 🙂 /AU","Hi there, thanks for the link. There is a LOT of noise about this from your users. I hope you all are taking this seriously as a priority. Alexa is the number one way I consume Spotify and if you don't fix it soon I will have to switch to Amazon Music.","Rest assured, your feedback has been noted and passed onto the team. If there's anything else, just let us know 🙂 /AU",5
2438673,"@SpotifyCares iPhone 6+, latest updates include software/apps.",2438672,@513598 2: any cache-clearing apps on your device. We'd also suggest to always keep the app updated /NS,"iPhone 6+, latest updates include software/apps.",2: any cache-clearing apps on your device. We'd also suggest to always keep the app updated /NS,0
2096105,Thanks @SpotifyCares missing my daughter on her 8th birthday heartbroken &amp; this is the best thing I've heard today.😂 https://t.co/WVFwpYpgBs,2096104,@619256 Enjoy the music! Feel free to send a tweet our way if you ever need any help with anything. We'll be... https://t.co/AiEGsVLjXp /MX,Thanks missing my daughter on her 8th birthday heartbroken & this is the best thing I've heard today.😂,Enjoy the music! Feel free to send a tweet our way if you ever need any help with anything. We'll be... /MX,8
1353059,@SpotifyCares Having problems with offline mode on my Honor 7. When I use my SD card for storage after every restart all downloads are gone!,1353058,"@435557 Hi there. Can you let us know what Android and Spotify version are you running? Also, how much space do you have left on your SD card? /LM",Having problems with offline mode on my Honor 7. When I use my SD card for storage after every restart all downloads are gone!,"Hi there. Can you let us know what Android and Spotify version are you running? Also, how much space do you have left on your SD card? /LM",0
1776744,@SpotifyCares I have no clue I just played my song and as soon as it finished it wouldn’t go to ththe next song and the playlist just ended,1776745,"@533905 Got it. Does logging out, restarting your device, and logging back in help at all? Let us know how that goes /TF",I have no clue I just played my song and as soon as it finished it wouldn’t go to ththe next song and the playlist just ended,"Got it. Does logging out, restarting your device, and logging back in help at all? Let us know how that goes /TF",6
2292749,@SpotifyCares do you have any idea when #reputation will be available to stream? 😊,2292748,"@653053 We're afraid we don't have any additional info to share. Not to worry, we'll have it available to you as soon as it's available to us /RA",do you have any idea when #reputation will be available to stream? 😊,"We're afraid we don't have any additional info to share. Not to worry, we'll have it available to you as soon as it's available to us /RA",0
568977,"@SpotifyCares Great, thank you. I’m on an iPhone with iOS 11, but I think this has been a problem across multiple devices and operating systems since I’ve started using Spotify.",568979,"@253503 Thanks! Can you check out this page and see if it helps: https://t.co/myAf3mlgcv? If it doesn't, get back to us. We'll see what else we can suggest /QI","Great, thank you. I’m on an iPhone with iOS 11, but I think this has been a problem across multiple devices and operating systems since I’ve started using Spotify.","Thanks! Can you check out this page and see if it helps: If it doesn't, get back to us. We'll see what else we can suggest /QI",3
2158541,@SpotifyCares Sent in proof of my Student Enrollment on Sat 11/4. Said it would take an hr and still haven’t heard back 🤔 Just wanna start streamin’! 😭😭,2158540,"@355336 Hey Danilo, help's here! Can you DM us your account's email address? We'll check backstage /MO https://t.co/ldFdZRiNAt",Sent in proof of my Student Enrollment on Sat 11/4. Said it would take an hr and still haven’t heard back 🤔 Just wanna start streamin’! 😭😭,"Hey Danilo, help's here! Can you DM us your account's email address? We'll check backstage /MO",0
1898254,@117168 how do I block a boogie and the other clown that jumped @15387 from playing on my shit? We done condone that fuckery,1898253,"@565739 Hey Travy! This isn't possible right now, but you can show your support for the idea on our Community: https://t.co/oGDLtirXki /ND",how do I block a boogie and the other clown that jumped from playing on my shit? We done condone that fuckery,"Hey Travy! This isn't possible right now, but you can show your support for the idea on our Community: /ND",0
510523,"@SpotifyCares You sent me a deal for $99 for the year, I agree to it and go to your website and you won't let me do ir?  What's with that?",510522,"@237292 Hey Georgia, help's here! Can you DM us your account's username and email address? We'll take a look backstage /JX https://t.co/ldFdZRiNAt","You sent me a deal for $99 for the year, I agree to it and go to your website and you won't let me do ir? What's with that?","Hey Georgia, help's here! Can you DM us your account's username and email address? We'll take a look backstage /JX",6
2246032,@115888 yo this has been on my mind for a few years and it finally got to my last nerve why is only censored rodeo on Spotify or is this a problem I should address with @19279 ?,2246031,@654599 Hey! Spotify doesn’t censor music – we make it available in whatever form it’s given to us. More info here: https://t.co/8oSIltuHIG /LM,yo this has been on my mind for a few years and it finally got to my last nerve why is only censored rodeo on Spotify or is this a problem I should address with ?,Hey! Spotify doesn’t censor music – we make it available in whatever form it’s given to us. More info here: /LM,2
1859985,@SpotifyCares Is this a common issue you're having? It's hard to find any recent cases of specific artists being blocked to individuals.,1859984,"@556054 Don't worry, we'll look into this. Does this happen with any other artists? If not, can you DM us your account's email address? /DV https://t.co/ldFdZRiNAt",Is this a common issue you're having? It's hard to find any recent cases of specific artists being blocked to individuals.,"Don't worry, we'll look into this. Does this happen with any other artists? If not, can you DM us your account's email address? /DV",0
1676582,@SpotifyCares We've been voting for 29 years nothing gets done,1676585,"@477814 We understand. We currently don't have any more info on this yet, but we'll let the right team know it's something you'd like to have /HR",We've been voting for 29 years nothing gets done,"We understand. We currently don't have any more info on this yet, but we'll let the right team know it's something you'd like to have /HR",0
1970010,@SpotifyCares it legit only happens when I listen to 21 savage's issa album. sometimes the album refuses to play. This is on mobile btw.,1970008,"@583591 Alright. What device, OS, and Spotify version are you running? Also, are seeing any specific error messages when trying to play a track? /LM",it legit only happens when I listen to 21 savage's issa album. sometimes the album refuses to play. This is on mobile btw.,"Alright. What device, OS, and Spotify version are you running? Also, are seeing any specific error messages when trying to play a track? /LM",4
110111,no offence @115888 but removing the message feature was your worst mistake x,110109,"@140447 Hey there! We hear you loud and clear. Rest assured, your feedback will be passed on to the right folks /JI",no offence but removing the message feature was your worst mistake x,"Hey there! We hear you loud and clear. Rest assured, your feedback will be passed on to the right folks /JI",5
1857577,"@SpotifyCares On my phone, it doesn’t say anything but on my Mac, this pops up. https://t.co/mJKb7ifKtE",1857578,@555500 Got it! Can you try if logging out &gt; restarting your devices &gt; logging back in help? Keep us posted /PL,"On my phone, it doesn’t say anything but on my Mac, this pops up.",Got it! Can you try if logging out > restarting your devices > logging back in help? Keep us posted /PL,5
856701,"Hi @SpotifyCares. I can't remember my address, how can I check it?",856700,@323449 Hey there! Can you DM us your account's username and email address? We'll see what we can suggest /TF,"Hi . I can't remember my address, how can I check it?",Hey there! Can you DM us your account's username and email address? We'll see what we can suggest /TF,9
1991801,"@115888 hi, you charged me five extra dollars this month although I am on the student plan! I want my refund!",1991800,@190926 Hey Ahmad! Could you send us a DM with your account's email address or username? We'll take a look backstage /LO https://t.co/ldFdZRiNAt,"hi, you charged me five extra dollars this month although I am on the student plan! I want my refund!",Hey Ahmad! Could you send us a DM with your account's email address or username? We'll take a look backstage /LO,1
1167960,@115888 why does ur app never work !!!!!!!!!!,1167959,"@394723 Hey Dayna! Could you send us some details about what's happening, along with any error messages you're seeing? We'll keep an eye out /MQ",why does ur app never work !!!!!!!!!!,"Hey Dayna! Could you send us some details about what's happening, along with any error messages you're seeing? We'll keep an eye out /MQ",6
2912423,"@SpotifyCares I’ve also restarted my phone, the app and my internet to no avail. And now it looks like the Web Player version is affected too.",2912421,@806216 Hey Danny! Thanks for letting us know. Everything’s looking good on our end now - are you still having this issue? /LP,"I’ve also restarted my phone, the app and my internet to no avail. And now it looks like the Web Player version is affected too.",Hey Danny! Thanks for letting us know. Everything’s looking good on our end now - are you still having this issue? /LP,5
639966,@115888 Why don't you have Blessed by @29428 or Maria I'm Drunk by @19279? I'm quite unhappy at this point in time and would like an explanation.,639965,"@271810 Hi Aaron! Sometimes, content is temporarily removed because of licensing changes. Hopefully, we'll have it available again soon. There's more info here: https://t.co/VE7KvznUs9 /JI",Why don't you have Blessed by or Maria I'm Drunk by ? I'm quite unhappy at this point in time and would like an explanation.,"Hi Aaron! Sometimes, content is temporarily removed because of licensing changes. Hopefully, we'll have it available again soon. There's more info here: /JI",0
338718,"@SpotifyCares Hello I was just wondering why the album ""The Noise"" by XO records was taken down?",338717,@196860 Sometimes content gets temporarily removed because of licensing changes. Hopefully we'll have it available again soon! /SU,"Hello I was just wondering why the album ""The Noise"" by XO records was taken down?",Sometimes content gets temporarily removed because of licensing changes. Hopefully we'll have it available again soon! /SU,4
2293864,@SpotifyCares Also those options aren't there https://t.co/qcXv5Blr09,2293866,@318787 2: bar that appears right above the playlist cover /NQ,Also those options aren't there,2: bar that appears right above the playlist cover /NQ,0
664027,"@115888 please include: Uff - Arrivederci mi amor, great song it is a must for all music lovers.",664026,@278250 Hey there! Can you DM us your account's email address? We'll  take a look backstage /RB https://t.co/ldFdZRiNAt,"please include: Uff - Arrivederci mi amor, great song it is a must for all music lovers.",Hey there! Can you DM us your account's email address? We'll take a look backstage /RB,6
2734605,@SpotifyCares Thank you ☺️Love your services!,2734607,@766423 You're welcome! Give us a shout if you need anything else. We're... https://t.co/fgy8YvXib9 /SJ,Thank you ☺️Love your services!,You're welcome! Give us a shout if you need anything else. We're... /SJ,3
1062559,"@SpotifyCares the app is: difficult to navigate, clunky, doesn’t even sort of mirror spotify for web/mobile/etc., doesn’t give options + my playlists.",1062561,@370894 Got it. We have some info about the Spotify app on Roku here: https://t.co/titMn0j3Im. Give us a shout if there's anything else /MG,"the app is: difficult to navigate, clunky, doesn’t even sort of mirror spotify for web/mobile/etc., doesn’t give options + my playlists.",Got it. We have some info about the Spotify app on Roku here: Give us a shout if there's anything else /MG,2
2733015,"Why does the @115888 app feel compelled to delete all 2,556 of my downloaded songs every two months? (iOS)  @SpotifyCares",2733014,@766068 Sorry to hear that! Check out the steps under “Downloads unexpectedly removed” at https://t.co/38J7tFlIBF. They should help with this /DF,"Why does the app feel compelled to delete all 2,556 of my downloaded songs every two months? (iOS)",Sorry to hear that! Check out the steps under “Downloads unexpectedly removed” at They should help with this /DF,0
